,name,price,type,용량 또는 중량,제품 주요 사양,사용기한 또는 개봉 후 사용기간,사용방법,화장품제조업자 및 화장품책임판매업자,제조국,화장품법에 따라 기재·표시하여야 하는 모든 성분,기능성 화장품의 경우 화장품법에 따른 식품의약품안전처 심사필 유무,사용할 때 주의사항,품질보증기준,소비자상담관련 전화번호,품명 및 모델명,"법에 의한 인증, 허가 등을 받았음을 확인할 수 있는 경우 그에 대한 사항",제조사,A/S 책임자와 전화번호 또는 소비자상담 관련 전화번호,품목 및 제품명,용도 및 제형,제조연월 및 유통기한,"중량, 용량, 매수","효과,효능",제조국 및 제조사,어린이 보호포장 대상 제품 유무,제품에 사용된 화학물질 명칭,사용상 주의사항,신고번호 또는 승인번호,소비자 상담 관련 전화번호,재질,구성품,크기,출시년월,수입식품안전관리특별법에 따른 수입신고,A/S 책임자
0,"""편안한 휴식"" [리추얼 선물세트] 샌달우드 괄사 & 비건 오일 2종 (톡별)","29,000원",small_luxury,"바디오일 100ml, 임팩트오일 10ml",모든 피부용,제조일로부터 36개월,샤워 후 물기를 가볍게 닦은 후 본품 적당량을 덜어 부드럽게 펴 발라 두드려 흡수 시켜 줍니다.,톤28,한국,상품상세설명 참조,해당사항 없음,"1. 화장품 사용 시 또는 사용 후 직사광선에 의하여 사용 부위가 붉은 반점, 부어오름 또는 가려움증 등의 이상 증상이나 부작용이 있는 경우 전문의 등과 상담할 것 2. 상처가 있는 부위 등에는 사용을 자제할 것 3. 보관 및 취급 시의 주의사항 1) 어린이의 손이 닿지 않는 곳에 보관할 것 2)직사광선을 피해서 보관할 것",본 상품에 이상이 있을 경우 공정거래위원회 고시 ‘소비자 분쟁 해결 기준’에 의거 교환 또는 환불 받을 수 있습니다.,고객상담센터 1588-3512,,,,,,,,,,,,,,,,,,,,,
1,록시땅 베스트 핸드 크림 & 립 세트 (9종 택1)*,"29,000원",small_luxury,각 핸드 크림 : 30ml / 립 밤 : 12ml / 립 밤 스틱 : 4.5g,모든 타입,개봉 후 12개월 내 사용 권장/제조일로부터 2년 이내의 상품을 발송합니다.,핸드 크림 : 건조함을 느낄 때 손에 수시로 발라줍니다. / 립 밤 : 입술이 건조하거나 기분 전환을 원할 때 언제든지 발라준다.,제조업자:Laboratories M&amp;L / 제조판매업자: 록시땅코리아 유한책임회사,상품상세설명 참조,"*NEW 시어 버터 드라이 스킨 핸드 크림 30ml : 정제수,시어버터 ,글리세린,다이메티콘,세테아릴알코올,글리세릴스테아레이트,아마씨추출물,꿀추출물,스위트아몬드열매추출물,마시멜로뿌리추출물,코코넛야자오일,유채스테롤,해바라기씨오일,폴리아크릴아마이드,세테아레스-33,우레아,잔탄검,피이지-100스테아레이트,부틸렌글라이콜,C13-14아이소파라핀,라우레스-7,에틸헥실글리세린,소듐하이드록사이드,벤조익애씨드 ,데하이드로아세틱애씨드,페녹시에탄올,클로페네신,에탄올,토코페롤,향료,리날룰,쿠마린,시트로넬올,알파-아이소메틸아이오논,리모넨,제라니올/ *시어 울트라 리치 립 밤 12ml : 식물성오일,피마자씨오일,올레익/리놀레익/리놀레닉폴리글리세라이즈,해바라기씨오일,시어버터,비즈왁스,하이드로제네이티드캐스터오일,하이드로제네이티드팜커넬글라이세라이드,하이드로제네이티드팜글라이세라이드,토코페롤,향료,리날룰,벤질벤조에이트/ *시어 버터 립 밤 스틱 4.5g : 옥틸도데칸올,시어버터,C10-18트라이글리세라이즈,하이드로제네이티드캐스터오일,칸데릴라왁스,하이드로제네이티드코코-글라이세라이드,비즈왁스,C18-36애씨드트라이글리세라이드,C18-36애씨드글라이콜에스터,호호바씨오일,토코페릴아세테이트,수크로오스테트라스테아레이트트라이아세테이트,향료,벤질벤조에이트,알파-아이소메틸아이오논/ *체리 블라썸 소프트 핸드 크림 30ml : 정제수,아이소노닐아이소노나노에이트,글리세린,세테아릴알코올,시어버터,사이클로메티콘,세틸알코올,신양벚나무추출물(0.002%),로즈마리잎추출물,코코넛야자오일,해바라기씨오일,비즈왁스,변성옥수수전분,에틸헥실글리세린,페녹시에탄올,클로페네신,프로필렌글라이콜,하이드록시에틸아크릴레이트/소듐아크릴로일다이메틸타우레이트코폴리머,잔탄검,세테아레스-33,폴리솔베이트60,솔비탄아이소스테아레이트,토코페롤,향료,리모넨,알파-아이소메틸아이오논,리날룰/ *체리 블라썸 립 밤 12ml : 옥틸도데칸올,해바라기씨오일,식물성오일,올레익/리놀레익/리놀레닉폴리글리세라이즈,피마자씨오일,글리세린,트라이하이드록시스테아린,시어버터,비즈왁스,정제수,호호바에스터,해바라기씨왁스,하이드로제네이티드캐스터오일,신양벚나무추출물,그린와틀꽃왁스,수크랄로오스,폴리글리세린-3,프로필렌글라이콜,토코페롤,향료,리날룰,제라니올,적색201호/ *2022 로즈 핸드 크림 30ml : 정제수 글리세린 세테아릴알코올 코코-카프릴레이트/카프레이트 해바라기씨오일 시어버터 향료 세틸알코올 시어버터추출물 프로방스장미꽃수 (0.494%)변성옥수수전분 세테아레스-33 하이드록시에틸아크릴레이트/소듐아크릴로일다이메틸타우레이트코폴리머 카프릴릴글라이콜 클로페네신 잔탄검 비즈왁스 토코페롤 솔비탄아이소스테아레이트 폴리솔베이트60 소듐벤조에이트 시트릭애씨드 시트로넬올 리날룰 리모넨 제라니올 시트랄 / *로즈 립 밤 12ml : 옥틸도데칸올,해바라기씨오일,식물성오일 올레익/리놀레익/리놀레닉폴리글리세라이즈피마자씨오일,글리세린,트라이하이드록시스테아린,시어버터,비즈왁스,정제수,호호바에스터,해바라기씨왁스,하이드로제네이티드캐스터오일,프로방스장미꽃추출물(0.00525%),프로방스장미꽃수(0.000996%),그린와틀꽃왁스,토코페롤,폴리글리세린-3,수크랄로오스,폴리하이드록시스테아릭애씨드,시트릭애씨드,소듐벤조에이트,향료,제라니올,시트랄,리모넨,시트로넬올,리날룰,적색202호,티타늄디옥사이드 / *라벤더 핸드 크림 30ml : 정제수,글리세린,쉐어버터,세테아릴알코올,포도씨오일,디카프릴릴카보네이트,하이드록시에틸아크릴레이트/소듐아크릴로일다이메틸타우레이트코폴리머,세틸알코올,디메치콘,라벤더오일,코코넛오일,비즈왁스,해바라기씨오일,로즈마리잎추출물,세테아릴글루코사이드,토코페롤,폴리소르베이트60,소르비탄이소스테아레이트,페녹시에탄올,변성옥수수전분,클로페네신,향료,잔탄검,에칠헥실글리세린,쿠마린,리날룰,리모넨,제라니올/ *버베나 핸드 크림 30ml: 정제수,시어버터,글리세린,다이메티콘,세테아릴알코올,글리세릴스테아레이트,아마씨추출물,꿀추출물,시어버터,마시멜로뿌리추출물,코코넛야자오일,유채스테롤,해바라기씨오일,폴리아크릴아마이드,세테아레스-33,우레아,잔탄검,피이지-100스테아레이트,부틸렌글라이콜,C13-14아이소파라핀,라우레스-7,에틸헥실글리세린,소듐하이드록사이드,벤조익애씨드,데하이드로아세틱애씨드,향료,클로페네신,에탄올,토코페롤,향료,리날룰,쿠마린,시트로넬올,알파-아이소메틸아이오논,리모넨,제라니올/ *아몬드 딜리셔스 핸드 크림 30ml: 정제수,글리세린,세테아릴알코올,해바라기씨오일,시어버터,코코-카프릴레이트/카프레이트,변성옥수수전분,스위트아몬드오일,스위트아몬드단백질,코코넛야자오일,하이드록시에틸아크릴레이트/소듐아크릴로일다이메틸타우레이트코폴리머,세테아레스-33,카프릴릴글라이콜,세틸알코올,잔탄검,만니톨,토코페롤,솔비탄아이소스테아레이트,폴리솔베이트60,하이드로제네이티드레시틴,시트릭애씨드,향료,리모넨,리날룰,쿠마린",해당 없음,"1. 화장품 사용 시 또는 사용 후 직사광선에 의하여 사용 부위가 붉은 반점, 부어오름 또는 가려움증 등의 이상 증상이나 부작용이 있는 경우 전문의 등과 상담할 것 2. 상처가 있는 부위 등에는 사용을 자제할 것 3. 보관 및 취급 시의 주의사항 1)어린이의 손이 닿지 않는 곳에 보관할 것 2)직사광선을 피해서 보관할 것.",관련법 및 소비자분쟁해결기준에 따름,록시땅 / 02)2054-0500 / 상담시간 오전 10시-오후 5시,,,,,,,,,,,,,,,,,,,,,
2,[선물하기 단독] 달바 '비건' 페이스&핸드 해피버스데이 기프트 세트(미스트세럼+핸드세럼),"26,900원",small_luxury,미스트 세럼 100ml+핸드 세럼 30ml,상품상세설명 참조,상품상세설명 참조,상품상세설명 참조,상품상세설명 참조,상품상세설명 참조,상품상세설명 참조,상품상세설명 참조,"1) 화장품 사용 시 또는 사용 후 직사광선에 의하여 사용부위가 붉은 반점, 부어오름 또는 가려움증 등의 이상 증상이나 부작용이 있는 경우 전문의 등과 상담할 것  2) 상처가 있는 부위 등에는 사용을 자제할 것 3) 보관 및 취급 시의 주의사항  가) 어린이의 손이 닿지 않는 곳에 보관할 것   나) 직사광선을 피해서 보관할 것","본 상품에 이상이 있을 경우 공정거래 위원회 고시 ""소비자 분쟁 해결기준""에 의해 교환 또는 보상해 드립니다.",02-332-7727,,,,,,,,,,,,,,,,,,,,,
3,[단독/핸드타올증정] 라벤더 바디워시 & 바디로션 2종 세트,"38,000원",small_luxury,바디워시: 300ml / 바디로션: 300ml / 핸드타월,모든피부,"제조일로부터 30개월, 개봉 후 12개월","바디워시: 손바닥이나 샤워타올에 적당량을 덜어 마사지하듯 골고루 문질러 준 후, 미온수로 잘 헹구어 줍니다.",(주)아로마티카,한국,"바디워시: 정제수, 소듐코코일이세티오네이트, 라우릴베타인, 소듐메틸코코일타우레이트, 라우릴글루코사이드, 소듐클로라이드, 코코-베타인, 1,2-헥산다이올, 라벤더오일(954mg), 판테놀, 카프릴릴글라이콜, 포타슘하이드록사이드, 리날룰, 라반딘오일, 부틸렌글라이콜, 스타아니스추출물, 폴리쿼터늄-10, 다이소듐이디티에이, 베르가모트오일, 리모넨, 마닐라엘레미트리검오일, 다이프로필렌글라이콜, 벤조인나무수지추출물, 마조람잎오일(24mg)/  바디로션: 정제수, 글리세린(식물유래보습제), 부틸렌글라이콜(보습제), 에틸헥실팔미테이트(식물유래유연제), 카프릴릭/카프릭트라이글리세라이드(식물유래유연제), 프로판다이올(식물유래보습제), 폴리글리세릴-3메틸글루코오스다이스테아레이트(식물유래유화제), 시어버터, 해바라기씨오일, 트라이에틸시트레이트(유연제), 솔비탄스테아레이트(식물유래유화제), 옥틸도데칸올(식물유래유연제), 하이드록시에틸우레아(보습제), 베타인(사탕무유래보습제), 글리세릴글루코사이드(식물유래보습제), 에리스리톨(포도당유래보습제), 바바수씨오일, 코코-카프릴레이트/카프레이트(코코넛유래유연제), 세테아릴스테아레이트(식물유래유화제), 1,2-헥산다이올(유연제), 라벤더오일(688mg), 리날룰(라벤더오일 함유 성분), 라반딘오일, 카프릴릴글라이콜(유연제), 아크릴레이트/C10-30알킬아크릴레이트크로스폴리머(보습/점도조절제), 스타아니스추출물, 베르가모트오일, 알지닌(아미노산피부유연제), 잔탄검(단백질발효보습/점도조절제), 리모넨(버가못오일 함유 성분), 벤조인나무수지추출물(벤조인오일), 마닐라엘레미트리검오일(엘레미오일), 하이드로제네이티드올리브오일불검화물(올리브유래유연제), 다이프로필렌글라이콜(보습제), 제라니올(라벤더오일 함유 성분), 벤질벤조에이트(벤조인오일 함유 성분), 벤질알코올(벤조인오일 함유 성분), 마조람잎오일(3mg)",해당없음,"1. 화장품 사용 시 또는 사용 후 직사광선에 의하여 사용부위가 붉은 반점, 부어오름 또는 가려움증 등의 이상 증상이나 부작용이 있는 경우 전문의 등과 상담할 것 2. 상처가 있는 부위 등에는 사용을 자제할 것 3. 보관 및 취급 시의 주의사항 가) 어린이의 손이 닿지 않는 곳에 보관할 것 나) 직사광선을 피해서 보관할 것 4. 제품 사용 전 (윗팔 안쪽 부위에) 패치 테스트 후 사용할 것 5. 식물 유래 성분으로 인해 색상이 변할 수 있음",본 제품은 공정거래위원회 고시 소비자분쟁해결 기준에 의거 교환 또는 보상 받을 수 있습니다.,1600-3689,,,,,,,,,,,,,,,,,,,,,
4,디프로젝트 차량용방향제_블랙라이언,"49,000원",small_luxury,,,,,,한국,,,,,,디프로젝트 차량용방향제_블랙라이언 8809814926726,안전확인대상 생활화학제품 표시사항 CB19-12-0995,디프로젝트,카카오프렌즈 고객센터 1577-6263,,,,,,,,,,,,,,,,,
5,"""향기 선물"" ""홀리데이성냥/트레이 증정"" 페이퍼 인센스 디스커버리 세트(5가지 향기)(톡별)","20,000원",small_luxury,,,,,,,,,,,,,,,,상품상세설명 참조,상품상세설명 참조,상품상세설명 참조,상품상세설명 참조,상품상세설명 참조,펀샤인,상품상세설명 참조,상품상세설명 참조,상품상세설명 참조,상품상세설명 참조,상품상세설명 참조,,,,,,
6,레저렉션 아로마틱 핸드 밤,"31,000원",small_luxury,75ml,모든 피부 타입,제조일로부터 36개월 이내 사용. 제조 연월은 제품 라벨 뒷면의 배치 코드에서 확인 바랍니다.,큐티클에 세심한 주의를 기울여 필요할 때마다 깨끗한 손에 바르세요.,이솝코리아 유한회사,상품상세설명 참조,"정제수, 글리세린, 스위트아몬드오일, 세테아릴알코올, 팔미틱애씨드, 세테아레스-20, 코코넛야자오일, 퀸즈랜드넛오일, 스테아릭애씨드, 필리핀오렌지껍질오일, 글리세릴스테아레이트, 아틀라스시다나무껍질오일, 알로에베라잎즙, 라벤더오일, 시어버터, 카카오씨버터, 오렌지오일, 토코페롤, 해바라기씨오일, 페녹시에탄올, 로즈마리잎오일, 왕귤씨추출물, 밀배아오일, 돌콩오일, 다이소듐이디티에이, 베타-카로틴, 당근추출물, 리모넨, 리날룰, 제라니올, 시트랄",해당 사항 없음,"""1. 화장품 사용 시 또는 사용 후 직사광선에 의하여 사용 부위가 붉은 반점, 부어오름 또는 가려움증 등의 이상 증상이나 부작용이 있는 경우 전문의 등과 상담할 것.",본 제품에 이상이 있을 시 공정거래위원회 고시 품목별 소비자 분쟁 해결기준에 의해 보상해드립니다.,1544-2431,,,,,,,,,,,,,,,,,,,,,
7,[NEW센트/선물포장] 핸드 크림 50ML,"43,000원",small_luxury,50ml,모든 피부용,유통기한과 제조일자가 상품마다 상이하여 정확한 날짜를 기재 할 수 없습니다.,소량을 덜어 손에 마사지하듯 발라주어 충분히 보습해줍니다. 필요할 때 수시로 빌라줍니다.,조 말론 런던 / 이엘씨에이한국(유),영국,"1. 제라늄 앤 월넛: 정제수, 부틸렌글라이콜, 코코-카프릴레이트/카프레이트, 스테아릭애씨드, 행인오일, 에칠헥실팔미테이트, 글리세린, 토코페릴아세테이트, 하이드로제네이티드폴리이소부텐, 디메치콘, 세틸알코올, 쉐어버터, 산뽕나무뿌리추출물, 감초추출물, 황금추출물, 밀배아추출물, 보리추출물, 밀겨추출물, 올리브추출물, 카페인, 콜레스테롤, 리놀레익애씨드, 클라리추출물, 아보카도오일, 아세틸헥사펩타이드-8, 피토스핑고신, 소듐하이알루로네이트, 슈크로오스, 스쿠알란, 아세틸글루코사민, 프로필렌글라이콜디카프레이트, 소르비탄스테아레이트, 트레할로스, 하이드로제네이티드레시틴, 효모추출물, 에칠헥실글리세린, 소듐데하이드로아세테이트, 포타슘하이드록사이드, 카보머, 테트라헥실데실아스코베이트, 향료, 디소듐이디티에이, 시트랄, 리날룰, 시트로넬올, 제라니올, 페녹시에탄올 [ILN42498] 2. 라임 바질 앤 만다린: 정제수, 부틸렌글라이콜, 코코-카프릴레이트/카프레이트, 스테아릭애씨드, 행인오일, 에틸헥실팔미테이트, 글리세린, 토코페릴아세테이트, 하이드로제네이티드폴리아이소부텐, 세틸알코올, 다이메티콘, 아세틸글루코사민, 향료, 시어버터, 콜레스테롤, 수크로오스, 카페인, 클레리추출물, 아보카도오일, 소듐하이알루로네이트, 트레할로오스, 하이드로제네이티드레시틴, 에틸헥실글리세린, 솔비탄스테아레이트, 리놀레익애씨드, 카보머, 포타슘하이드록사이드, 다이소듐이디티에이, 리모넨, 부틸페닐메틸프로피오날, 리날룰, 하이드록시시트로넬알, 알파-아이소메틸아이오논, 시트랄, 참나무이끼추출물, 제라니올, 아밀신남알, 소듐데하이드로아세테이트, 페녹시에탄올 [ILN44113] 3. 잉글리쉬 페어 앤 프리지아: 정제수, 부틸렌글라이콜, 코코-카프릴레이트/카프레이트, 스테아릭애씨드, 행인오일, 에틸헥실팔미테이트, 글리세린, 토코페릴아세테이트, 하이드로제네이티드폴리아이소부텐, 세틸알코올, 다이메티콘, 향료, 아세틸글루코사민, 클레리추출물, 시어버터, 아보카도오일, 카페인, 콜레스테롤, 에틸헥실글리세린, 트레할로오스, 리놀레익애씨드, 수크로오스, 카보머, 솔비탄스테아레이트, 소듐하이알루로네이트, 포타슘하이드록사이드, 하이드로제네이티드레시틴, 다이소듐이디티에이, 리모넨, 벤질벤조에이트, 부틸페닐메틸프로피오날, 제라니올, 리날룰, 시트로넬올, 시트랄, 파네솔, 소듐데하이드로아세테이트, 페녹시에탄올 [ILN44060] 4. 피오니 앤 블러쉬 스웨이드: 정제수, 부틸렌글라이콜, 코코-카프릴레이트/카프레이트, 스테아릭애씨드, 행인오일, 에틸헥실팔미테이트, 글리세린, 토코페릴아세테이트, 하이드로제네이티드폴리아이소부텐, 세틸알코올, 다이메티콘, 향료, 아세틸글루코사민, 클레리추출물, 시어버터, 아보카도오일, 카페인, 수크로오스, 콜레스테롤, 소듐하이알루로네이트, 리놀레익애씨드, 트레할로오스, 에틸헥실글리세린, 카보머, 솔비탄스테아레이트, 하이드로제네이티드레시틴, 포타슘하이드록사이드, 변성알코올, 다이소듐이디티에이, 알파-아이소메틸아이오논, 벤질알코올, 제라니올, 시트로넬올, 벤질살리실레이트, 하이드록시시트로넬알, 리날룰, 유제놀, 신나밀알코올, 소듐데하이드로아세테이트, 페녹시에탄올 [ILN44061] 5. 와일드 블루벨 : '전성분: 벤질벤조에이트,페녹시에탄올,글리세린,다이메티콘,다이소듐이디티에이,리날룰,벤질살리실레이트,비사보롤,세테아릴알코올,스위트아몬드오일,스테아릭애씨드,알로에베라잎즙,아이소프로필팔미테이트,카카오씨버터,카페인,카프릴릴글라이콜,트라이에탄올아민,파네솔,헥실렌글라이콜,헥실신남알,호호바씨오일,정제수,향료,글리세릴스테아레이트[ILN37505]  *제공된 성분은 동일 제품이라도 경우에 따라 변경될 수 있습니다. 최신정보는 제품 포장의 성분을 참고하시거나 본사 고객관리지원팀으로 연락 부탁 드립니다.",해당 사항 없음,"1. 화장품을 사용하여 다음과 같이 이상이 있을 경우에는 사용을 중지할 것이며, 계속 사용하면 증상을 악화시키므로 피부과 전문의 등에게 상담할 것 1)사용 중 붉은 반점, 부어오름, 가려움증, 자극 등의 이상이 있을 경우 2)적용부위가 직사광선에 의해 위와 같은 이상이 있을 경우 2. 상처가 있는 곳 또는 습진 및 피부염등의 이상이 있는 부위에는 사용을 금할 것 3. 눈에 들어가지 않도록 주의할 것 4. 보관 및 취급상의 주의사항 1)사용 후에는 반드시 마개를 닫아 둘 것 2)유.소아의 손에 닿지 않는 곳에 보관할 것 3)고온 내지 저온의 장소 및 직사광선이 닿는 곳에는 보관하지 말 것 *기타 제품 특이적인 주의사항은 제품 포장 참조",관련법 및 소비자 분쟁해결 기준에 따름,조 말론 런던 고객관리지원팀 02-6971-3221,,,,,,,,,,,,,,,,,,,,,
8,[NEW센트/선물포장] 바디 크림 50ML,"43,000원",small_luxury,50ml,모든 피부용,유통기한과 제조일자가 상품마다 상이하여 정확한 날짜를 기재 할 수 없습니다.,"샤워 혹은 배스 타임 후, 충분한 양의 바디 크림을 떠서 손바닥 사이에서 살짝 녹여줍니다. 바디 크림이 흡수될 때까지 피부에 마사지합니다. 컴바이닝할 수 있는 코롱을 마지막으로 뿌려주면 시그니처 향이 더욱 오래 지속됩니다.",조 말론 런던 / 이엘씨에이한국(유),상품상세설명 참조,"정제수 , 글리세린 , 세테아릴알코올 , 호호바씨오일 , 글리세릴스테아레이트 , 향료 , 스테아릭애씨드 , 트라이에탄올아민 , 아이소프로필팔미테이트  , 카카오씨버터 , 스위트아몬드오일 , 알로에베라잎추출물 , 카페인 , 다이메티콘 , 카프릴릴글라이콜 , 비사보롤 , 헥실렌글라이콜 , 리날룰 , 제라니올 , 리모넨 , 부틸페닐메틸프로피오날 , 시트로넬올 , 시트랄 , 다이소듐이디티에이 , 페녹시에탄올 [ILN39538] 정제수 , 글리세린 , 세테아릴알코올 , 호호바씨오일 , 글리세릴스테아레이트 , 스테아릭애씨드 , 향료 , 트라이에탄올아민 , 스위트아몬드오일 , 카카오씨버터 , 비사보롤 , 카페인 , 다이메티콘 , 아이소프로필팔미테이트  , 알로에베라잎추출물 , 글리세릴라우레이트 , 코카미도프로필피지-디모늄클로라이드포스페이트 , 카프릴릴글라이콜 , 헥실렌글라이콜 , 제라니올 , 아밀신남알 , 벤질살리실레이트 , 시트로넬올 , 리모넨 , 부틸페닐메틸프로피오날 , 리날룰 , 하이드록시시트로넬알 , 알파-아이소메틸아이오논  , 참나무이끼추출물 , 시트랄 , 다이소듐이디티에이 , 페녹시에탄올 [ILN39544] 정제수 , 글리세린 , 세테아릴알코올 , 호호바씨오일 , 글리세릴스테아레이트 , 스테아릭애씨드 , 향료 , 트라이에탄올아민 , 아이소프로필팔미테이트  , 카카오씨버터 , 스위트아몬드오일 , 알로에베라잎추출물 , 다이메티콘 , 카페인 , 카프릴릴글라이콜 , 비사보롤 , 헥실렌글라이콜 , 다이소듐이디티에이 , 벤질알코올 , 벤질살리실레이트 , 제라니올 , 하이드록시시트로넬알 , 시트로넬올 , 리날룰 , 알파-아이소메틸아이오논  , 유제놀 , 신나밀알코올 , 리모넨 , 페녹시에탄올 [ILN40189] * 제공된 성분은 동일 제품이라도 경우에 따라 변경될 수 있습니다.  최신정보는 제품 포장의 성분을 참고하시거나 본사 고객관리지원팀으로 연락 부탁 드립니다.",해당 사항 없음,"1. 화장품을 사용하여 다음과 같이 이상이 있을 경우에는 사용을 중지할 것이며, 계속 사용하면 증상을 악화시키므로 피부과 전문의 등에게 상담할 것 1)사용 중 붉은 반점, 부어오름, 가려움증, 자극 등의 이상이 있을 경우 2)적용부위가 직사광선에 의해 위와 같은 이상이 있을 경우 2. 상처가 있는 곳 또는 습진 및 피부염등의 이상이 있는 부위에는 사용을 금할 것 3. 눈에 들어가지 않도록 주의할 것 4. 보관 및 취급상의 주의사항 1)사용 후에는 반드시 마개를 닫아 둘 것 2)유.소아의 손에 닿지 않는 곳에 보관할 것 3)고온 내지 저온의 장소 및 직사광선이 닿는 곳에는 보관하지 말 것 *기타 제품 특이적인 주의사항은 제품 포장 참조",관련법 및 소비자 분쟁해결 기준에 따름,조 말론 런던 고객관리지원팀 02-6971-3221,,,,,,,,,,,,,,,,,,,,,
9,[NEW센트/선물포장] 바디 앤 핸드 워시 100ML,"35,000원",small_luxury,100ml,모든 피부용,유통기한과 제조일자가 상품마다 상이하여 정확한 날짜를 기재 할 수 없습니다.,샤워 혹은 배스 타임에 물기 있는 바디에 거품을 만들어 바른 후 물로 씻어냅니다.,조 말론 런던 / 이엘씨에이한국(유),상품상세설명 참조,"""정제수, 소듐라우레스설페이트, 라우라미도프로필베타인, 피이지-7글리세릴코코에이트, 향료, 폴리쿼터늄-7, 카페인, 시트릭애씨드, 슈크로오스, 폴리소르베이트20, 헥실렌글라이콜, 세테스-20, 소듐클로라이드, 리모넨, 부틸페닐메칠프로피오날, 리날룰, 하이드록시시트로넬알, 알파-이소메칠이오논, 참나무이끼추출물, 시트랄, 메칠클로로이소치아졸리논, 메칠이소치아졸리논 [ILN41613] *제공된 성분은 동일 제품이라도 경우에 따라 변경될 수 있습니다. 최신정보는 제품 포장의 성분을 참고하시거나 본사 고객관리지원팀으로 연락 부탁 드립니다.""",해당 사항 없음,"1. 화장품을 사용하여 다음과 같이 이상이 있을 경우에는 사용을 중지할 것이며, 계속 사용하면 증상을 악화시키므로 피부과 전문의 등에게 상담할 것 1)사용 중 붉은 반점, 부어오름, 가려움증, 자극 등의 이상이 있을 경우 2)적용부위가 직사광선에 의해 위와 같은 이상이 있을 경우 2. 상처가 있는 곳 또는 습진 및 피부염등의 이상이 있는 부위에는 사용을 금할 것 3. 눈에 들어가지 않도록 주의할 것 4. 보관 및 취급상의 주의사항 1)사용 후에는 반드시 마개를 닫아 둘 것 2)유.소아의 손에 닿지 않는 곳에 보관할 것 3)고온 내지 저온의 장소 및 직사광선이 닿는 곳에는 보관하지 말 것 *기타 제품 특이적인 주의사항은 제품 포장 참조",관련법 및 소비자 분쟁해결 기준에 따름,조 말론 런던 고객관리지원팀 02-6971-3221,,,,,,,,,,,,,,,,,,,,,
10,[선물포장] 리브르 핸드 크림(+리브르 향수 1.2ml),"47,000원",small_luxury,30ml ,모든 피부용,사용기한이 12개월 이상 남아있는 제품부터 순차적으로 배송됩니다.,TOP - 라벤더 / MIDDLE - 오렌지 블라썸 / BASE - 머스크 &amp; 바닐라,엘오케이(유),프랑스,정제수 글리세린 프로판다이올 세틸알코올 시어버터 아이소프로필팔미테이트 향료 스위트아몬드오일 미리스틸미리스테이트 옥수수전분 폴리글리세릴-3메틸글루코오스다이스테아레이트 소듐폴리아크릴레이트 카보머 하이드로제네이티드스타치하이드롤리세이트 카프릴릴글라이콜 벤조익애씨드 소듐하이드록사이드 리날룰 리모넨 C12-13알킬락테이트 벤질알코올 벤질살리실레이트 소듐하이알루로네이트 하이드록시시트로넬알 쿠마린 제라니올 시트로넬올 레몬버베나잎추출물 시트랄 아이소유제놀 시트릭애씨드,해당사항없음,"1. 화장품 사용 시 또는 사용 후 직사광선에 의하여 사용부위가 붉은 반점, 부어오름 등의 이상 증상이나 부작용이 있는 경우 전문의 등과 상담할 것 2. 상처가 있는 부위 등에는 사용을 자제할 것 3. 보관 및 취급 시의 주의사항 가) 어린이의 손이 닿지 않는 곳에 보관할 것 나) 직사광선을 피해서 보관할 것 ※상세한 주의사항 내용은 제품에 부착된 라벨 내용을 참조해 주십시오.",본 제품에 이상이 있을 경우 공정거래위원회 고시 품목별 소비자 분쟁해결기준에 의해 보상해드립니다.,"카카오톡 선물하기 고객센터 (교환, 반품, 배송 등 주문 관련 문의): 1544-2431 / 입생로랑 고객 센터(색상, 재고 등 제품 관련 문의): 080-347-0089",,,,,,,,,,,,,,,,,,,,,
11,[미니퍼퓸 증정/선물포장] 퍼퓸 핸드크림 (6종 택1),"32,000원",small_luxury,"30ML(CHAMO, BERGA SANDAL, LALE), 40ML(000, FEY9, POSY)",모든 피부 타입,제조일로부터 36개월 (사용기한 1년 이상 남은 상품을 배송해드립니다.),더 쉘 퍼퓸핸드의 쉘 케이스는 특수한 이중구조 용기와 에어리스 펌프 시스템으로 사용하는 동안 내용물이 변질되지 않게끔 외부 공기와의 접촉을 최대한 차단합니다.  쉘 케이스의 뚜껑을 열어 버튼을 세로방향으로 손등에 부드럽게 눌러보세요. 깔끔한 애티튜드로 기능하는 새로운 에어리스 펌프 시스템이 내용물을 최대한 남기지 않고 사용할 수 있게 도와줍니다.,*화장품제조업자 - 주식회사 정코스 / *화장품책임판매업자 - (주)아이아이컴바인드,대한민국,"[CHAMO]정제수, 글리세린, 카프릴릭/카프릭트라이글리세라이드, 부틸렌글라이콜, 향료, 세테아릴알코올, C12-15알킬벤조에이트, 아이소도데케인, 1,2-헥산다이올, 글리세릴스테아레이트, 베헤닐알코올, 시어버터, 다이메티콘, 피이지-100스테아레이트, 스테아레스-2, 사이클로헥사실록세인, 에틸헥실글리세린, 알루미늄전분옥테닐석시네이트, 잔탄검, 암모늄아크릴로일다이메틸타우레이트/브이피코폴리머, 세틸알코올, 하이드롤라이즈드호호바에스터, 판테놀, 토코페릴아세테이트, 호호바에스터, 소듐하이알루로네이트, 병풀추출물, 벤질알코올, 벤질살리실레이트, 쿠마린, 제라니올, 리모넨, 리날룰 [BERGA SANDAL] 정제수, 글리세린, 카프릴릭/카프릭트라이글리세라이드, 부틸렌글라이콜, 세테아릴알코올, C12-15알킬벤조에이트, 향료, 아이소도데케인, 1,2-헥산다이올, 글리세릴스테아레이트, 베헤닐알코올, 시어버터, 다이메티콘, 피이지-100스테아레이트, 스테아레스-2, 사이클로헥사실록세인, 에틸헥실글리세린, 알루미늄전분옥테닐석시네이트, 잔탄검, 암모늄아크릴로일다이메틸타우레이트/브이피코폴리머, 세틸알코올, 하이드롤라이즈드호호바에스터, 판테놀, 토코페릴아세테이트, 호호바에스터, 소듐하이알루로네이트, 병풀추출물, 시트랄, 파네솔, 리모넨, 리날룰 [LALE] 정제수, 글리세린, 카프릴릭/카프릭트라이글리세라이드, 부틸렌글라이콜, 세테아릴알코올, C12-15알킬벤조에이트, 향료, 아이소도데케인, 1,2-헥산다이올, 글리세릴스테아레이트, 베헤닐알코올, 시어버터, 다이메티콘, 피이지-100스테아레이트, 스테아레스-2, 사이클로헥사실록세인, 에틸헥실글리세린, 알루미늄전분옥테닐석시네이트, 잔탄검, 암모늄아크릴로일다이메틸타우레이트/브이피코폴리머, 세틸알코올, 하이드롤라이즈드호호바에스터, 판테놀, 토코페릴아세테이트, 호호바에스터, 소듐하이알루로네이트, 병풀추출물, 시트랄, 파네솔, 리모넨, 리날룰 [000] 정제수, 글리세린, 카프릴릭/카프릭트라이글리세라이드, 부틸렌글라이콜, 세테아릴알코올, C12-15알킬벤조에이트, 아이소도데케인, 1,2-헥산다이올, 향료, 글리세릴스테아레이트, 베헤닐알코올, 시어버터, 피이지-100스테아레이트, 다이메티콘, 에틸헥실글리세린, 알루미늄전분옥테닐석시네이트, 잔탄검, 암모늄아크릴로일다이메틸타우레이트/브이피코폴리머, 세틸알코올, 하이드롤라이즈드호호바에스터, 아데노신, 판테놀, 토코페릴아세테이트, 호호바에스터, 소듐하이알루로네이트, 병풀추출물, 시트랄, 리모넨, 리날룰. [FEY9] 정제수, 글리세린, 카프릴릭/카프릭트라이글리세라이드, 부틸렌글라이콜, 세테아 릴알코올, C12-15알킬벤조에이트, 아이소도데케인, 향료, 1,2-헥 산다이올, 글리세릴스테아레이트, 베헤닐알코올, 시어버터, 피 이지-100스테아레이트, 다이메티콘, 에틸헥실글리세린, 알루미늄전분옥테닐석시네이트, 잔탄검, 암모늄아크릴로일다이메틸 타우레이트/브이피코폴리머, 세틸알코올, 하이드롤라이즈드 호호바에스터, 아데노신, 판테놀, 토코페릴아세테이트, 호호바에스터, 소듐하이알루로네이트, 병풀추출물, 신나밀알코올, 파네솔, 리모넨, 리날룰. [POSY] 정제수, 글리세린, 카프릴릭/카프릭트라이글리세라이드, 부틸렌글라이콜, 세테아릴알코올, C12-15알킬벤조에이트, 아이소도데케인, 향료, 1,2-헥산다이올, 글리세릴스테아레이트, 베헤닐알코올, 시어버터, 피이지-100스테아레이트, 다이메티콘, 에틸헥실글리세린, 알루미늄전분옥테닐석시네이트, 잔탄검, 암모늄아크릴로일다이메틸타우레이트/브이피코폴리머, 세틸알코올, 하이드롤라이즈드호호바에스터, 아데노신, 판테놀, 토코페릴아세테이트, 호호바에스터, 소듐하이알루로네이트, 병풀추출물, 알파-아이소메틸아이오논, 벤질벤조에이트, 벤질살리실레이트, 시트로넬올, 유제놀, 제라니올, 리모넨, 리날룰.","주름개선(000, FEY9, POSY 제품에 해당됨)","에어리스 펌프 특성상 공타가 3~10회 정도 발생할 수 있으며 공펌핑을 n회 더하면 사용이 가능합니다. 1.화장품 사용시 또는 사용후 직사광선에 의하여 사용부위가 붉은반점, 부어오름 또는 가려움증 등의 이상 증상이나 부작용이 있는 경우 전문의 등과 상담할 것 2.상처가 있는 부위 등에는 사용을 자제할 것 3.보관 및 취급시의 주의사항 1)어린이의 손이 닿지 않는 곳에 보관할 것 2)직사광선을 피해서 보관할 것","본 제품에 이상이 있을 경우, 공정거래위원회 고시에 의거 보상해드립니다.",02-1644-1246,,,,,,,,,,,,,,,,,,,,,
12,[선물포장/무료각인] 맥 BEST 립밤 핸드크림 듀오 (카카오톡 단독 선물세트) (3G),"41,000원",small_luxury,실키 핸드 크림 : 30ML / 텐더토크 립 밤 : 3G,모든 피부 타입,출고일 기준 대부분 사용기한 1년 이상 남은 제품을 배송해드립니다. 유통기한과 제조일자가 상품마다 상이하여 정확한 날짜를 기재할 수 없습니다.,실키 드림 핸드크림 : 필요시 적당량을 짜내어 손에 고르게 발라줍니다. / 텐더토크 립 밤 : 자연스러운 컬러감을 위해 단독으로 사용하거나 다른 맥 립스틱을 바르기 전 립밤처럼 사용할 수 있습니다.,맥/이엘씨에이한국(유),실키 핸드 크림 : 미국 / 텐더토크 립 밤 : 한국,"각 컬러별 전성분은 고객상담실(02-6971-3221)으로 연락 부탁 드립니다.본품 : 디이소스테아릴말레이트, 옥틸도데칸올, 피토스테릴이소스테아릴다이머디리놀리에이트, 폴리부텐, 합성왁스, 오조케라이트, 폴리에칠렌, 비즈왁스, 에칠렌/프로필렌코폴리머, 토코페릴아세테이트, 디메치콘, 에칠헥실글리세린, 카프릴릴글라이콜, 1,2-헥산디올, 향료, [+/- 마이카, 티타늄디옥사이드, 적색산화철, 황색산화철, 흑색산화철, 청색1호, 청색1호 레이크, 망가니즈바이올렛, 적색201호, 적색202호, 적색202호 레이크, 적색218호, 적색104호의(1), 적색104호의(1) 레이크, 적색227호, 적색227호 레이크, 황색4호, 황색4호 레이크, 황색5호, 황색5호 레이크] [ILN42395] *제공된 성분은 동일 제품이라도 경우에 따라 변경될 수 있습니다. 최신정보는 제품 포장의 성분을 참고하시거나 본사 고객관리지원팀으로 연락 부탁 드립니다.",해당사항 없음,"1.화장품을 사용하여 다음과 같은 이상이 있을 경우 사용을 중지할 것이며, 계속 사용하면 증상을 악화시키므로 피부과 전문의 등에게 상담할 것  1)사용중 붉은 반점, 부어오름, 가려움증, 자극 등의 이상이 있을 경우  2)적용부위가 직사광선에 의해 위와 같은 이상이 있을 경우 2.상처가 있는 곳 또는 습진 및 피부염등의 이상이 있는 부위에는 사용을 금할 것 3.눈에 들어가지 않도록 주의할 것 4.보관 및 취급상의 주의사항 1)사용후에는 반드시 마개를 닫아둘 것 2)유,소아의 손이 닿지 아니하는 곳에 보관할 것 3)고온 내지 저온의 장소 및 직사광선이 닿는 곳에는 보관하지 말 것","이엘씨에이한국(유)를 통해 공식 수입.판매되는 제품에 한해서, 제품에 이상이 있을 경우 공정거래위원회고시 품목별 소비자 분쟁 해결 기준에 따라 안내 받으실 수 있습니다.",* 카카오 선물하기 고객센터 : 1544-2431 * 맥 고객관리지원팀 : 02-6971-3221,,,,,,,,,,,,,,,,,,,,,
13,[무료각인&선물포장] 리브르 헤어미스트 30ml,"68,000원",small_luxury,30ml,모든 피부용,사용기한이 12개월 이상 남아있는 제품부터 순차적으로 배송됩니다.,"리브르 향수를 뿌린 후, 스타일링 또는 외출 전 헤어에 가볍게 스프레이해 주세요. 모발 건조 후 20~30cm 정도의 거리를 두고 분사해줍니다. 스프레이 후에 모발을 손으로 쓸어주면 향기가 더 크게 표현됩니다.",엘오케이(유),프랑스,에탄올 정제수 다이프로필렌글라이콜 카프릴릭/카프릭트라이글리세라이드 향료 트라이에틸시트레이트 폴리글리세릴-10라우레이트 에칠헥실살리실레이트 부틸메톡시디벤조일메탄 메틸안트라닐레이트 석류추출물 리모넨 리날룰 벤질살리실레이트 하이드록시시트로넬알 벤질알코올 쿠마린 제라니올 시트로넬올 시트랄 아이소유제놀,해당사항없음,"1. 화장품 사용 시 또는 사용 후 직사광선에 의하여 사용부위가 붉은 반점, 부어오름 등의 이상 증상이나 부작용이 있는 경우 전문의 등과 상담할 것 2. 상처가 있는 부위 등에는 사용을 자제할 것 3. 보관 및 취급 시의 주의사항 가) 어린이의 손이 닿지 않는 곳에 보관할 것 나) 직사광선을 피해서 보관할 것 ※상세한 주의사항 내용은 제품에 부착된 라벨 내용을 참조해 주십시오.",본 제품에 이상이 있을 경우 공정거래위원회 고시 품목별 소비자 분쟁해결기준에 의해 보상해드립니다.,"카카오톡 선물하기 고객센터 (교환, 반품, 배송 등 주문 관련 문의): 1544-2431 / 입생로랑 고객 센터(색상, 재고 등 제품 관련 문의): 080-347-0089",,,,,,,,,,,,,,,,,,,,,
14,[선물포장] 핸드크림 50ML (6종 중 택1),"21,000원",small_luxury,50ML,모든 피부 타입,발송일로부터 최대 28개월 이내 제조 된 제품으로 발송. 개봉 후 12개월 이내 사용,깨끗한 손에 적당량을 덜어 마사지하듯 흡수시킵니다. 건조할 때마다 수시로 사용합니다.,화장품제조업자: ㈜한국화장품제조 화장품책임판매업자: ㈜논픽션,대한민국,"SANTAL CREAM: 정제수, 시어버터, 카프릴릭/카프릭트라이글리세라이드, 프로판다이올, 다이프로필렌글라이콜, 다이카프릴릴에터, 세테아릴알코올, 세테아릴올리베이트, 카프릴릴메티콘, 향료, 솔비탄올리베이트, 1,2-헥산다이올, 글리세릴스테아레이트, 아크릴레이트/C10-30알킬아크릴레이트크로스폴리머, 팔미틱애씨드, 트로메타민, 스테아릭애씨드, 글리세린, 다이포타슘글리시리제이트, 에틸헥실글리세린, 잔탄검, 부틸렌글라이콜, 다이소듐이디티에이, 미리스틱애씨드, 소듐하이알루로네이트, 베타-글루칸, 토코페롤, 폴리글루타믹애씨드, 마트리카리아꽃추출물, 파파야열매수, 스위트아몬드오일, 스쿠알란, 아보카도오일, 해바라기씨오일, 병풀추출물, 쌀추출물, 퀴노아씨추출물, 귀리가루추출물, 호장근뿌리추출물, 황금추출물, 녹차추출물, 캐모마일꽃추출물, 로즈마리잎추출물, 포트마리골드꽃추출물, 검은깨추출물, 하이드로제네이티드레시틴, 폴리글리세릴-10스테아레이트, 판테놀, 소듐아스코빌포스페이트, 나이아신아마이드, 바이오틴, 폴릭애씨드, 피리독신, 사이아노코발아민, 리놀레익애씨드, 리보플라빈, 베타-카로틴, 이노시톨, 티아민에이치씨엘, 벤질살리실레이트, 리모넨, 쿠마린, 리날룰 GENTLE NIGHT: 정제수, 시어버터, 카프릴릭/카프릭트라이글리세라이드, 프로판다이올, 다이프로필렌글라이콜, 다이카프릴릴에터, 세테아릴알코올, 세테아릴올리베이트, 카프릴릴메티콘, 향료, 솔비탄올리베이트, 1,2-헥산다이올, 글리세릴스테아레이트, 아크릴레이트/C10-30알킬아크릴레이트크로스폴리머, 팔미틱애씨드, 트로메타민, 스테아릭애씨드, 글리세린, 다이포타슘글리시리제이트, 에틸헥실글리세린, 잔탄검, 부틸렌글라이콜, 다이소듐이디티에이, 미리스틱애씨드, 소듐하이알루로네이트, 베타-글루칸, 토코페롤, 폴리글루타믹애씨드, 마트리카리아꽃추출물, 파파야열매수, 스위트아몬드오일, 스쿠알란, 아보카도오일, 해바라기씨오일, 병풀추출물, 쌀추출물, 퀴노아씨추출물, 귀리가루추출물, 호장근뿌리추출물, 황금추출물, 녹차추출물, 캐모마일꽃추출물, 로즈마리잎추출물, 포트마리골드꽃추출물, 검은깨추출물, 하이드로제네이티드레시틴, 폴리글리세릴-10스테아레이트, 판테놀, 소듐아스코빌포스페이트, 나이아신아마이드, 바이오틴, 폴릭애씨드, 피리독신, 사이아노코발아민, 리놀레익애씨드, 리보플라빈, 베타-카로틴, 이노시톨, 티아민에이치씨엘, 벤질살리실레이트, 리날룰, 리모넨, 헥실신남알, 하이드록시시트로넬알, 시트로넬올, 알파-아이소메틸아이오논, 시트랄 GAIAC FLOWER: 정제수, 시어버터, 카프릴릭/카프릭트라이글리세라이드, 프로판다이올, 다이프로필렌글라이콜, 다이카프릴릴에터, 세테아릴알코올, 세테아릴올리베이트, 카프릴릴메티콘, 향료, 솔비탄올리베이트, 1,2-헥산다이올, 글리세릴스테아레이트, 아크릴레이트/C10-30알킬아크릴레이트크로스폴리머, 팔미틱애씨드, 트로메타민, 스테아릭애씨드, 글리세린, 다이포타슘글리시리제이트, 에틸헥실글리세린, 잔탄검, 부틸렌글라이콜, 다이소듐이디티에이, 미리스틱애씨드, 소듐하이알루로네이트, 베타-글루칸, 토코페롤, 폴리글루타믹애씨드, 마트리카리아꽃추출물, 파파야열매수, 스위트아몬드오일, 스쿠알란, 아보카도오일, 해바라기씨오일, 병풀추출물, 쌀추출물, 퀴노아씨추출물, 귀리가루추출물, 호장근뿌리추출물, 황금추출물, 녹차추출물, 캐모마일꽃추출물, 로즈마리잎추출물, 포트마리골드꽃추출물, 검은깨추출물, 하이드로제네이티드레시틴, 폴리글리세릴-10스테아레이트, 판테놀, 소듐아스코빌포스페이트, 나이아신아마이드, 바이오틴, 폴릭애씨드, 피리독신, 사이아노코발아민, 리놀레익애씨드, 리보플라빈, 베타-카로틴, 이노시톨, 티아민에이치씨엘, 리모넨, 시트로넬올, 제라니올 FORGET ME NOT: 정제수, 시어버터, 카프릴릭/카프릭트라이글리세라이드, 프로판다이올, 다이프로필렌글라이콜, 다이카프릴릴에터, 세테아릴알코올, 세테아릴올리베이트, 카프릴릴메티콘, 향료, 솔비탄올리베이트, 1,2-헥산다이올, 글리세릴스테아레이트, 아크릴레이트/C10-30알킬아크릴레이트크로스폴리머, 팔미틱애씨드, 트로메타민, 스테아릭애씨드, 글리세린, 다이포타슘글리시리제이트, 에틸헥실글리세린, 잔탄검, 부틸렌글라이콜, 다이소듐이디티에이, 미리스틱애씨드, 소듐하이알루로네이트, 베타-글루칸, 토코페롤, 폴리글루타믹애씨드, 마트리카리아꽃추출물, 파파야열매수, 스위트아몬드오일, 스쿠알란, 아보카도오일, 해바라기씨오일, 병풀추출물, 쌀추출물, 퀴노아씨추출물, 귀리가루추출물, 호장근뿌리추출물, 황금추출물, 녹차추출물, 캐모마일꽃추출물, 로즈마리잎추출물, 포트마리골드꽃추출물, 검은깨추출물, 하이드로제네이티드레시틴, 폴리글리세릴-10스테아레이트, 판테놀, 소듐아스코빌포스페이트, 나이아신아마이드, 바이오틴, 폴릭애씨드, 피리독신, 사이아노코발아민, 리놀레익애씨드, 리보플라빈, 베타-카로틴, 이노시톨, 티아민에이치씨엘, 리모넨, 리날룰, 쿠마린, 시트로넬올, 시트랄, 유제놀 IN THE SHOWER: ""정제수, 시어버터, 카프릴릭/카프릭트라이글리세라이드, 프로판다이올, 다이프로필렌글라이콜, 다이카프릴릴에터, 세테아릴알코올, 세테아릴올리베이트, 카프릴릴메티콘, 솔비탄올리베이트, 1,2-헥산다이올, 향료, 글리세릴스테아레이트, 아크릴레이트/C10-30알킬아크릴레이트크로스폴리머, 팔미틱애씨드, 트로메타민, 스테아릭애씨드, 글리세린, 다이포타슘글리시리제이트, 에틸헥실글리세린, 잔탄검, 부틸렌글라이콜, 다이소듐이디티에이, 미리스틱애씨드, 소듐하이알루로네이트, 베타-글루칸, 토코페롤, 폴리글루타믹애씨드, 마트리카리아꽃추출물, 파파야열매수, 스위트아몬드오일, 스쿠알란, 아보카도오일, 해바라기씨오일, 병풀추출물, 쌀추출물, 퀴노아씨추출물, 귀리가루추출물, 호장근뿌리추출물, 황금추출물, 녹차추출물, 캐모마일꽃추출물, 로즈마리잎추출물, 포트마리골드꽃추출물, 검은깨추출물, 하이드로제네이티드레시틴, 폴리글리세릴-10스테아레이트, 판테놀, 소듐아스코빌포스페이트, 나이아신아마이드, 바이오틴, 폴릭애씨드, 피리독신, 사이아노코발아민, 리놀레익애씨드, 리보플라빈, 베타-카로틴, 이노시톨, 티아민에이치씨엘, 리모넨, 리날룰 ""FOR REST: 정제수, 시어버터, 카프릴릭/카프릭트라이글리세라이드, 프로판다이올, 다이프로필렌글라이콜, 다이카프릴릴에터, 세테아릴알코올, 세테아릴올리베이트, 카프릴릴메티콘, 향료, 솔비탄올리베이트, 1,2-헥산다이올, 글리세릴스테아레이트, 아크릴레이트/C10-30알킬아크릴레이트크로스폴리머, 팔미틱애씨드, 트로메타민, 스테아릭애씨드, 글리세린, 다이포타슘글리시리제이트, 에틸헥실글리세린, 잔탄검, 부틸렌글라이콜, 다이소듐이디티에이, 미리스틱애씨드, 소듐하이알루로네이트, 베타-글루칸, 토코페롤, 폴리글루타믹애씨드, 마트리카리아꽃추출물, 파파야열매수, 스위트아몬드오일, 스쿠알란, 아보카도오일, 해바라기씨오일, 병풀추출물, 쌀추출물, 퀴노아씨추출물, 귀리가루추출물, 호장근뿌리추출물, 황금추출물, 녹차추출물, 캐모마일꽃추출물, 로즈마리잎추출물, 포트마리골드꽃추출물, 검은깨추출물, 하이드로제네이티드레시틴, 폴리글리세릴-10스테아레이트, 판테놀, 소듐아스코빌포스페이트, 나이아신아마이드, 바이오틴, 폴릭애씨드, 피리독신, 사이아노코발아민, 리놀레익애씨드, 리보플라빈, 베타-카로틴, 이노시톨, 티아민에이치씨엘, 리모넨, 벤질벤조에이트, 시트로넬올, 리날룰, 시트랄, 벤질알코올",해당없음,"""가. 화장품 사용 시 또는 사용 후 직사광선에 의하여 사용부위가 붉은 반점, 부어 오름 또는 가려움증 등의 이상 증상이나 부작용이 있는 경우에는 전문의 등과 상담할 것 나. 상처가 있는 부위 등에는 사용을 자제할 것 다. 보관 및 취급 시 주의사항 1) 어린이의 손이 닿지 않는 곳에 보관할 것 2) 직사광선을 피해서 보관할 것""","본 제품에 이상이 있을 경우, 공정거래위원회 고시에 의거 보상해드립니다.",1666-7891,,,,,,,,,,,,,,,,,,,,,
15,"""제니PICK"" [선물포장] 바디워시 (4종 택1)","33,000원",small_luxury,240ml,모든 피부 타입,개봉 후 12개월,"적당량을 손 또는 샤워타월 등 도구에 묻혀 충분히 거품을 낸 다음 전신에 마사지하듯 문지른 후 물로 깨끗이 씻어내세요. 사용 시 스토퍼 제거 후 펌프에 표시된 방향으로 회전하여 사용하세요. (오픈 후 펌프가 헛도는 경우가 있으나, 제품 불량이 아닙니다.)",*화장품제조업자 - 리봄 화장품 / *화장품책임판매업자 - (주)아이아이컴바인드,대한민국,"[BIGALICO]정제수, 소듐라우레스설페이트, 코카미도프로필베타인, 소듐클로라이드, 폴리솔베이트80, 향료, 암모늄라우릴설페이트, 소듐벤조에이트, 라우레스-3, 소듐설페이트, 소듐코코일애플아미노산, 베타인, 판테놀, 헥실렌글라이콜, 부틸렌글라이콜, 글리세린, 1,2-헥산다이올, 에틸헥산다이올, 병풀추출물, 테트라소듐글루타메이트다이아세테이트, 황색5호, 아시아틱애씨드, 아시아티코사이드, 마데카식애씨드, 황색4호, 리모넨, 리날룰.     [NIMBUS]정제수, 소듐라우레스설페이트, 코카미도프로필베타인, 소듐클로라이드, 향료, 암모늄라우릴설페이트, 소듐벤조에이트, 라우레스-3, 소듐설페이트, 피이지-40하이드로제네이티드캐스터오일, 피피지-26-부테스-26, 소듐코코일애플아미노산, 베타인, 판테놀, 헥실렌글라이콜, 부틸렌글라이콜, 글리세린, 1,2-헥산다이올, 에틸헥산다이올, 병풀추출물, 테트라소듐글루타메이트다이아세테이트, 아시아틱애씨드, 아시아티코사이드, 마데카식애씨드, 황색5호, 적색40호, 파네솔, 리모넨.      [FOG]정제수, 소듐라우레스설페이트, 코카미도프로필베타인, 소듐클로라이드, 향료, 암모늄라우릴설페이트, 소듐벤조에이트, 라우레스-3, 소듐설페이트, 소듐코코일애플아미노산, 베타인, 판테놀, 헥실렌글라이콜, 부틸렌글라이콜, 글리세린, 1,2-헥산다이올, 에틸헥산다이올, 병풀추출물, 테트라소듐글루타메이트다이아세테이트, 황색5호, 아시아틱애씨드, 아시아티코사이드, 마데카식애씨드, 황색4호, 벤질살리실레이트, 리날룰, 리모넨.      [STORM]정제수, 소듐라우레스설페이트, 코카미도프로필베타인, 소듐클로라이드, 암모늄라우릴설페이트, 향료, 소듐벤조에이트, 라우레스-3, 소듐설페이트, 소듐코코일애플아미노산, 베타인, 판테놀, 헥실렌글라이콜, 부틸렌글라이콜, 글리세린, 1,2-헥산다이올, 에틸헥산다이올, 병풀추출물, 테트라소듐글루타메이트다이아세테이트, 황색5호, 아시아틱애씨드, 아시아티코사이드, 마데카식애씨드, 황색4호, 리모넨, 리날룰",무,"1) 화장품 사용 시 또는 사용 후 직사광선에 의하여 사용부위가 붉은 반점, 부어오름 또는 가려움증 등의 이상 증상이나 부작용이 있는 경우 전문의 등과 상담할 것. 2) 상처가 있는 부위 등에는 사용을 자제할 것. 3) 보관 및 취급 시의 주의사항. 가) 어린이의 손이 닿지 않는 곳에 보관할 것 나) 직사광선을 피해서 보관할 것",본 제품은 공정거래위원회 고시 소비자 분쟁 해결기준에 의해 보상받으실 수 있습니다.,02-1644-1246,,,,,,,,,,,,,,,,,,,,,
16,"""숙면선물"" 록시땅 릴랙싱 필로우미스트 패키지 (특별한선물 '톡별')","36,000원",small_luxury,,,,,,,,,,,,,,,,"방향제/코쿤 드 세레니떼 릴랙싱 필로우 미스트 100ml, 화장품/솝 50g, 핸드 크림 10ml",필로우미스트:일반용(섬유용) / 분사형(분무기형),별도표기(개봉 후 12개월 내 사용 권장/제조일로부터 2년이내의 상품을 발송합니다.),미스트 100ml/솝 50g /핸드 크림 10ml,해당없음,제조업자:Laboratories M&amp;L / 제조판매업자: 록시땅코리아 유한책임회사,해당없음,"코쿤 드 세레니떼 릴렉싱 필로우 미스트:주요물질-정제수, 에탄올, 향료(d-리모넨 등),알레르기물질-d-리모넨, 리날로올, 제라니올, 시트랄, 시트로넬롤,파네솔, 계면활성제-올레스-10(비이온계),기타물질: 3,7,7-트리메틸바이사이클로[4.1.0]헵-3-텐, d-리모넨 /시어 버터 솝-밀크:소듐팔메이트,정제수,소듐팜커넬레이트,소듐코코에이트,소듐시어버터레이트,향료,쉐어버터,스위트아몬드오일,글리세린,테트라소듐글루타메이트디아세테이트,테트라소듐에티드로네이트,하이드로제네이티드레시틴,소듐클로라이드,시트릭애씨드,리날룰,쿠마린,시트로넬올,알파-이소메칠이오논,리모넨/라벤더 핸드 크림:정제수,글리세린,쉐어버터,세테아릴알코올,포도씨오일,디카프릴릴카보네이트,하이드록시에틸아크릴레이트,소듐아크릴로일다이메틸타우레이트코폴리머,세틸알코올,디메치콘,라벤더오일,코코넛오일,비즈왁스,해바라기씨오일,로즈마리잎추출물,세테아릴글루코사이드, 토코페롤,폴리소르베이트60,소르비탄이소스테아레이트,페녹시에탄올,변성옥수수전분,클로페네신,향료,잔탄검,에칠헥실글리세린,쿠마린,리날룰,리모넨,제라니올/시어 버터 솝-버베나:소듐팔메이트,정제수,소듐팜커넬레이트,소듐코코에이트,소듐시어버터레이트,레몬버베나잎추출물,글리세린,테트라소듐글루타메이트디아세테이트,테트라소듐에티드로네이트,소듐벤조에이트,소듐클로라이드,시트릭애씨드,향료,시트랄,리모넨,리날룰,제라니올,시트로넬올/시어 버터 드라이 스킨 핸드 크림:정제수,시어버터,글리세린,다이메티콘,세테아릴알코올,글리세릴스테아레이트,아마씨추출물,꿀추출물,시어버터,마시멜로뿌리추출물,코코넛야자오일,유채스테롤,해바라기씨오일,폴리아크릴아마이드,세테아레스-33,우레아,잔탄검,피이지-100스테아레이트,부틸렌글라이콜,C13-14아이소파라핀,라우레스-7,에틸헥실글리세린,소듐하이드록사이드,벤조익애씨드,데하이드로아세틱애씨드,향료,클로페네신,에탄올,토코페롤,향료,리날룰,쿠마린,시트로넬올,알파-아이소메틸아이오논,리모넨,제라니올","1. 피부가 민감하거나 손상된 사람은 제품을 장기간 접촉하지 않도록 주의하시오. 2. 용기를 던지거나 떨어뜨리지 마시오.  3.어린이 손에 닿지 아니하는 곳에 보관하시오. 4.직사광선이나 열기에 노출시키지 마시오. 5.사람이나 음식물에 직접 사용하지 마시오. 6.제품이 얼었을 경우 변질 우려가 있으니 상온에서 사용하십시요. 7.내용물이 눈이나 피부에 닿으면 깨끗한 물로 씻고 이상이 있을 경우 의사와 상의하십시요. 8.넘어진 채로 방치되면 액이 흘러 나올 수 있으므로 주의하십시오. 9.밀폐된 공간에서 사용 시 충분히 환기를 하십시요. 10.변색, 탈색 등의 우려가 있는 곳에 사용 시 눈에 띄지 않는 부위에 사전 변색, 탈색 등의 유무를 확인한 후 사용하십시오. 11. 사용 후 잔량은 잘못 사용될 우려가 있으므로 원래의 용기에 보관하십시오",CB19-12-1022,02-2054-0500,,,,,,
17,[선물하기 단독] 퍼펙트 페어: 핸드 밤 & 립 케어 (립밤 or 립살브),"47,000원",small_luxury,레저렉션 아로마틱 핸드 밤 75ml / 프로텍티브 립 밤 SPF30 5.5g / 시더 &amp; 시트러스 립 살브 9mL,모든 피부 타입,제조일로부터 36개월 이내 사용. 제조 연월은 제품 라벨 뒷면의 배치 코드에서 확인 바랍니다.,레저렉션 아로마틱 핸드 밤: 큐티클에 세심한 주의를 기울여 필요할 때마다 깨끗한 손에 바르세요. / 프로텍티브 립 밤 SPF30: 넉넉하게 바르세요. 하루 종일 보호하려면 필요할 때마다 사용하세요. /시더 &amp; 시트러스 립 살브: 튜브를 가볍게 짜서 입술 위에 펴 발라 주세요.,이솝코리아 유한회사,상품상세설명 참조,"레저렉션 아로마틱 핸드 밤: 정제수, 글리세린, 스위트아몬드오일, 세테아릴알코올, 팔미틱애씨드, 세테아레스-20, 코코넛야자오일, 퀸즈랜드넛오일, 스테아릭애씨드, 필리핀오렌지껍질오일, 글리세릴스테아레이트, 아틀라스시다나무껍질오일, 알로에베라잎즙, 라벤더오일, 시어버터, 카카오씨버터, 오렌지오일, 토코페롤, 해바라기씨오일, 페녹시에탄올, 로즈마리잎오일, 왕귤씨추출물, 밀배아오일, 돌콩오일, 다이소듐이디티에이, 베타-카로틴, 당근추출물, 리모넨, 리날룰, 제라니올, 시트랄 / 프로텍티브 립 밤 SPF30:  피마자씨오일, 호호바에스터, 펜타에리스리틸테트라아이소스테아레이트, 칸데릴라왁스, 징크옥사이드, 해바라기씨오일, 토코페롤, 호호바씨오일, 옥토크릴렌, 글리세릴베헤네이트, 카나우바왁스, 탄제린껍질오일, 하이드로제네이티드캐스터오일, 글리세릴아이소스테아레이트, 폴리하이드록시스테아릭애씨드, 라벤더오일, 일랑일랑꽃오일 / 시더 &amp; 시트러스 립 살브: 펜타에리스리틸 테트라아이소스테아레이트, 피마자씨 오일, 글리세린, 카프릴릭/카프릭 트라이글리세라이드, 석류 스테롤, 정제수, 수크로오스 라우레이트, 수크로오스 스테아레이트, 아틀라스시다 나무껍질 오일, 수크로오스 팔미테이트, 오렌지 오일, 왕귤 껍질 오일, 리모넨",해당 사항 없음,"1. 화장품 사용 시 또는 사용 후 직사광선에 의하여 사용 부위가 붉은 반점, 부어오름 또는 가려움증 등의 이상 증상이나 부작용이 있는 경우 전문의 등과 상담할 것.",본 제품에 이상이 있을 시 공정거래위원회 고시 품목별 소비자 분쟁 해결기준에 의해 보상해드립니다.,1544-2431,,,,,,,,,,,,,,,,,,,,,
18,"""숙면선물"" [단독/파우치증정] 바디오일 & 우드 괄사 세트 (4종 중 택1)","35,000원",small_luxury,바디오일: 100ml / 우드 마사저: 98mm x 80 x 12mm ± 5mm / 파우치: 220mm x 160mm ± 5mm,모든피부,"제조일로부터 30개월, 개봉 후 12개월",바디오일: 건조한 부위 혹은 샤워 후 물기가 살짝 남은 상태에서 사타구니나 겨드랑이 방향으로 부드럽게 마사지하듯 발라줍니다. / 우드 마사저: 페이셜 혹은 바디오일과 함께 각 부위를 사용하여 적절히 자극해줍니다.,"바디오일: 아로마티카 / 우드 마사저: Jualae / 파우치: Junghwa Trade Co.,Ltd.",바디오일: 한국 / 우드 마사저: 베트남 / 파우치: 중국,"라벤더 바디오일: 해바라기씨오일, 스위트아몬드오일, 올리브껍질오일, 메도우폼씨오일, 호호바씨오일, 올리브오일, 라벤더오일(8,680ppm), *리날룰, 라반딘오일, 베르가모트오일, *리모넨, 벤조인나무수지추출물, 마닐라엘레미트리검오일, 토코페롤, 달맞이꽃오일, 다이프로필렌글라이콜, 마조람잎오일(220ppm), *제라니올, *벤질벤조에이트, *벤질알코올, *쿠마린, *시트랄 *에센셜오일에서 자연적으로 발견되는 성분 / 주니퍼베리 바디오일: 해바라기씨오일, 스위트아몬드오일, 올리브껍질오일, 메도우폼씨오일, 호호바씨오일, 올리브오일, 두송열매오일(7,000ppm), 솔잣나무오일, 로즈힙열매오일, 광곽향오일, 회향유, *리모넨, 토코페롤, 달맞이꽃오일, 생강오일(300oom), *시트랄, *리날룰 *에센셜 오일에서 자연적으로 발견되는 성분 / 페퍼민트 바디오일: 해바라기씨오일, 페퍼민트오일(99,900ppm), 스위트아몬드오일, 올리브껍질오일, 메도우폼씨오일, 호호바씨오일, 올리브오일, 유칼립투스잎오일(6,500ppm), 로즈마리잎오일, *리모넨, 아틀라스시다나무껍질오일, 벤조인나무수지추출물, 라벤더오일, 다이프로필렌글라이콜, *리날룰, 토코페롤, 달맞이꽃오일, 마트리카리아꽃오일, *벤질벤조에이트, *벤질알코올, *유제놀, *제라니올  *에센셜오일에서 자연적으로 발견되는 성분 / 네롤리 바디오일: 해바라기씨오일, 스위트아몬드오일, 올리브껍질오일, 베르가모트오일, 메도우폼씨오일, 호호바씨오일, 올리브오일, 센티드제라늄꽃오일, *리모넨, *리날룰, 비터오렌지꽃오일(3,000ppm), *시트로넬올, *제라니올, 토코페롤, 달맞이꽃오일, 광곽향오일(700ppm), *시트랄, *파네솔  *에센셜오일에서 자연적으로 발견되는 성분",해당없음,"사용 시의 주의사항 1. 화장품 사용 시 또는 사용 후 직사광선에 의하여 사용부위가 붉은 반점, 부어오름 또는 가려움증 등의 이상 증상이나 부작용이 있는 경우 전문의 등과 상담할 것 2. 상처가 있는 부위 등에는 사용을 자제할 것 3. 보관 및 취급시의 주의사항 가) 어린이의 손이 닿지 않는 곳에 보관할 것 나) 직사광선을 피해서 보관할 것 4. 제품 사용전 (윗팔 안쪽 부위에) 패치 테스트 후 사용할 것 5. 식물 유래 성분으로 인해 색상이 변할 수 있음",본 제품은 공정거래위원회 고시 소비자분쟁해결 기준에 의거 교환 또는 보상 받을 수 있습니다.,1600-3689,,,,,,,,,,,,,,,,,,,,,
19,"이맘때""보습""[챙겨줘서 고마워]멀티밤+아이밤_선물포장&오일증정","41,000원",small_luxury,가히 링클바운스 멀티밤 /9g 아이밤,모든 피부 타입,"멀티밤- 제조일로부터 36개월, 개봉 후 12개월(제조년월일:2021년04월 이후) 아이밤 -제조일로부터 36개월, 개봉 후 12개월","스킨케어 마지막 단계에서 얼굴 또는 건조한 피부 부위를 중심으로 부드럽게 펴 발라 줍니다. 메이크업 전에도 사용 가능하며, 메이크업 후에도 스틱을 피부에 부드럽게 접촉해, 광채 및 보습이 필요한 부위에 덧 발라주면 촉 촉하고, 은은한 물광 피부 표현이 가능합니다.",제조사:코스맥스(주) / 책임판매업자:(주)코리아테크,대한민국,"멀티밤-해바라기씨오일,폴리글리세릴-2트라이아이소스테아레이트,칸데릴라왁스,시어버터, 스위트아몬드오일,사과씨오일,옥틸도데칸올,마이크로크리스탈린왁스,한련초추출물, 인도멀구슬나무잎추출물,유용성감초추출물,드럼스틱씨오일,칸디다/가르시니아발효물, 쌀배아오일,오미자추출물,울금뿌리추출물,지치뿌리추출물,카놀라오일,타라열매추출물, 클로렐라 불가리스추출물,코토니추출물,당근씨오일,하이드롤라이즈드콜라겐,접시꽃추출물, 당근추출물,토코페롤,아데노신,정제수,부틸렌글라이콜,1,2-헥산다이올,베타-카로틴, 토코페릴아세테이트,에틸헥실글리세린,수용성프로테오글리칸,소듐디엔에이,비에이치티, 향료,벤질살리실레이트,벤질벤조에이트,부틸페닐메틸프로피오날,헥실신남알,하이드록시시트로넬알, 시트로넬올,알파-아이소메틸아이오논,치자추출물  아이밤-해바라기씨오일, 폴리글리세릴-2트라이아이소스테아레이트, 칸데릴라왁스, 스위트아몬드오일, 사과씨오일, 트라이에틸헥사노인, 쿠푸아수씨버터, 옥틸도데칸올, 마이크로크리스탈린왁스, 유용성감초추출물, 비타민나무오일, 한련초추출물, 인도멀구슬나무잎추출물, 드럼스틱씨오일, 타라열매추출물, 바실러스발효물, 칸디다/가르시니아발효물, 코토니추출물, 쌀배아오일, 오미자추출물, 하이드롤라이즈드콜라겐, 지치뿌리추출물, 모노기나산사꽃추출물, 아라비안자스민꽃추출물, 울금뿌리추출물, 토코페롤, 아데노신, 정제수, 프로판다이올, 글리세린, 1,2-헥산다이올, 부틸렌글라이콜, 시트릭애씨드, 에틸헥실글리세린, 아세틸헥사펩타이드-8, 수용성프로테오글리칸, 소듐디엔에이, 향료, 벤질벤조에이트, 헥실신남알, 벤질살리실레이트, 하이드록시시트로넬알, 시트로넬올, 리날룰, 알파-아이소메틸아이오논, 치자추출물",가히 멀티밤-주름/미백 2중 기능성 화장품 아이밤-미백/주름개선 2중 기능성 화장품,"멀티밤/ 아이밤 - 1) 화장품 사용 시 또는 사용 후 , 직사광선에 의하여 사용 분위가 붉은 반점, 부어오름 또는 가려움증 등의 이상 증상이나 부작용이 있는 경우, 전문의 등과 상담할 것 2) 상처가 있는 부위 등에는 사용을 자제할 것  보관 및 취급 시의 주의사항 가)어린이의 손이 닿지 않는 곳에 보관할 것 나)직사광선을 피해서 보관할 것","본 제품에 이상이 있을 경우, 공정거래위원회 고시 소비자분쟁해결기준에 의거 보상해드립니다.",080-555-8800,,,,,,,,,,,,,,,,,,,,,
20,[선물하기 단독][NEW] 달바 '보습명가' 미스트 세럼&핸드 세럼 기프트 세트,"25,900원",small_luxury,미스트 세럼 100ml+핸드 세럼 30ml,상품상세설명 참조,상품상세설명 참조,상품상세설명 참조,상품상세설명 참조,상품상세설명 참조,상품상세설명 참조,상품상세설명 참조,"""1. 화장품 사용 시 또는 사용 후 직사광선에 의하여 사용부위가 붉은 반점, 부어오름 또는 가려움증 등의 이상 증상이나 부작용이 있는 경우 전문의 등과 상담할 것  2. 상처가 있는 부위 등에는 사용을 자제할 것  3. 보관 및 취급 시의 주의사항  가) 어린이의 손이 닿지 않는 곳에 보관할 것  나) 직사광선을 피해서 보관할 것""","본 상품에 이상이 있을 경우 공정거래 위원회 고시 ""소비자 분쟁 해결기준""에 의해 교환 또는 보상해 드립니다.",02-332-7727,,,,,,,,,,,,,,,,,,,,,
21,[각인/선물포장] 미스 디올 블루밍 부케 헤어 미스트,"68,000원",small_luxury,30ML,모든 피부용,발송일로부터 최대 28개월 이내 제조 된 제품으로 발송. 제조일로부터 36개월 이내 사용,디올이 제안하는 감각적인 '로즈 리추얼'로 미스 디올 블루밍 부케의 향기를 더욱 오래 즐겨보세요. 1. 공기처럼 가벼운 감촉을 지닌 포밍 샤워 젤로 피부를 클렌징합니다. 2. 가볍고 산뜻한 실키 바디 미스트로 피부를 정돈합니다. 3. 헤어 미스트로 싱그러운 향기를 머금은 헤어 케어를 경험해 보세요.,엘 브이 엠 에치 코스메틱스(유),상품상세설명 참조,"에탄올,정제수,향료,트라이에틸시트레이트,피이지-60하이드로제네이티드캐스터오일,에틸헥실글리세린,에칠헥실메톡시신나메이트,부틸메톡시디벤조일메탄,에칠헥실살리실레이트,비에이치티,토코페롤,적색504호,청색1호,자색401호,리모넨,하이드록시시트로넬알,헥실신나몰,리날룰,벤질살리실레이트,알파-아이소메틸아이오논,시트로넬올,아이소유제놀,제라니올,시트랄",해당없음,"1. 화장품을 사용하여 다음과 같은 이상이 있는 경우에는 사용을 중지하여야 하며, 계속 사용하면 증상을 악화시키므로 피부과 전문의 등에게 상담 할 것  가)사용중 붉은 반점, 부어오름, 가려움증, 자극 등의 이상이 있는 경우  나)적용부위가 직사광선에 의하여 위와 같은 이상이 있는 경우2. 상처가 있는 부위, 습진 및 피부염 등의 이상이 있는 부위에는 사용을 하지 말 것5. 보관 및 취급상의 주의사항  가)사용후에는 반드시 마개를 닫아둘 것",관련법 및 소비자 분쟁해결 기준에 따름,디올 고객상담실: 080-342-9500,,,,,,,,,,,,,,,,,,,,,
22,N5 로 오 드 뚜왈렛 35ml,"109,000원",small_luxury,35ml,모든 피부 타입,배송되는 제품은 대부분 사용기한이 12개월 이상 남아있는 제품부터 순차적으로 배송됩니다.,"손목 안쪽 맥박이 뛰는 곳, 따뜻한 온기가 느껴지는 가슴 안쪽 은은한 향을 원할 때는 체온이 낮은 귓볼 또는 무릎 안쪽에 사용하세요.",CHANEL / 샤넬코리아 유한회사,상품상세설명 참조,"에탄올,정제수,향료,알파-아이소메틸아이오논,벤질알코올,벤질벤조에이트,벤질살리실레이트,시트랄,시트로넬올,쿠마린,유제놀,파네솔,제라니올,헥실신남알,아이소유제놀,리모넨,리날룰 *전성분은 경우에 따라 변경될 수 있으며, 변경된 성분은 제품 포장에서 확인하실 수 있습니다. 알레르기가 있는 경우, 제품 사용 전 항상 전성분을 확인하시기 바랍니다.",해당 사항 없음,"1) 화장품 사용 시 또는 사용 후 직사광선에 의하여 사용부위가 붉은 반점, 부어오름 또는 가려움증 등의 이상 증상이나 부작용이 있는 경우 전문의 등과 상담할 것. 2) 상처가 있는 부위 등에는 사용을 자제할 것. 3) 보관 및 취급 시의 주의사항: 가) 어린이의 손이 닿지 않는 곳에 보관할 것. 나) 직사광선을 피해서 보관할 것. 상세한 주의사항 내용은 제품에 부착된 라벨 내용을 참조해 주십시오.","본 제품은 공정 거래위원회 고시, 소비자 분쟁 해결 기준에 의거하여 교환 또는 보상받으실 수 있습니다. 본 제품은 샤넬의 엄격한 시험결과에 준하여 적정 조건에서 보관 시 최적의 품질을 보증합니다.",1) 카카오 선물하기 고객 센터: 1544-2431 2) 샤넬 고객 센터: 080-805-9638,,,,,,,,,,,,,,,,,,,,,
23,"[단독/선물포장] ""윈터에디션"" 유즈 헤어퍼퓸 & 스크런치 기프트 세트 (메세지카드 증정)","21,900원",small_luxury,30ml,모든 피부용,제조일로 부터 30개월,"모발로부터 10~15cm 떨어진 곳에서 적당량을 분사하여 흡수시켜주세요. 1. 정수리, 모발 냄새가 걱정될 때 '흔들지 않고' 뿌려주세요. 2. 머릿결 관리가 필요할 때, '흔들어' 뿌려주세요.",비앤비코리아 / (주)티에프리테일,대한민국,"로지선셋 헤어퍼퓸 003 정제수, 카프릴릭/카프릭트라이글리세라이드, 코코-카프릴레이트/카프레이트, 글리세린, 향료, 펜틸렌글라이콜, 하이드로제네이티드코코넛오일, 돌콩추출물, 비타민나무오일, 아르간커넬오일, 스위트아몬드오일, 하이드롤라이즈드케라틴, 소듐클로라이드, 카프릴릴글라이콜, 에틸헥실글리세린, 시트릭애씨드, 소듐파이테이트, 소듐시트레이트, 1,2-헥산다이올, 부틸렌글라이콜, 옥탄다이올, 토코페롤, 에탄올  스윗홀리데이 헤어퍼퓸 004 정제수, 카프릴릭/카프릭트라이글리세라이드, 코코-카프릴레이트/카프레이트, 글리세린, 향료, 펜틸렌글라이콜, 하이드로제네이티드코코넛오일, 돌콩추출물, 비타민나무오일, 아르간커넬오일, 스위트아몬드오일, 하이드롤라이즈드케라틴, 소듐클로라이드, 카프릴릴글라이콜, 에틸헥실글리세린, 시트릭애씨드, 소듐파이테이트, 소듐시트레이트, 1,2-헥산다이올, 부틸렌글라이콜, 옥탄다이올, 토코페롤, 에탄올, 헥실신남알, 리날룰, 벤질살리실레이트, 리모넨, 시트로넬올, 제라니올, 알파-아이소메틸아이오논  엔드리스서머 헤어퍼퓸 005 정제수, 카프릴릭/카프릭트라이글리세라이드, 코코-카프릴레이트/카프레이트, 글리세린, 향료, 펜틸렌글라이콜, 하이드로제네이티드코코넛오일, 돌콩추출물, 비타민나무오일, 아르간커넬오일, 스위트아몬드오일, 하이드롤라이즈드케라틴, 소듐클로라이드, 카프릴릴글라이콜, 에틸헥실글리세린, 시트릭애씨드, 소듐파이테이트, 소듐시트레이트, 1,2-헥산다이올, 부틸렌글라이콜, 옥탄다이올, 토코페롤, 에탄올, 벤질벤조에이트, 리모넨, 리날룰, 시트로넬올",해당사항 없음,"1. 화장품 사용 시 또는 사용 후 직사광선에 의하여 사용 부위가 붉은 반점, 부어오름 또는 가려움증 등의 이상 증상이나 부작용이 있는 경우 전문의 등과 상담할 것. 2. 상처가 있는 부위 등에는 사용을 자제할 것. 3. 보관 및 취급 시의 주의사항 가) 어린이의 손에 닿지 않는 곳에 보관할 것. 나) 직사광선을 피해서 보관할 것.","본 상품에 이상이 있을 경우, 공정거래위원회 고시 [소비자 분쟁 해결 기준]에 의해 보상해드립니다.",1688-9683,,,,,,,,,,,,,,,,,,,,,
24,[카카오단독] '48시간 수분지속' 랑콤 장미수 핸드크림 75ml (+이돌 샘플 증정),"27,000원",small_luxury,75ml,모든 피부용,이 제품은 사용기한 1년 이상 남은 제품부터 순차적으로 배송됩니다.,건조함을 느끼실 때 손에 수시로 발라 줍니다.,엘오케이(유) / 엘오케이(유),프랑스,정제수 글리세린 세테아릴알코올 글리세릴스테아레이트 시어버터 글리세릴스테아레이트에스이 다이메티콘 적색504호 소듐폴리아크릴레이트 페녹시에탄올 알지닌 알란토인 꿀 살리실릭애씨드 프로판다이올 카프릴릴글라이콜 알파-아이소메틸아이오논 제라니올 파네솔 다마스크장미꽃수 시트릭애씨드 헥실신남알 향료,해당없음,"1. 화장품을 사용하여 다음과 같은 이상이 있는 경우에는 사용을 중지하여야 하며, 계속 사용하면 증상을 악화시키므로 피부과 전문의 등에게 상담할 것가. 사용중 붉은 반점, 부어오름, 가려움증, 자극등의 이상이 있는경우     나. 적용부위가 직사광선에 의하여 위와 같은 이상이 있는 경우   2. 상처가 있는 부위, 습진 및 피부염등의 이상이 있는 부위에는 사용을 하지말 것   3. 보관 및 취급상의 주의사항     가. 사용후에는 반드시 마개를 닫아둘 것     나. 유·소아의 손이 닿지 아니하는 곳에 보관할 것     다. 고온 내지 저온의 장소 및 직사광선이 닿는 곳에는 보관하지 말 것  * 그 외 더 자세한 사용상 주의사항은 제품에 기재되어 있습니다.","상품에 동봉되는 품질 보증서 또는 공정거래위원회 고시,소비자 분쟁해결 기준에 따릅니다. 공정거래위원회 고시 소비자 분쟁 해결기준은 품질 보증서에 우선하여 진행합니다.",080-022-3332,,,,,,,,,,,,,,,,,,,,,
25,[생일/감사/축하선물] 모로칸오일 트리트먼트 50ml+증정 2종,"37,000원",small_luxury,[모로칸오일 트리트먼트] 50ML &amp; 10ML [올 인 원 리브인 컨디셔너] 20ML,[모로칸오일 트리트먼트] 모든 모발용 [올 인 원 리브인 컨디셔너] 모든 모발용,"개봉 전 3년, 개봉 후 12개월 내 사용 권장/제조일로부터 2년이내의 상품을 발송합니다.","[모로칸오일 트리트먼트] 건강하고 부드럽고 눈부시게 빛나는 모발을 위해 젖은 상태의 머리카락에 소량을 바른 후, 원하는 스타일로 드라이 또는 스타일링 하십시오.  [올 인 원 리브인 컨디셔너] 샴푸(&amp;마스크) 사용 후 타올 드라이한 젖은 모발의 중간부터 끝까지 골고루 도포하고 블로우 드라이합니다. 모발이 건조할 때 도포하고 손 빗질합니다.",책임판매업자 : ㈜씨앰케이 / 해외제조원 : 모로칸오일 이스라엘 엘티디,[모로칸오일 트리트먼트] 이스라엘 [올 인 원 리브인 컨디셔너] 미국,"[모로칸오일 트리트먼트] 사이클로메티콘, 다이메티콘, 아르간커넬오일, 향료, 아마씨추출물, 적색225호, 황색204호 [올 인 원 리브인 컨디셔너] 정제수, 세테아릴알코올, 프로판다이올, 세틸알코올, 아르간커넬오일, 해바라기씨오일, 보리씨추출물, 향료, 하이드롤라이즈드쌀단백질, 하이드롤라이즈드퀴노아, 밀아미노산, 소이아미노산, 시트릭애씨드, 글루코오스, 글리세린, 다이메티콘, 카프릴릭/카프릭트라이글리세라이드, 베헨트라이모늄메토설페이트, 스테아라민옥사이드, 올레알코늄클로라이드, 베헨트라이모늄클로라이드, 아모다이메티콘, 아이소프로필알코올, 카프릴릭/카프릭글리세라이드폴리글리세릴-10에스터, 자일리틸글루코사이드, 구아하이드록시프로필트라이모늄클로라이드, 안하이드로자일리톨, 글리세릴스테아레이트에스이, 신나미도프로필트라이모늄클로라이드, 자일리톨, 트라이데세스-12, 폴리쿼터늄-7, 폴리쿼터늄-11, C12-13파레스-9, 세트리모늄클로라이드, 알지닌에이치씨엘, 세린, 트레오닌, 알진, 키토산, 포타슘솔베이트, 소듐벤조에이트, 벤질알코올, 페녹시에탄올",해당없음,"1) 화장품 사용 시 또는 사용 후 직사광선에 의하여 사용부위가 붉은 반점, 부어오름 또는 가려움증 등의 이상 증상이나 부작용이 있는 경우 전문의 등과 상담할 것 2) 상처가 있는 부위 등에는 사용을 자제할 것 3) 보관 및 취급 시의 주의사항 가) 어린이의 손이 닿지 않는 곳에 보관할 것 나) 직사광선을 피해서 보관할 것 4) 눈에 들어갔을 때에는 즉시 씻어낼 것",관련 법 및 소비자 분쟁해결 규정에 따름,1) 카카오톡 선물하기 고객센터: 1544-2431 2) 모로칸오일 고객센터: 1666-5125,,,,,,,,,,,,,,,,,,,,,
26,[단독/선물포장] 센트 페어링 코롱 듀오,"58,000원",small_luxury,9ML*2,모든 피부용,유통기한과 제조일자가 상품마다 상이하여 정확한 날짜를 기재 할 수 없습니다.,"손목, 귀 뒤 등 맥박이 뛰는 곳에 뿌려줍니다. 단독으로 사용하거나 다른 제품과 함께 컴바이닝할 수 있으며 같은 라인의 바디 제품과 사용할 수 있습니다.",조 말론 런던 / 이엘씨에이한국(유),상품상세설명 참조,"전성분: 잉글리쉬 페어 앤 프리지아 코롱 9ML: 변성알코올,정제수,향료,리모넨,부틸페닐메틸프로피오날,리날룰,제라니올,헥실신남알,벤질벤조에이트,시트로넬올 [ILN36265]   피오니 앤 블러쉬 스웨이드 코롱 9ML; 변성알코올, 정제수, 향료, 벤질살리실레이트, 알파-아이소메틸아이오논, 벤질알코올, 제라니올, 하이드록시시트로넬알, 시트로넬올, 리날룰, 유제놀, 리모넨, 신나밀알코올, 아이소유제놀, 벤질벤조에이트, 시트랄, 펜타에리스리틸테트라-다이-t-부틸하이드록시하이드로신나메이트 [ILN43072]  넥타린 블로썸 앤 허니 코롱 9ML; 변성알코올,향료,정제수,비에이치티,리모넨,리날룰,시트로넬올,시트랄,제라니올 [ILN38719]  라임 바질 앤 만다린 코롱 9ML; 변성알코올,정제수,향료,리모넨,부틸페닐메틸프로피오날,리날룰,하이드록시시트로넬알,알파-아이소메틸아이오논,참나무이끼추출물,시트랄,아밀신남알,제라니올,시트로넬올,벤질살리실레이트,헥실신남알,유제놀 [ILN38287] *제공된 성분은 동일 제품이라도 경우에 따라 변경될 수 있습니다. 최신정보는 제품 포장의 성분을 참고하시거나 본사 고객관리지원팀으로 연락 부탁 드립니다.",해당 사항 없음,"1. 화장품을 사용하여 다음과 같이 이상이 있을 경우에는 사용을 중지할 것이며, 계속 사용하면 증상을 악화시키므로 피부과 전문의 등에게 상담할 것 1)사용 중 붉은 반점, 부어오름, 가려움증, 자극 등의 이상이 있을 경우 2)적용부위가 직사광선에 의해 위와 같은 이상이 있을 경우 2. 상처가 있는 곳 또는 습진 및 피부염등의 이상이 있는 부위에는 사용을 금할 것 3. 눈에 들어가지 않도록 주의할 것 4. 보관 및 취급상의 주의사항 1)사용 후에는 반드시 마개를 닫아 둘 것 2)유.소아의 손에 닿지 않는 곳에 보관할 것 3)고온 내지 저온의 장소 및 직사광선이 닿는 곳에는 보관하지 말 것",관련법 및 소비자 분쟁해결 기준에 따름,조 말론 런던 고객관리지원팀 02-6971-3221,,,,,,,,,,,,,,,,,,,,,
27,레저렉션 아로마틱 핸드 워시,"47,000원",small_luxury,500ml,모든 피부 타입,제조일로부터 36개월 이내 사용. 제조 연월은 제품 라벨 뒷면의 배치 코드에서 확인 바랍니다.,젖은 손에 덜어내어 거품을 낸 다음 깨끗하게 헹굽니다.,이솝코리아 유한회사,상품상세설명 참조,"정제수, 소듐하이드록시프로필설포네이트라우릴글루코 사이드크로스폴리머, 코카미도프로필하이드록시설테인, 소듐메틸코코일타우레이트, 피이지-40하이드로제네이티드캐스터오일, 소듐클로라이드, 1,2-헥산다이올, 피이지-120메틸글루코스디올리에이트, 필리핀오렌지껍질오일, 에틸헥실글리세린, 아틀라스시다나무껍질오일, 라벤더오일, 오렌지오일, 소듐데하이드로아세테이트, 로즈마리잎오일, 코코넛애씨드, 시트릭애씨드, 토코페롤, 리모넨, 리날룰",해당 사항 없음,"""1. 화장품 사용 시 또는 사용 후 직사광선에 의하여 사용 부위가 붉은 반점, 부어오름 또는 가려움증 등의 이상 증상이나 부작용이 있는 경우 전문의 등과 상담할 것.",본 제품에 이상이 있을 시 공정거래위원회 고시 품목별 소비자 분쟁 해결기준에 의해 보상해드립니다.,1544-2431,,,,,,,,,,,,,,,,,,,,,
28,[선물세트] 퍼퓸 핸드케어 미니 세트 (핸드크림+손 소독제),"26,500원",small_luxury,15ml+30ml,모든 피부 타입,발송일로부터 최대 12개월 이내 제조 된 제품으로 발송. 제조일로부터 36개월 이내 사용,"[손 소독제] 손을 씻기 어려운 상황, 손 청결 유지가 필요한 상황에서 적당량을 마른 손에 도포해 줍니다. 손에서 에탄올이 충분히 증발되기 전에 흡입하지 않도록 주의 바랍니다.     [핸드크림] 쉘 케이스의 뚜껑을 열어 버튼을 세로방향으로 손등에 부드럽게 눌러보세요. 깔끔한 애티튜드로 기능하는 새로운 에어리스 펌프 시스템이 내용물을 최대한 남기지 않고 사용할 수 있게 도와줍니다.",*화장품제조업자 - [손 소독제] ㈜ 렉스바이오 / [핸드크림] 주식회사 정코스     *화장품책임판매업자 - (주)아이아이컴바인드,대한민국,"[FEY9] 정제수, 글리세린, 카프릴릭/카프릭트라이글리세라이드, 부틸렌글라이콜, 세테아 릴알코올, C12-15알킬벤조에이트, 아이소도데케인, 향료, 1,2-헥 산다이올, 글리세릴스테아레이트, 베헤닐알코올, 시어버터, 피 이지-100스테아레이트, 다이메티콘, 에틸헥실글리세린, 알루미늄전분옥테닐석시네이트, 잔탄검, 암모늄아크릴로일다이메틸 타우레이트/브이피코폴리머, 세틸알코올, 하이드롤라이즈드 호호바에스터, 아데노신, 판테놀, 토코페릴아세테이트, 호호바에스터, 소듐하이알루로네이트, 병풀추출물, 신나밀알코올, 파네솔, 리모넨, 리날룰   [VEIN] 정제수, 글리세린, 카프릴릭/카프릭트라이글리세라이드, 부틸렌글라이콜, 세테 아릴알코올, C12-15알킬벤조에이트, 아이소도데케인, 향료, 1,2-헥산다이올, 글리세릴스테아레이트, 베헤닐알코올, 시어버터, 피이지-100스테아레이트, 다이메티콘, 에틸헥실글리세린, 알루미늄전분옥테닐석시네이트, 잔탄검, 암모늄아크릴로일 다이메틸타우레이트/브이피코폴리머, 세틸알코올, 하이드롤 라이즈드호호바에스터, 아데노신, 판테놀, 토코페릴아세테이트, 호호바에스터, 소듐하이알루로네이트, 병풀추출물, 시트로넬올, 유제놀, 제라니올, 헥실신남알, 아이소유제놀, 리모넨, 리날룰   [손 소독제] 에탄올, 정제수, 카보머, 트리에탄올아민, 글리세린, 부틸렌글라이콜, 폴리소르베이트 60, 센텔라엑스, 향료",주름개선 (핸드크림),"[퍼퓸 핸드크림] 1.화장품 사용시 또는 사용후 직사광선에 의하여 사용부위가 붉은반점, 부어오름 또는 가려움증 등의 이상 증상이나 부작용이 있는 경우 전문의 등과 상담할 것 2.상처가 있는 부위 등에는 사용을 자제할 것 3.보관 및 취급시의 주의사항 1)어린이의 손이 닿지 않는 곳에 보관할 것 2)직사광선을 피해서 보관할 것    [손 소독제] 1. 다음의 신체 부위에는 사용하지 않는다. 눈 및 귀 주위, 구강 내, 광범위한 신체 부위 및 손상된 피부(자극 작용이 나타날 수 있다) 2. 다음과 같은 증상이 나타나는 경우 즉시 사용을 중지하고 의사, 약사와 상의한다. 1) 발진, 홍반, 가려움증, 부종 등 과민증상이 나타나는 경우 2) 피부자극 증상이 나타나는 경우 3. 기타 사용시 주의사항 1) 외용으로만 사용한다(내복하지 말 것). 2) 눈에 들어가지 않도록 주의하며, 만약 들어간 경우에는 깨끗한 물로 잘 씻어낸 후 의사, 약사와 상의한다. 3) 광범위하게 또는 장기간 사용하는 경우 증기를 흡입하지 않도록 주의한다(에탄올 증기를 대량 또는 반복하여 마시는 경우 점막에의 자극, 두통 등이 나타날 수 있다). 4) 동일 부위에 반복 사용하는 경우에는 탈지(脫脂) 등으로 피부가 거칠어 질 수 있으므로 주의한다. 5) 밀봉붕대, 깁스붕대, 팩 등에 사용할 경우 자극 증상이 나타날 수 있으므로 사용하지 않는다. 6) 항문 또는 질 찜질에 이 약을 사용할 경우 자극 또는 화학적 화상을 일으킬 수 있으므로 사용하지 않는다",본 제품은 공정거래위원회 고시 소비자분쟁해결기준에 의거 교환 또는 보상받을 수 있습니다.,02-1644-1246,,,,,,,,,,,,,,,,,,,,,
29,[선물하기 단독] 달바 '비건' 화이트 트러플 미스트 세럼 세트(100ml+50ml),"30,900원",small_luxury,100ml+50ml,상품상세설명 참조,상품상세설명 참조,상품상세설명 참조,상품상세설명 참조,상품상세설명 참조,상품상세설명 참조,상품상세설명 참조,"""1. 화장품 사용 시 또는 사용 후 직사광선에 의하여 사용부위가 붉은 반점, 부어오름 또는 가려움증 등의 이상 증상이나 부작용이 있는 경우 전문의 등과 상담할 것  2. 상처가 있는 부위 등에는 사용을 자제할 것  3. 보관 및 취급 시의 주의사항  가) 어린이의 손이 닿지 않는 곳에 보관할 것  나) 직사광선을 피해서 보관할 것""","본 상품에 이상이 있을 경우 공정거래 위원회 고시 ""소비자 분쟁 해결기준""에 의해 교환 또는 보상해 드립니다.",02-332-7727,,,,,,,,,,,,,,,,,,,,,
30,"[선물포장] ""장미수토너"" 아쿠아 디 로즈 250ml 선물세트 (+토너스프레이)","38,000원",small_luxury,250 ml,모든피부타입,대부분 사용기한 10개월 이상 남은 상품을 발송해 드립니다.,토닉 사용 시 화장 솜에 묻혀 가볍게 두드려 줍니다.,산타 마리아 노벨라 / ㈜신세계인터내셔날,이탈리아,"[전성분] 디마스크장미꽃수(49.65997%), 정제수, 벤질알코올, 포타슘솔베이트, 소듐벤조에이트, 향료, 제라니올, 시트로넬올, 유제놀",무,"1) 화장품 사용 시 또는 사용 후 직사광선에 의하여 사용부위가 붉은 반점, 부어오름 또는 가려움증 등의 이상 증상이나 부작용이 있는 경우 전문의 등과 상담할 것&amp;amp;lt;BR/&amp;amp;gt; 2) 상처가 있는 부위 등에는 사용을 자제할 것&amp;amp;lt;BR/&amp;amp;gt; 3) 보관 및 취급 시의 주의사항 &amp;amp;lt;BR/&amp;amp;gt;가) 어린이의 손이 닿지 않는 곳에 보관할 것&amp;amp;lt;BR/&amp;amp;gt; 나) 직사광선을 피해서 보관할 것&amp;amp;lt;BR/&amp;amp;gt; 4) 눈에 들어가지 않도록 주의할 것",관련법 및 소비자분쟁해결기준에 따름,(신세계인터내셔날 고객센터 1644-4490),,,,,,,,,,,,,,,,,,,,,
31,[홀리데이 패키지/각인] '미니쿠션증정' 센슈얼 쉬어스테인틴트(톡별),"33,300원",small_luxury,7ml,모든 피부타입,"제조일로부터 36개월, 개봉후 12개월","- 내장된 전용 팁을 이용하여, 입술 전체에 균일하고 매끄럽게 펴 발라 줍니다. - 강한 지속력을 원하는 경우 입술 중앙 부위에 한 번 더 덧발라 줍니다. - 어플리케이터의 끝을 이용하여 입술 라인을 섬세하게 마무리해 주면, 더욱 선명하고 또렷한 립 메이크업이 연출됩니다.",(주)아모레퍼시픽,한국,"정제수, 부틸렌글라이콜, 아이소도데케인, 다이페닐실록시페닐트라이메티콘, 변성알코올, 글리세린, 스테아레스-21, 페닐트라이메티콘, 세테아릴알코올, 트라이메틸실록시실리케이트, 펜틸렌글라이콜, 스테아레스-2, 1,2-헥산다이올, 폴리프로필실세스퀴옥세인, 티타늄디옥사이드 (CI 77891), 하이드록시에틸아크릴레이트/소듐아크릴로일다이메틸타우레이트코폴리머, 폴리글리세릴-2다이아이소스테아레이트, 트레할로오스, 적색산화철, 폴리아크릴레이트-13, 향료, 카프릴릴글라이콜, 폴리글리세릴-2트라이아이소스테아레이트, 폴리아이소부텐, 적색40호, 황색5호, 솔비탄아이소스테아레이트, 폴리솔베이트60, 다이소듐이디티에이, 청색1호, 흑색산화철, 폴리솔베이트20",무,"""1) 화장품 사용 시 또는 사용 후 직사광선에 의하여 사용부위가 붉은 반점, 부어오름 또는 가려움증 등의 이상 증상이나 부작용이 있는 경우 전문의 등과 상담할 것 2) 상처가 있는 부위 등에는 사용을 자제할 것 3) 보관 및 취급 시의 주의 사항  가) 어린이의 손이 닿지 않는 곳에 보관할 것  나) 직사광선을 피해서 보관할 것""","본 제품에 이상이 있을 경우, 공정거래위원회 고시 소비자 분쟁 해결기준에 의거 보상해 드립니다.",아모레퍼시픽 고객센터 1588-5087,,,,,,,,,,,,,,,,,,,,,
32,[리미티드/선물포장] 미스 디올 뷰티 리추얼,"134,000원",small_luxury,"미스 디올 블루밍 부케 - 30ml , 립 글로우 - 3.2g, 미스 디올 핸드 크림 - 20ml",모든 피부용,발송일 기준 최대 28개월 이내 제조된 제품으로 발송. 제조일로부터 36개월 이내 사용. / 제조일 정보는 상담실(080-342-9500)로 연락주시기 바랍니다.,1. 디올 어딕트 립 글로우로 입술을 부드럽고 촉촉하게 가꿔주세요. 2. 미스 디올 블루밍 부케를 손목과 목 등 맥박이 뛰는 곳에 뿌려 주세요. 3. 미스 디올 너리싱 로즈 핸드 크림으로 손을 촉촉하게 가꿔주세요.,엘 브이 엠 에치 코스메틱스(유) / 엘 브이 엠 에치 코스메틱스(유),프랑스,"에탄올,정제수,향료,부틸메톡시디벤조일메탄,적색504호,황색4호,자색401호,리모넨,헥실신남알,리날룰,벤질살리실레이트,알파-아이소메틸아이오논,시트로넬올,아이소유제놀,하이드록시시트로넬알,시트랄,제라니올,벤질알코올,폴리글리세릴-2트라이아이소스테아레이트,해바라기씨오일,하이드로제네이티드캐스터오일다이머다이리놀레에이트,피토스테릴/옥틸도데실라우로일글루타메이트,호호바에스터,폴리글리세릴-2아이소스테아레이트/다이머다이리놀리에이트코폴리머,칸데릴라왁스,베헤닐베헤네이트,해바라기씨왁스,시어버터,쌀겨왁스,카프릴릭/카프릭트라이글리세라이드,향료,시어버터불검화물,다이아이소스테아릴말레이트,양벚나무씨오일,토코페롤,티타늄디옥사이드(CI 77891),에틸바닐린,적색223호,트라이메틸올프로판트라이아이소스테아레이트,아스코빌팔미테이트,미역추출물,적색201호,적색202호 레이크,적색226호 레이크,프로필갈레이트,정제수,시어버터,글리세린,부틸렌글라이콜,프로판다이올,글리세릴스테아레이트,피이지-100스테아레이트,스위트아몬드오일,향료,폴리메틸메타크릴레이트,에탄올,세틸알코올,스테아릴알코올,하이드록시에틸아크릴레이트/소듐아크릴로일다이메틸타우레이트코폴리머,프로방스장미꽃수 (0.49%),카프릴릴글라이콜,클로페네신,카보머,트로메타민,트라이에틸시트레이트,펜타에리스리틸테트라-다이-t-부틸하이드록시하이드로신나메이트,잔탄검,폴리솔베이트60,솔비탄아이소스테아레이트,로즈힙열매오일,시트릭애씨드,돌콩오일,토코페롤,소듐벤조에이트,포타슘솔베이트,적색504호,아스코빌다이팔미테이트,리모넨,하이드록시시트로넬알,헥실신남알,리날룰,벤질살리실레이트,알파-아이소메틸아이오논,시트로넬올,아이소유제놀,제라니올,시트랄 /성분 목록은 변경될 수 있습니다. 최신 정보는 제품 포장을 참고하시거나 고객상담실로 연락 주시기 바랍니다.",해당없음,"1. 화장품을 사용하여 다음과 같은 이상이 있는 경우에는 사용을 중지하여야 하며, 계속 사용하면 증상을 악화시키므로 피부과 전문의 등에게 상담 할 것 가)사용중 붉은 반점, 부어오름, 가려움증, 자극 등의 이상이 있는 경우 나)적용부위가 직사광선에 의하여 위와 같은 이상이 있는 경우 2. 상처가 있는 부위, 습진 및 피부염 등의 이상이 있는 부위에는 사용을 하지 말 것 3. 보관 및 취급상의 주의사항 가)사용후에는 반드시 마개를 닫아둘 것",관련법 및 소비자 분쟁해결 기준에 따름,디올 소비자상담실 / 080-342-9500,,,,,,,,,,,,,,,,,,,,,
33,[홀리데이 선물포장 / 홀리데이 카드] 핸드크림 & 립 세트,"30,000원",small_luxury,리칠리 하이드레이팅 핸드 크림: 30ml / 립밤 #1: 15ml,모든 피부 타입,"배송되는 제품은 사용기한이 12개월 이상 남아있는 제품부터 순차적으로 배송, 개봉 후 12개월 이내 사용",리칠리 하이드레이팅 핸드 크림: 손이나 팔에 충분한 양을 골고루 펴 발라주세요. /  립밤 넘버1: 적당량을 입술 전체를 부드럽게 마사지 하듯 발라주세요.,제조자:미국 로레알사 / 책임판매업자:엘오케이(유),상품상세설명 참조,리칠리 하이드레이팅 핸드 크림(라벤더): 정제수 글리세린 에칠헥실팔미테이트 글리세릴스테아레이트 카카오씨드버터 쉐어버터 세틸알코올 피이지-100스테아레이트 카나우바왁스 스쿠알란 페녹시에탄올 알로에베라잎즙 행인오일 카프릴릴글라이콜 라벤더오일 소르빅애씨드 토코페롤 소듐폴리아크릴레이트 소듐하이드록사이드 리날룰 스테아릴알코올 미리스틸알코올 제라니올 리모넨 / 리칠리 하이드레이팅 핸드 크림(자몽): 정제수 글리세린 에칠헥실팔미테이트 글리세릴스테아레이트 카카오씨드버터 쉐어버터 세틸알코올 피이지-100스테아레이트 카나우바왁스 스쿠알란 향료 페녹시에탄올 알로에베라잎즙 행인오일 카프릴릴글라이콜 소르빅애씨드 토코페롤 리모넨 소듐폴리아크릴레이트 소듐하이드록사이드 스테아릴알코올 미리스틸알코올 벤질알코올 리날룰 벤질살리실레이트 알파-이소메칠이오논 제라니올 시트로넬올 헥실신남알 벤질신나메이트 아밀신남알 시트랄 /  립밤 #1(오리지널): 페트롤라툼 스쿠알란 라놀린 밀배아오일 펜틸렌글라이콜 토코페롤 카프릴릴글라이콜 펜타에리스리틸테트라-디-t-부틸하이드록시하이드로신나메이트 알란토인 알로에베라잎추출물 / 립밤 #1(크랜베리): 페트롤라툼 스쿠알란 라놀린 밀배아오일 펜틸렌글라이콜 토코페롤 카프릴릴글라이콜 펜타에리스리틸테트라-디-t-부틸하이드록시하이드로신나메이트 알란토인 벤질벤조에이트 리모넨 벤질알코올 아니스알코올 리날룰 향료 알로에베라잎추출물 아밀신남알 / 립밤 #1(페어): 페트롤라툼 스쿠알란 라놀린 밀배아오일 펜틸렌글라이콜 토코페롤 카프릴릴글라이콜 펜타에리스리틸테트라-디-t-부틸하이드록시하이드로신나메이트 알란토인 벤질벤조에이트 리모넨 벤질알코올 아니스알코올 리날룰 향료 알로에베라잎추출물 아밀신남알 / 립밤 #1(민트): 페트롤라툼 스쿠알란 라놀린 밀배아오일 펜틸렌글라이콜 페퍼민트오일 토코페롤 카프릴릴글라이콜 펜타에리스리틸테트라-디-t-부틸하이드록시하이드로신나메이트 알란토인 리모넨 리날룰 향료 알로에베라잎추출물 / 립밤 #1(망고): 페트롤라툼 스쿠알란 라놀린 밀배아오일 토코페롤 펜타에리스리틸테트라-디-t-부틸하이드록시하이드로신나메이트 알란토인 이소프로필미리스테이트 이소프로필팔미테이트 리모넨 벤질벤조에이트 벤질알코올 리날룰 아밀신남알 비에이치티 알로에베라잎추출물 향료,해당 사항 없음,"1. 화장품 사용 시 또는 사용 후 직사광선에 의하여 사용부위가 붉은 반점, 부어오름 또는 가려움증 등의 이상 증상이나 부작용이 있는 경우 전문의 등과 상담할 것 2. 상처가 있는 부위 등에는 사용을 자제할 것 3. 보관 및 취급 시의 주의사항    가) 어린이의 손이 닿지 않는 곳에 보관할 것    나) 직사광선을 피해서 보관할 것  상세한 주의사항 내용은 제품에 부착된 라벨내용을 참조해 주십시오.",본 제품에 이상이 있을 경우 공정거래위원회 고시 품목별 소비자분쟁해결기준에 의해 보상해 드립니다.,소비자 상담실 : 1544-2431,,,,,,,,,,,,,,,,,,,,,
34,[선물포장] 바이레도 바디로션 225ml (6종 택1),"88,000원",small_luxury,225ml,모든 피부타입,대부분 사용기한 10개월 이상 남은 상품을 발송해 드립니다.,"샤워 후 물기를 닦아낸 다음, 부드럽게 원을 그리면서 몸 전체에 고루 펴 발라줍니다.",시세이도 인터내셔날 프랑스 / (주)신세계인터내셔날,프랑스,"[라튤립] 정제수, 카프릴릭/카프릭트라이글리세라이드, 부틸렌글라이콜, 스테아레스-2, 시어버터, 다이메티콘, 글리세린, 스테아레스-21, 폴리메틸메타크릴레이트, 세틸알코올, 페녹시에탄올, 잔탄검, 에칠헥실메톡시신나메이트, 부틸메톡시디벤조일메탄, 카프릴릴글라이콜, 토코페릴아세테이트, 아크릴레이트/C10-30알킬아크릴레이트크로스폴리머, 다이소듐이디티에이, 포타슘하이드록사이드, 비에이치티, 향료, 리모넨, 하이드록시시트로넬알, 제라니올, 리날룰, 시트로넬올, 시트랄, 아이소유제놀 / [로즈오브노맨즈랜드] 정제수, 카프릴릭/카프릭트라이글리세라이드, 부틸렌글라이콜, 향료, 스테아레스-2, 시어버터, 다이메티콘, 글리세린, 스테아레스-21, 폴리메틸메타크릴레이트, 세틸알코올, 페녹시에탄올, 잔탄검, 에칠헥실메톡시신나메이트, 부틸메톡시디벤조일메탄, 카프릴릴글라이콜, 토코페릴아세테이트, 아크릴레이트/C10-30알킬아크릴레이트크로스폴리머, 다이소듐이디티에이, 포타슘하이드록사이드, 비에이치티, 리모넨, 시트로넬올 / [모하비고스트] 정제수, 카프릴릭/카프릭트라이글리세라이드, 부틸렌글라이콜, 스테아레스-2, 시어버터, 다이메티콘, 글리세린, 스테아레스-21, 폴리메틸메타크릴레이트, 세틸알코올, 페녹시에탄올, 카프릴릴글라이콜, 잔탄검, 에칠헥실메톡시신나메이트, 부틸메톡시디벤조일메탄, 소듐벤조에이트, 토코페릴아세테이트, 아크릴레이트/C10-30알킬아크릴레이트크로스폴리머, 다이소듐이디티에이, 포타슘하이드록사이드, 비에이치티, 향료, 알파-아이소메틸아이오논 / [발다프리크] 정제수, 카프릴릭/카프릭트라이글리세라이드, 부틸렌글라이콜, 스테아레스-2, 시어버터, 다이메티콘, 글리세린, 스테아레스-21, 폴리메틸메타크릴레이트, 세틸알코올, 페녹시에탄올, 잔탄검, 에칠헥실메톡시신나메이트, 부틸메톡시디벤조일메탄, 카프릴릴글라이콜, 토코페릴아세테이트, 아크릴레이트/C10-30알킬아크릴레이트크로스폴리머, 다이소듐이디티에이, 포타슘하이드록사이드, 비에이치티, 향료, 리모넨, 알파-아이소메틸아이오논, 하이드록시시트로넬알, 리날룰, 쿠마린, 시트랄 / [블랑쉬] 정제수, 카프릴릭/카프릭트라이글리세라이드, 부틸렌글라이콜, 스테아레스-2, 시어버터, 다이메티콘, 글리세린, 스테아레스-21, 폴리메틸메타크릴레이트, 세틸알코올, 페녹시에탄올, 잔탄검, 에칠헥실메톡시신나메이트, 부틸메톡시디벤조일메탄, 카프릴릴글라이콜, 토코페릴아세테이트, 아크릴레이트/C10-30알킬아크릴레이트크로스폴리머, 다이소듐이디티에이, 포타슘하이드록사이드, 비에이치티, 향료, 하이드록시시트로넬알, 알파-아이소메틸아이오논, 리모넨, 시트랄 / [집시워터] 정제수,쉐어버터,카프릴릭/카프릭트리글리세라이드,향료,부틸렌글라이콜,글리세린,사이클로펜타실록산,세테아릴알코올,글리세릴모노스테아레이트,피이지-100스테아레이트,디메치콘,펜타에리스리틸테트라에칠헥사노에이트,자일리톨,트리에칠헥사노인,세테아레스-22,페녹시에탄올,에칠헥실메톡시신나메이트,카보머,토코페릴아세테이트,카프릴릴글라이콜,부틸메톡시디벤조일메탄,디소듐이디티에이,잔탄검,소듐하이드록사이드,비에이치티,시트랄,리모넨,리날룰",무,"1) 화장품 사용 시 또는 사용 후 직사광선에 의하여 사용부위가 붉은 반점, 부어오름 또는 가려움증 등의 이상 증상이나 부작용이 있는 경우 전문의 등과 상담할 것 2) 상처가 있는 부위 등에는 사용을 자제할 것 3) 보관 및 취급 시의 주의사항 가) 어린이의 손이 닿지 않는 곳에 보관할 것 나) 직사광선을 피해서 보관할 것 4) 눈에 들어가지 않도록 주의할 것",공정거래위원회고시 품목별 소비자 분쟁 해결 기준에 따라 안내 받으실 수 있습니다.,(인픽스 고객센터 02-336-9256),,,,,,,,,,,,,,,,,,,,,
35,[단독/핸드타월 제공] 에센셜 핸드 케어 듀오,"78,000원",small_luxury,레저렉션 아로마틱 핸드 밤 75mL / 레저렉션 아로마틱 핸드 워시 500mL,모든 피부 타입,제조일로부터 36개월 이내 사용. 제조 연월은 제품 라벨 뒷면의 배치 코드에서 확인 바랍니다.,레저렉션 아로마틱 핸드 밤: 큐티클에 세심한 주의를 기울여 필요할 때마다 깨끗한 손에 바르세요. / 레저렉션 아로마틱 핸드 워시: 젖은 손에 덜어 내어 거품을 낸 다음 깨끗하게 헹굽니다.,이솝코리아 유한회사,상품상세설명 참조,"레저렉션 아로마틱 핸드 밤: 정제수, 글리세린, 스위트아몬드오일, 세테아릴알코올, 팔미틱애씨드, 세테아레스-20, 코코넛야자오일, 퀸즈랜드넛오일, 스테아릭애씨드, 필리핀오렌지껍질오일, 글리세릴스테아레이트, 아틀라스시다나무껍질오일, 알로에베라잎즙, 라벤더오일, 시어버터, 카카오씨버터, 오렌지오일, 토코페롤, 해바라기씨오일, 페녹시에탄올, 로즈마리잎오일, 왕귤씨추출물, 밀배아오일, 돌콩오일, 다이소듐이디티에이, 베타-카로틴, 당근추출물, 리모넨, 리날룰, 제라니올, 시트랄 / 레저렉션 아로마틱 핸드 워시: 정제수, 소듐하이드록시프로필설포네이트라우릴글루코 사이드크로스폴리머, 코카미도프로필하이드록시설테인, 소듐메틸코코일타우레이트, 피이지-40하이드로제네이티드캐스터오일, 소듐클로라이드, 1,2-헥산다이올, 피이지-120메틸글루코스디올리에이트, 필리핀오렌지껍질오일, 에틸헥실글리세린, 아틀라스시다나무껍질오일, 라벤더오일, 오렌지오일, 소듐데하이드로아세테이트, 로즈마리잎오일, 코코넛애씨드, 시트릭애씨드, 토코페롤, 리모넨, 리날룰",해당 사항 없음,"1. 화장품 사용 시 또는 사용 후 직사광선에 의하여 사용 부위가 붉은 반점, 부어오름 또는 가려움증 등의 이상 증상이나 부작용이 있는 경우 전문의 등과 상담할 것",본 제품에 이상이 있을 시 공정거래위원회 고시 품목별 소비자 분쟁 해결기준에 의해 보상해드립니다.,1544-2431,,,,,,,,,,,,,,,,,,,,,
36,사봉 바디 스크럽 320g (11종 택1),"45,000원",small_luxury,320g,모든 피부 타입,"사용 기한은 제품 라벨 뒷면에서 확인 바랍니다. 개봉 후, 1년 이내 사용을 권해 드립니다.",주 1~2회 샤워 후 젖은 피부에 적당량을 덜어 마사지한 후에 헹궈내세요.,사봉 쉘 팜 인더스트리스 엘티디 / (주)비엔에프통상,이스라엘,"[자스민 바디스크럽] 소듐클로라이드, 아이소프로필미리스테이트, 향료 (자스민향 2.5%), 피마자씨오일, 스위트아몬드오일, 안디로바씨오일, 하이드로제네이티드호호바오일, 보리지추출물, 해바라기씨오일, 아사이팜열매오일, 토코페릴아세테이트, 에칠헥실메톡시신나메이트, 라우레스-4, 에칠헥실살리실레이트, 카프릴릴글라이콜, 페닐프로판올, 벤조페논-3, 녹색201호, 청색1호, 리날룰, 부틸페닐메틸프로피오날 [라벤더애플 바디스크럽] 소듐클로라이드, 아이소프로필미리스테이트, 향료 (라벤더애플향 2.01%), 피마자씨오일, 스위트아몬드오일, 안디로바씨오일, 하이드로제네이티드호호바오일, 보리지추출물, 해바라기씨오일, 아사이팜열매오일, 토코페릴아세테이트, 에칠헥실메톡시신나메이트, 라우레스-4, 에칠헥실살리실레이트, 카프릴릴글라이콜, 페닐프로판올, 벤조페논-3, 적색504호, 아밀신남알, 쿠마린, 제라니올, 시트로넬올, 리모넨, 리날룰 [화이트티 바디스크럽] 소듐클로라이드, 아이소프로필미리스테이트, 향료 (화이트티향 3.5%), 피마자씨오일, 스위트아몬드오일, 안디로바씨오일, 하이드로제네이티드호호바오일, 보리지추출물, 해바라기씨오일, 아사이팜열매오일, 토코페릴아세테이트, 에칠헥실메톡시신나메이트, 라우레스-4, 에칠헥실살리실레이트, 카프릴릴글라이콜, 페닐프로판올, 벤조페논-3, 시트랄, 제라니올, 헥실신나몰, 리모넨, 리날룰 [그린로즈 바디스크럽] 소듐클로라이드, 아이소프로필미리스테이트, 향료 (그린로즈향 2.01%), 피마자씨오일, 스위트아몬드오일, 안디로바씨오일, 하이드로제네이티드호호바오일, 보리지추출물, 해바라기씨오일, 아사이팜열매오일, 토코페릴아세테이트, 에칠헥실메톡시신나메이트, 라우레스-4, 에칠헥실살리실레이트, 카프릴릴글라이콜, 페닐프로판올, 벤조페논-3, 시트랄, 시트로넬올, 제라니올, 헥실신나몰, 리모넨, 리날룰 [진저오렌지 바디스크럽] 소듐클로라이드, 아이소프로필미리스테이트, 향료 (진저오렌지향 3.5%), 리모넨, 피마자씨오일, 스위트아몬드오일, 안디로바씨오일, 하이드로제네이티드호호바오일, 보리지추출물, 해바라기씨오일, 아사이팜열매오일, 토코페릴아세테이트, 에칠헥실메톡시신나메이트, 라우레스-4, 에칠헥실살리실레이트, 카프릴릴글라이콜, 페닐프로판올, 벤조페논-3, 부틸페닐메틸프로피오날, 리날룰, 시트랄, 유제놀, 등색205호  [머스크 바디스크럽] 소듐클로라이드, 아이소프로필미리스테이트, 향료 (머스크향 3.5%), 피마자씨오일, 스위트아몬드오일, 안디로바씨오일, 하이드로제네이티드호호바오일, 보리지추출물, 해바라기씨오일, 아사이팜열매오일, 토코페릴아세테이트, 에칠헥실메톡시신나메이트, 라우레스-4, 에칠헥실살리실레이트, 카프릴릴글라이콜, 페닐프로판올, 벤조페논-3, 헥실신나몰, 리날룰 [시트러스블라썸 바디스크럽] 소듐클로라이드, 아이소프로필미리스테이트, 향료(시트러스블라썸향 3.5%), 피마자씨오일, 스위트아몬드오일, 안디로바씨오일, 하이드로제네이티드호호바오일, 보리지추출물, 해바라기씨오일, 아사이팜열매오일, 토코페릴아세테이트, 에칠헥실메톡시신나메이트, 라우레스-4, 에칠헥실살리실레이트, 카프릴릴글라이콜, 페닐프로판올, 벤조페논-3, 벤질살리실레이트, 시트로넬올, 제라니올, 헥실신남알, 리날룰, 등색205호) [로즈티 바디스크럽] 소듐클로라이드, 아이소프로필미리스테이트, 향료 (로즈티향 3.5%), 피마자씨오일, 스위트아몬드오일, 안디로바씨오일, 하이드로제네이티드호호바오일, 보리지추출물, 해바라기씨오일, 아사이팜열매오일, 토코페릴아세테이트, 에칠헥실메톡시신나메이트, 라우레스-4, 에칠헥실살리실레이트, 카프릴릴글라이콜, 페닐프로판올, 벤조페논-3, 적색504호, 리모넨 [아로마틱 블리스] 씨솔트, 아이소프로필미리스테이트, 피마자씨오일, 센티드제라늄오일, 라다넘오일, 요엽후박나무껍질추출물, 펜틸렌글라이콜, 글리세릴카프릴레이트, 토코페릴아세테이트, 스위트아몬드오일, 안디로바씨오일, 호호바씨오일, 보리지씨오일, 해바라기씨오일, 아사이팜열매오일, 시트로넬올, 제라니올 [아로마틱 세레니티] 씨솔트, 아이소프로필미리스테이트, 피마자씨오일, 캐모마일꽃오일, 라벤더오일, 만다린껍질오일, 요엽후박나무껍질추출물, 펜틸렌글라이콜, 글리세릴카프릴레이트, 토코페릴아세테이트, 스위트아몬드오일, 안디로바씨오일, 호호바씨오일, 보리지씨오일, 해바라기씨오일, 아사이팜열매오일, 리모넨, 리날룰 [파츌리라벤더바닐라 바디스크럽] 씨솔트, 아이소프로필미리스테이트, 향료, 벤질벤조에이트, 피마자씨오일, 에칠헥실메톡시신나메이트, 라우레스-4, 에칠헥실살리실레이트, 벤조페논-4, 펜틸렌글라이콜, 글리세릴카프릴레이트, 토코페릴아세테이트, 요엽후박나무껍질추출물, 스위트아몬드오일, 안디로바씨오일, 호호바씨오일, 보리지씨오일, 해바라기씨오일, 아사이팜열매오일, 시트로넬올, 쿠마린, 제라니올, 리날룰 (제공된 성분은 동일 제품이라도 경우에 따라 변경될 수 있습니다. 최신정보는 제품 포장의 성분을 참고하세요) [쿨링 민티스파크] 정제수, 프로필렌글라이콜, 향료, 멘틸락테이트, 하이드로제네이티드폴리아이소부텐, 세테아릴에틸헥사노에이트, 폴리아크릴아마이드, C13-14아이소파라핀, 카프릴릴글라이콜, 라우레스-7, 페닐프로판올, 클로페네신, 다이소듐이디티에이, 아보카도오일, 알로에베라잎즙, 벤조페논-4, 토코페릴아세테이트, 글리세린, 워터민트잎추출물(0.0014%), 시트릭애씨드, 소듐벤조에이트, 포타슘솔베이트, 시트랄, 리모넨, 리날룰",해당 사항 없음,"1. 화장품을 사용하여 다음과 같은 이상이 있는 경우에는 사용을 중지하여야 하며, 계속 사용하면 증상을 악화시키므로 피부과 전문의 등에게 상담할 것 1) 사용중 붉은 반점, 부어오름, 가려움증, 자극등의 이상이 있는경우 2) 적용부위가 직사광선에 의하여 위와 같은 이상이 있는 경우 2. 상처가 있는 부위, 습진 및 피부염등의 이상이 있는 부위에는 사용을 하지말 것 3. 보관 및 취급상의 주의사항 1) 사용후에는 반드시 마개를 닫아둘 것 2) 유·소아의 손이 닿지 아니하는 곳에 보관할 것  3) 고온 내지 저온의 장소 및 직사광선이 닿는 곳에는 보관하지 말 것",공정거래위원회 고시 품목별 소비자분쟁 해결기준,사봉고객센터 1833-6763,,,,,,,,,,,,,,,,,,,,,
37,"""센스있는 선물 추천"" 곰돌이 브릭 베어 차량용 방향제 선물 패키지 (2가지향 증정)","22,000원",small_luxury,,,,,,,,,,,,,,,,말라코 차량용 방향제,"용도 자동차용-실내용,일반용-실내공간용,일반용-섬유용 / 제형 비분사형-함침물형",상품상세설명 참조,2.1ml,해당사항없음,대한민국,해당사항없음,"[ 로스트체리 ] 주요물질 : 폴리에틸렌,향료(리모넨 등) / 알레르기반응가능물질 : 리모넨,하이드록시이소헥실3-사이클로헥센카복스알데하이드 / 기타물질 : 1,3,4,6,7,8- 헥사하이드로 -4,6,6,7,8,8- 헥사메틸사이클로펜타 [g]-2- 벤조피란,리모넨 // [ 프렌치라임 ] 주요물질 : 폴리에틸렌,향료(리모넨 등) / 알레르기반응가능물질 : 리날로올,리모넨,벤질벤조에이트,부틸페닐메칠프로피오날,시트랄,시트로넬롤,신남알,알파-이소메칠이오논,제라니올 / 기타물질 : 1,3,4,6,7,8- 헥사하이드로 -4,6,6,7,8,8- 헥사메틸사이클로펜타 [g]-2- 벤조피란,리모넨",상품상세설명 참조,CB22-12-0147,031-8027-7969,,,,,,
38,[선물포장] 퍼퓸드 핸드&바디 워시 250ml (3종 택1),"32,000원",small_luxury,250ML,모든 피부 타입,개봉 후 12개월,워시와 에멀전을 함께 사용하면 향기의 지속력을 높일 수 있습니다. 펌프 네크에 끼워진 락을 제거하여 초기 공타를 진행한 후 사용해주세요. 워시는 충분히 물에 적신 샤워 타월 또는 손에 1-2회 펌프한 분량으로 문질러 거품을 낸 후 흐르는 물에 헹구어 줍니다. 초기 공타 시에는 천천히 깊게 누르듯 펌핑하여 5초 정도 기다린 후 재펌핑을 반복해주세요. (내용물의 점성 때문에 펌프가 내용물을 빨아들이는 시간이 필요합니다.),*화장품제조업자 - 에스겔코스메틱 / *화장품책임판매업자 - (주)아이아이컴바인드,대한민국,"[000] 정제수, 코코-베타인, 소듐메틸코코일타우레이트, 소듐클로라이드, 글리세린, 올리브오일피이지-8에스터, 향료, 병풀추출물, 베타인, 시트릭애씨드, 다이소듐코코암포다이아세테이트, 헥실렌글라이콜, 판테놀, 피이지-40하이드로제네이티드캐스터오일, 피피지-26-부테스-26, 시트랄, 리모넨, 리날룰, 소듐벤조에이트.     [7] 정제수, 코코-베타인, 소듐메틸코코일타우레이트, 소듐클로라이드, 글리세린, 올리브오일피이지-8에스터, 향료, 병풀추출물, 베타인, 시트릭애씨드, 다이소듐코코암포다이아세테이트, 헥실렌글라이콜, 판테놀, 피이지-40하이드로제네이티드캐스터오일, 피피지-26-부테스-26, 리모넨, 리날룰, 소듐벤조에이트     [712] 정제수, 코코-베타인, 소듐메틸코코일타우레이트, 소듐클로라이드, 글리세린, 올리브오일피이지-8에스터, 병풀추출물, 베타인, 시트릭애씨드, 다이소듐코코암포다이아세테이트, 헥실렌글라이콜, 판테놀, 피이지-40하이드로제네이티드캐스터오일, 피피지-26-부테스-26, 리모넨, 리날룰, 향료, 소듐벤조에이트",무,"1.화장품 사용시 또는 사용후 직사광선에 의하여 사용부위가 붉은반점, 부어오름 또는 가려움증 등의 이상 증상이나 부작용이 있는 경우 전문의 등과 상담할 것2.상처가 있는 부위 등에는 사용을 자제할 것 3.보관 및 취급시의 주의사항 1)어린이의 손이 닿지 않는 곳에 보관할 것 2)직사광선을 피해서 보관할 것",본 제품은 공정거래위원회 고시 소비자분쟁해결기준에 의거교환 또는 보상받을 수 있습니다.,02-1644-1246,,,,,,,,,,,,,,,,,,,,,
39,"[단독/홀리데이 선물포장] ""더현대 품절템"" 비건 팩클렌저 4종 디스커버리 키트 (+엽서)","25,700원",small_luxury,휩드 휴대용 미니 25ml,상품상세설명 참조,개봉일로부터 6개월 이내로 사용해주세요,상품상세설명 참조,(주)미누스토리/ 주식회사 세모컴퍼니,대한민국,"* 인공색소가 아닌 재료 본연의 색을 살려 약간의 색 빠짐이 있을 수 있으나&nbsp; 자연스러운 현상이니 안심하고 사용해주세요.  &lt;휩드 딸바 비건 팩클렌저+나이아신아마이드 2%&gt; 글리세린(37.2%), 소듐코코일이세티오네이트, 정제수, 스테아릭애씨드, 코코-베타인, 나이아신아마이드(23,312ppm), 1,2-헥산다이올, 딸기가루(7,872ppm), 소듐클로라이드, 레몬껍질오일, 베르가모트오일, 라임전초오일, 향료, 오렌지껍질오일, 글루코오스, 프룩토오스, 치자추출물, 덱스트린, 바닐라열매추출물(133ppm), 시트랄*, 시트로넬올*, 리모넨*, 리날룰*, 제라니올*, 벤질벤조에이트&nbsp;  &lt;휩드 호호벤더 B5 비건 팩클렌저+나이아신아마이드 2%&gt; 글리세린(36.8%), 소듐코코일이세티오네이트, 정제수, 스테아릭애씨드, 코코-베타인, 나이아신아마이드(23,067ppm), 1,2-헥산다이올, 호호바씨오일(8,987ppm), 소듐클로라이드, 덱스판테놀(3,894ppm), 자몽껍질오일, 오렌지껍질오일, 로즈마리잎오일, 라벤더오일(1,028ppm), 덱스트린, 치자추출물, 시트랄*, 시트로넬올*, 리모넨*, 리날룰*, 쿠마린*, 제라니올*, 아이소유제놀*&nbsp;  &lt;휩드 라보카도 비건 팩클렌저+나이아신아마이드 2%&gt; 글리세린(36.2%), 소듐코코일이세티오네이트, 정제수, 스테아릭애씨드, 코코-베타인, 아보카도오일(24,648ppm), 1,2-헥산다이올, 나이아신아마이드(22,594ppm), 소듐클로라이드, 레몬껍질오일, 라임전초오일(3,063ppm), 자몽껍질오일, 치자추출물, 부틸렌글라이콜, 프로필렌글라이콜, 글루코오스, 프룩토오스, 덱스트린, 병풀잎, 바닐라열매추출물, 시트랄*, 제라니올*, 리모넨*, 리날룰*&nbsp;  &lt;휩드 머그트리 비건 팩클렌저+나이아신아마이드 2%&gt; 글리세린(37%), 소듐코코일이세티오네이트, 정제수, 스테아릭애씨드, 코코-베타인, 1,2-헥산다이올, 나이아신아마이드(23,201ppm), 소듐클로라이드, 오렌지껍질오일, 레몬껍질오일, 사철쑥가루(2,190ppm), 로즈마리잎오일, 센티드제라늄오일, 부틸렌글라이콜, 프로필렌글라이콜, 티트리잎오일(461ppm), 덱스트린, 치자추출물, 병풀잎, 시트랄*, 제라니올*, 리날룰*, 시트로넬올*, 리모넨*&nbsp;  *천연에센셜오일과 그 안에 포함된 성분",해당 없음,"1.화장품 사용 시 또는 사용 후 직사광선에 의하여 사용부위가 붉은 반점, 부어오름 또는 가려움증 등의 이상 증상이나 부작용이 있는 경우 전문의 등과 상담할 것 2.상처가 있는 부위 등에는 사용을 자제할 것 3.보관 및 취급시의 주의사항 가) 어린이의 손이 닿지 않는 곳에 보관할 것 나) 직사광선을 피해서 보관할 것 4. 눈 주위를 피하여 사용할 것",본 제품은 공정거래위원회 고시 소비자분쟁해결기준에 의거 교환 또는 보상받을 수 있습니다.,휩드 고객센터 070-8654-0964,,,,,,,,,,,,,,,,,,,,,
40,[미세스콜드] [스트레스 해소 선물] 천연 아로마 테라피 감성 기프트 세트,"39,900원",small_luxury,,,,,,,,,,,,,,,,미세스콜드아로마오일라벤더,"일반용(실내공간용), 훈증형",별도표기,10ml,상품상세설명 참조,미세스 콜드,상품상세설명 참조,향료(라벤더 오일),상품상세설명 참조,DB22-12-1825,070-7749-7004,,,,,,
41,[웨지우드 카카오단독] 티타임 머그 선물 세트 (머그 2p + TEA 25입),"58,000원",small_luxury,,,,,,인도네시아,,,,관련법 및 소비자 분쟁해결 기준에 따름,,페스티비티 커피잔 라즈베리 2인조 + 홍차 선물세트,,제조자:웨지우드/ 수입자:㈜한국웨지우드마케팅,,,,,,,,,,,,,도자기제(본차이나),"티컵 2p, 받침 2p, 홍차 선물세트 16티백","티컵지름 10cm, 높이 6cm/ 받침 지름 16cm",2021년 05월,식품위생법에 따른 수입신고를 필함,㈜한국웨지우드마케팅 02-3446-8331
42,[각인/선물포장] 미스 디올 블루밍 부케 롤러-펄 오 드 뚜왈렛,"68,000원",small_luxury,20ML,모든 피부용,발송일로부터 최대 28개월 이내 제조 된 제품으로 발송. 제조일로부터 36개월 이내 사용,맥박이 뛰는 곳에 스프레이를 1~2회 분사해줍니다.  향의 지속력을 더욱 유지하고 싶을 경우 동일 향수의 바디로션이나 크림을 바른 후 사용하셔도 됩니다.,엘 브이 엠 에치 코스메틱스(유),상품상세설명 참조,"에탄올,정제수,향료,하이드록시프로필셀룰로오스,에칠헥실메톡시신나메이트,부틸메톡시디벤조일메탄,에칠헥실살리실레이트,비에이치티,적색504호,황색4호,자색401호,토코페롤,리모넨,하이드록시시트로넬알,헥실신남알,리날룰,벤질살리실레이트,알파-이소메칠이오논,시트로넬올,이소유제놀,제라니올,시트랄",해당없음,"1. 화장품을 사용하여 다음과 같은 이상이 있는 경우에는 사용을 중지하여야 하며, 계속 사용하면 증상을 악화시키므로 피부과 전문의 등에게 상담 할 것 가)사용중 붉은 반점, 부어오름, 가려움증, 자극 등의 이상이 있는 경우 나)적용부위가 직사광선에 의하여 위와 같은 이상이 있는 경우2. 상처가 있는 부위, 습진 및 피부염 등의 이상이 있는 부위에는 사용을 하지 말 것3. 보관 및 취급상의 주의사항 가)사용후에는 반드시 마개를 닫아둘 것",관련법 및 소비자 분쟁해결 기준에 따름,디올 소비자상담실 080-342-9500,,,,,,,,,,,,,,,,,,,,,
43,[록시땅1위선물] 록시땅 샤워 젤 250ml (12종 중 택1),"29,000원",small_luxury,상품상세설명 참조,모든 타입,개봉 후 12개월 내 사용 권장/제조일로부터 2년 이내의 상품을 발송합니다.,"샤워 볼이나 스펀지에 적당량을 덜어 거품을 내어 클렌징 후, 물로 씻어냅니다",제조사: Laboratories M&amp;L / 제조판매업자: 록시땅코리아 유한책임회사,상품상세설명 참조,"1. 시어 버터 샤워 밀크 250ml : 정제수,다이소듐라우레스설포석시네이트,티이에이-라우릴설페이트,다이소듐라우릴설포석시네이트,소듐코코일이세티오네이트,옥수수전분,시어버터추출물,세테아릴알코올,피이지-7글리세릴코코에이트,코카미도프로필베타인,라우레스-2,아크릴레이트코폴리머,시어버터,향료,글리세린,하이드로제네이티드캐스터오일,코코-글루코사이드,글리세릴올리에이트,소듐벤조에이트,알란토인,토코페릴아세테이트,에틸헥실글리세린,폴리쿼터늄-7,폴리쿼터늄-10,스위트아몬드오일,세테아릴글루코사이드,티타늄디옥사이드,포타슘솔베이트,벤질알코올,리날룰,연필향나무오일,알파-아이소메틸아이오논,시트로넬올,쿠마린,글리세릴스테아레이트에스이,페녹시에탄올,잔탄검,벤조익애씨드,데하이드로아세틱애씨드,폴리아미노프로필바이구아나이드,고수씨오일,토코페롤,하이드로제네이티드팜글라이세라이드시트레이트 2. 버베나 샤워 젤 250ml : 정제수,소듐라우레스설페이트,코코-글루코사이드,코카미도프로필베타인,피이지-7글리세릴코코에이트,레몬버베나잎추출물(0.099%),치자추출물,피이지-120메칠글루코오스디올리에이트,피이지-40하이드로제네이티드캐스터오일,소듐벤조에이트,소듐클로라이드,토코페롤,시트릭애씨드,프로필렌글라이콜,향료,시트랄,리모넨,제라니올,헥실신남알,시트로넬올,벤질벤조에이트,리날룰,황색4호,적색504호,청색1호 3. 시트러스 버베나 샤워 젤 250ml : 정제수,소듐라우레스설페이트,코카미도프로필베타인,코코-글루코사이드,피이지-7글리세릴코코에이트,피이지-40하이드로제네이티드캐스터오일,향료,소듐벤조에이트,포타슘소르베이트,피이지-120메칠글루코오스디올리에이트,왕귤수,레몬버베나잎추출물(0.1%),레몬껍질오일,토코페롤,리모넨,시트랄,제라니올,황색4호,적색227호 4. 에르베 샤워 젤 250ml : 정제수,소듐라우레스설페이트,코코-글루코사이드,글리세린,코코-베타인,향료,소듐클로라이드,소듐벤조에이트,시트릭애씨드,리모넨,리날룰,알파-아이소메틸아이오논 5. 라벤더 오가닉 샤워 젤 250ml : 정제수,소듐라우레스설페이트,글리세린,코카미도프로필베타인,코코-글루코사이드,피이지-7글리세릴코코에이트,피이지-40하이드로제네이티드캐스터오일,라벤더오일(0.264%),라우레스-2,소듐벤조에이트,피이지-120메칠글루코오스디올리에이트,에칠헥실메톡시신나메이트,부틸메톡시디벤조일메탄,토코페롤,향료,리날룰,쿠마린,자색401호,청색1호 6. 체리 블라썸 배쓰 앤 샤워 젤 250ml : 정제수,소듐라우레스설페이트,코코-글루코사이드,코카미도프로필베타인,피이지-7글리세릴코코에이트,향료,신양벚나무추출물(0.002%),피이지-40하이드로제네이티드캐스터오일,포타슘소르베이트,소듐벤조에이트,프로필렌글라이콜,라우레스-2,피이지-120메칠글루코오스디올리에이트,에칠헥실메톡시신나메이트,부틸메톡시디벤조일메탄,토코페롤,리모넨,알파-이소메칠이오논,리날룰,황색4호,적색227호,적색504호,청색1호 7. NEW 로즈 샤워 젤 250ml : 정제수 소듐라우레스설페이트 코코-글루코사이드 글리세린 데실글루코사이드 코코-베타인 향료 프로방스장미꽃수(0.098%) 소듐클로라이드 소듐벤조에이트 시트릭애씨드 시트로넬올 리날룰 리모넨 제라니올  8. 떼르 드 루미에르 로 샤워 젤 250ml : 정제수, 소듐라우레스설페이트,코코-글루코사이드, 코코-베타인, 글리세린, 향료, 소듐클로라이드, 소듐벤조에이트, 시트릭애씨드, 리모넨, 벤질살리실레이트, 시트로넬올, 제라니올 9.for baby]시어 베이비 커들 앤 버블 포밍 크림 300ml : 정제수,글리세린,코코-글루코사이드,소듐라우레스설페이트,폴리솔베이트 20,피이지-7글리세릴코코에이트,피이지-120메틸글루코스디올리에이트,코코-베타인,글라이콜다이스테아레이트,시어버터추출물(0.001%),소듐클로라이드,소듐벤조에이트(0.3%),시트릭애씨드,폴리쿼터늄-10,토코페롤(0.002%),향료 10. 에르베 로 샤워 젤 250ml : 정제수,소듐라우레스설페이트,코코-글루코사이드,글리세린,코코-베타인,향료,안젤리카씨오일,마시멜로뿌리추출물,소듐클로라이드,시트릭애씨드,소듐벤조에이트,리날룰,리모넨,알파-아이소메틸아이오논 11. 캡 쎄드라 샤워 젤 250ml : 정제수,소듐라우레스설페이트,코코-글루코사이드,글리세린,코코-베타인,향료,세드랏껍질오일(0.000168%),멘톨,소듐클로라이드,소듐벤조에이트,폴리쿼터늄-10,시트릭애씨드,소듐아세테이트,아이소프로필알코올,리모넨,리날룰,시트랄 12. 2022 버베나 아이스 바디 샤워 젤 250ml : 정제수 소듐라우레스설페이트 코코-글루코사이드 글리세린 코코-베타인 레몬버베나잎추출물(0.099%) 리씨열매오일 멘톨 멘틸피씨에이 소듐클로라이드 다이프로필렌글라이콜 시트릭애씨드 소듐벤조에이트 향료 리모넨 시트랄 제라니올 헥실신남알 시트로넬올 벤질벤조에이트 리날룰",해당없음,"1. 화장품 사용 시 또는 사용 후 직사광선에 의하여 사용 부위가 붉은 반점, 부어오름 또는 가려움증 등의 이상 증상이나 부작용이 있는 경우 전문의 등과 상담할 것 2. 상처가 있는 부위 등에는 사용을 자제할 것 3. 보관 및 취급 시의 주의사항 1)어린이의 손이 닿지 않는 곳에 보관할 것 2)직사광선을 피해서 보관할 것.",관련법 및 소비자분쟁해결기준에 따름,록시땅 / 02)2054-0500  / 상담시간 오전 10시-오후 5시,,,,,,,,,,,,,,,,,,,,,
44,WON SHOT SET - 원소주 스피릿(1ea)&니트잔(2ea),"38,900원",small_luxury,,,,,,,,,,,,,,,,,,,,,,,,,,,,,,,,
45,[선물포장] 입생로랑 립 밤 퍼펙터,"45,000원",small_luxury,,,,,,,,,,,,,,,,,,,,,,,,,,,,,,,,
46,[신규향추가/선물포장] 왁스 타블렛 2개입 (9종 택1),"42,000원",small_luxury,,,,,,,,,,,,,,,,,,,,,,,,,,,,,,,,
47,"""24일의 설렘"" [홀리데이 한정판] 캐스키드슨 크리스마스 어드벤트 캘린더 (24종)(+쇼핑백)","45,000원",small_luxury,,,,,,,,,,,,,,,,,,,,,,,,,,,,,,,,
48,[선물포장] 쟈도르 오 드 퍼퓸 헤어 미스트,"68,000원",small_luxury,,,,,,,,,,,,,,,,,,,,,,,,,,,,,,,,
49,[선물포장] 발망헤어 실크 퍼퓸 50ml (헤어퍼퓸&컨디셔닝),"28,000원",small_luxury,,,,,,,,,,,,,,,,,,,,,,,,,,,,,,,,
50,[비건] 달바 화이트 트러플 3 솔루션 기프트 박스(미스트 52ml*3)(톡별),"31,900원",small_luxury,,,,,,,,,,,,,,,,,,,,,,,,,,,,,,,,
51,"[홀리데이/선물포장] ""더현대 품절템"" 비건 팩클렌저 4종 택1 (+세안밴드 GIFT)","22,700원",small_luxury,,,,,,,,,,,,,,,,,,,,,,,,,,,,,,,,
52,[선물포장] 디퓨저 165ML,"134,000원",small_luxury,,,,,,,,,,,,,,,,,,,,,,,,,,,,,,,,
53,"[선물포장] ""향기가득 생일선물"" 샴퓨어 헤어 케어 세트","59,000원",small_luxury,,,,,,,,,,,,,,,,,,,,,,,,,,,,,,,,
54,WON THE ROCK SET - 원소주 스피릿(2ea)&온더락잔(2ea),"61,900원",small_luxury,,,,,,,,,,,,,,,,,,,,,,,,,,,,,,,,
55,[선물포장] 리브르 오 드 뚜왈렛 30ml,"89,000원",small_luxury,,,,,,,,,,,,,,,,,,,,,,,,,,,,,,,,
56,[선물포장] 바뇨쉬우마 라이트패키지(바디워시) 8종 택1,"62,000원",small_luxury,,,,,,,,,,,,,,,,,,,,,,,,,,,,,,,,
57,[감각적인 선물] 티로직 계수나무 머그 2P 우드받침 2P세트 2종 택1,"30,000원",small_luxury,,,,,,,,,,,,,,,,,,,,,,,,,,,,,,,,
58,"[친구맺고 3%적립] [단독/선물포장] ""향기로운 일상"" 바디로션&미니 핸드크림 패키지 세트(톡별)","85,000원",small_luxury,,,,,,,,,,,,,,,,,,,,,,,,,,,,,,,,
59,"""꽃 향기 가득"" 랑방 에끌라 EDP 30ML 세트 (미니 4.5ML+쇼핑백) (톡별)","32,500원",small_luxury,,,,,,,,,,,,,,,,,,,,,,,,,,,,,,,,
60,[쇼핑백] 메종마르지엘라 레이지 선데이 모닝 핸드크림 30ml,"42,000원",small_luxury,,,,,,,,,,,,,,,,,,,,,,,,,,,,,,,,
61,[선물하기 단독] 달바 핸드 세럼&립 세럼 기프트 세트,"19,900원",small_luxury,,,,,,,,,,,,,,,,,,,,,,,,,,,,,,,,
62,"[샘플 2종] ""달콤한 꿀잠선물"" 슬리피 - 기프트 (샤워젤+바디로션)/생일 선물","37,000원",small_luxury,,,,,,,,,,,,,,,,,,,,,,,,,,,,,,,,
63,"""SNS 인기아이템"" 2가지 불빛 미니조명 렉슨미나 S사이즈","39,900원",small_luxury,,,,,,,,,,,,,,,,,,,,,,,,,,,,,,,,
64,WON BAR COCKTAIL SET - 원소주 스피릿(1ea)&COCKTAIL ITEM,"48,900원",small_luxury,,,,,,,,,,,,,,,,,,,,,,,,,,,,,,,,
65,"""드립커피계의 명품"" 싱가폴 바샤커피 혼합 드립백 패키지 기프트박스 (쇼핑백 증정)","66,000원",small_luxury,,,,,,,,,,,,,,,,,,,,,,,,,,,,,,,,
66,블루 드 샤넬 오 드 빠르펭 50ml,"127,000원",small_luxury,,,,,,,,,,,,,,,,,,,,,,,,,,,,,,,,
67,[선물포장] 필로우 미스트 50ML,"59,000원",small_luxury,,,,,,,,,,,,,,,,,,,,,,,,,,,,,,,,
68,[친구맺고 3%적립] 홈 핸드&바디 워시 300ml (4종 택1),"28,000원",small_luxury,,,,,,,,,,,,,,,,,,,,,,,,,,,,,,,,
69,[단독/10%off] 라부르켓 립밤+핸드크림30ml 틴케이스 선물세트 (향 7종 택1),"39,600원",small_luxury,,,,,,,,,,,,,,,,,,,,,,,,,,,,,,,,
70,바디 클렌저,"56,000원",small_luxury,,,,,,,,,,,,,,,,,,,,,,,,,,,,,,,,
71,[선물포장] 핸드워시 300ML (6종 중 택1),"32,000원",small_luxury,,,,,,,,,,,,,,,,,,,,,,,,,,,,,,,,
72,[탱글엔젤] '여신같은 머릿결' 프로 퍼펙트 세트 (톡별),"24,900원",small_luxury,,,,,,,,,,,,,,,,,,,,,,,,,,,,,,,,
73,"'너는 꽃이야, 너의 계절에 아름답게 피는 꽃' 14K 탄생화 귀걸이+하트패키지(톡별)","39,800원",small_luxury,,,,,,,,,,,,,,,,,,,,,,,,,,,,,,,,
74,[선물포장/스파출라증정] 울트라 훼이셜 크림 50ml (+샘플 2종),"45,000원",small_luxury,,,,,,,,,,,,,,,,,,,,,,,,,,,,,,,,
75,립케어 (립밤 or 립살브),"21,000원",small_luxury,,,,,,,,,,,,,,,,,,,,,,,,,,,,,,,,
76,[각인/선물포장] 포에버 스킨 글로우 쿠션,"89,000원",small_luxury,,,,,,,,,,,,,,,,,,,,,,,,,,,,,,,,
77,[선물포장/메세지카드] 최대 18평 턴테이블 전자 디퓨저세트 집들이 인테리어 소품,"45,600원",small_luxury,,,,,,,,,,,,,,,,,,,,,,,,,,,,,,,,
78,[홀리데이][선물포장] 향기보습 핸드크림 & 립밤 기프트 세트,"20,000원",small_luxury,,,,,,,,,,,,,,,,,,,,,,,,,,,,,,,,
79,[선물포장] 미스 디올 로즈 핸드 크림 50ML,"68,000원",small_luxury,,,,,,,,,,,,,,,,,,,,,,,,,,,,,,,,
80,[쇼핑백] 메종마르지엘라 레이지 선데이 모닝 미니 캔들 70g,"52,000원",small_luxury,,,,,,,,,,,,,,,,,,,,,,,,,,,,,,,,
81,"""제니PICK"" [단독 GIFT / 퍼퓸포켓 증정] 퍼퓸 10ml (6종 택1)","36,500원",small_luxury,,,,,,,,,,,,,,,,,,,,,,,,,,,,,,,,
82,"""맥주맨날먹을거야"" 홈카페선물 튤립 고블렛 맥주잔 2인세트 (라탄코스터 플레이트)","25,900원",small_luxury,,,,,,,,,,,,,,,,,,,,,,,,,,,,,,,,
83,[선물하기 단독] '비건' 퍼스트 미스트 세럼 세트(100ml+50m+파우치),"31,900원",small_luxury,,,,,,,,,,,,,,,,,,,,,,,,,,,,,,,,
84,[선물포장] 바디워시 300ML (6종 중 택1),"36,000원",small_luxury,,,,,,,,,,,,,,,,,,,,,,,,,,,,,,,,
85,[토트백포장] 발렌티노 고-스프레이 (보체 비바 오 드 퍼퓸),"40,000원",small_luxury,,,,,,,,,,,,,,,,,,,,,,,,,,,,,,,,
86,[가을선물] 아몬드 샤워오일 250ml & 스톤 괄사(홈 스파 마사지 바) 세트,"34,000원",small_luxury,,,,,,,,,,,,,,,,,,,,,,,,,,,,,,,,
87,[각인서비스] 멀티퍼퓸 100ml (4종 중 택1),"35,000원",small_luxury,,,,,,,,,,,,,,,,,,,,,,,,,,,,,,,,
88,"""굿바이 스트레스"" 스트레스 픽스 오일 세트 (톡별)","36,000원",small_luxury,,,,,,,,,,,,,,,,,,,,,,,,,,,,,,,,
89,"""얼굴광채""선물해드려요[주름개선&보습&윤광케어]멀티밤_오일증정&선물포장&엽서","29,400원",small_luxury,,,,,,,,,,,,,,,,,,,,,,,,,,,,,,,,
90,'꿀잠 로션' 슬리피 95g - 바디 로션,"24,000원",small_luxury,,,,,,,,,,,,,,,,,,,,,,,,,,,,,,,,
91,[선물세트] 베르사체 브라이트 크리스탈 EDT 30ML + 베르사체 미니어처 (톡별),"35,000원",small_luxury,,,,,,,,,,,,,,,,,,,,,,,,,,,,,,,,
92,"""기분전환 힐링"" 오 비타미네 바디 미스트 50ml 세트 (+샤워젤75ml)","34,000원",small_luxury,,,,,,,,,,,,,,,,,,,,,,,,,,,,,,,,
93,[단독/스퀴저 증정] 퍼퓸 핸드 크림 30ml (3종 중 택1),"15,000원",small_luxury,,,,,,,,,,,,,,,,,,,,,,,,,,,,,,,,
94,"[선물포장/메세지카드] ""은은한 꽃향"" 시그니처 퍼퓸 코튼메모리 50ml","49,000원",small_luxury,,,,,,,,,,,,,,,,,,,,,,,,,,,,,,,,
95,[선물포장] 카 디퓨저,"126,000원",small_luxury,,,,,,,,,,,,,,,,,,,,,,,,,,,,,,,,
96,"""[선물추천]"" TWG Tea 디카페인 티백 베스트셀렉션 (5종택일)","36,500원",small_luxury,,,,,,,,,,,,,,,,,,,,,,,,,,,,,,,,
97,[선물포장] 비타민 E 립 컨디셔너 15ML,"51,000원",small_luxury,,,,,,,,,,,,,,,,,,,,,,,,,,,,,,,,
98,"[선물포장/각인서비스] ""특별함을 더해주는"" 모발 엉킴 방지 우든 패들 브러쉬","40,000원",small_luxury,,,,,,,,,,,,,,,,,,,,,,,,,,,,,,,,
99,"""홀리데이성냥 증정"" 옵타움 슈가 홀리데이 캔들 & 모빌 세트","32,900원",small_luxury,,,,,,,,,,,,,,,,,,,,,,,,,,,,,,,,
100,보스톤 와인고블렛 화이트 310ml 2P 선물세트,"45,000원",small_luxury,,,,,,,,,,,,,,,,,,,,,,,,,,,,,,,,
101,"'생일 축하해요, 해피 배쓰데이' 배쓰 밤 3종 선물세트 (톡별)/생일선물","40,000원",small_luxury,,,,,,,,,,,,,,,,,,,,,,,,,,,,,,,,
102,[선물포장] 몽 파리 헤어미스트 30ml,"68,000원",small_luxury,,,,,,,,,,,,,,,,,,,,,,,,,,,,,,,,
103,[선물포장] 리브르 르 퍼퓸 10ml(+르 퍼퓸 케이스),"40,000원",small_luxury,,,,,,,,,,,,,,,,,,,,,,,,,,,,,,,,
104,[선물포장] NEW 몽파리 오 드 뚜왈렛 루미에르 30ml,"89,000원",small_luxury,,,,,,,,,,,,,,,,,,,,,,,,,,,,,,,,
105,'우드 괄사 증정' 눅스 멀티 네롤리 오일 100ml (선물포장/메세지카드),"44,000원",small_luxury,,,,,,,,,,,,,,,,,,,,,,,,,,,,,,,,
106,"[카카오단독/선물포장] 크로우캐년 텀블러+카인드백 피크닉 세트 (총 2P, 4컬러 택1)","39,000원",small_luxury,,,,,,,,,,,,,,,,,,,,,,,,,,,,,,,,
107,[생일선물/포장] 모로칸오일 러브 듀오 세트 (오일 2종+브러쉬 증정),"58,000원",small_luxury,,,,,,,,,,,,,,,,,,,,,,,,,,,,,,,,
108,[선물세트] '팍팍 뿌려' 존바바토스 아티산 75ML 세트 (+향수샘플&공병) (톡별),"46,000원",small_luxury,,,,,,,,,,,,,,,,,,,,,,,,,,,,,,,,
109,"""드립커피계의 명품"" 싱가포르 바샤커피 플레이버 드립백(8종택일)","35,500원",small_luxury,,,,,,,,,,,,,,,,,,,,,,,,,,,,,,,,
110,[선물포장] 랑떼르디 or 이레지스터블 솔리드 퍼퓸,"51,000원",small_luxury,,,,,,,,,,,,,,,,,,,,,,,,,,,,,,,,
111,"""센스있는 향기선물"" 데일리 캔들워머+소이캔들 650ml 세트(할로겐 전구 포함)","43,900원",small_luxury,,,,,,,,,,,,,,,,,,,,,,,,,,,,,,,,
112,아로마틱 룸 스프레이,"65,000원",small_luxury,,,,,,,,,,,,,,,,,,,,,,,,,,,,,,,,
113,[2022 홀리데이] 핸드 크림 & 립 듀오 (3종 택1),"29,000원",small_luxury,,,,,,,,,,,,,,,,,,,,,,,,,,,,,,,,
114,[홀리데이 선물포장 / 홀리데이 카드] 울트라 훼이셜 크림 50ml,"45,000원",small_luxury,,,,,,,,,,,,,,,,,,,,,,,,,,,,,,,,
115,"""기분전환 힐링"" 오 비타미네 바디 미스트 100ml 세트 (+샤워젤 +샤워볼)","50,000원",small_luxury,,,,,,,,,,,,,,,,,,,,,,,,,,,,,,,,
116,[단독런칭/풋매트증정] 윌리엄 모리스 핸드크림 라이브러리 세트 (+쇼핑백),"35,000원",small_luxury,,,,,,,,,,,,,,,,,,,,,,,,,,,,,,,,
117,[선물포장] NEW 네오 누드 립밤,"49,000원",small_luxury,,,,,,,,,,,,,,,,,,,,,,,,,,,,,,,,
118,[선물포장] NEW 미스 디올 헤어 오일,"73,000원",small_luxury,,,,,,,,,,,,,,,,,,,,,,,,,,,,,,,,
119,"""오늘부터 꿀잠"" 토끼 아로마오일버너 선물세트(에센셜오일포함)","28,900원",small_luxury,,,,,,,,,,,,,,,,,,,,,,,,,,,,,,,,
120,카푸치노 머그 200ml 2P세트,"34,000원",small_luxury,,,,,,,,,,,,,,,,,,,,,,,,,,,,,,,,
121,[단독/핸드타월 제공] 포터블 핸드 케어 듀오,"51,000원",small_luxury,,,,,,,,,,,,,,,,,,,,,,,,,,,,,,,,
122,[단독/한정판] 홀리데이 퍼퓸 핸드 크림 & 립밤 세트 (3종 중 택1),"23,200원",small_luxury,,,,,,,,,,,,,,,,,,,,,,,,,,,,,,,,
123,[선물포장] 더 스프레이 450ml 세트 - 100% 제주 편백수 탈취제,"37,000원",small_luxury,,,,,,,,,,,,,,,,,,,,,,,,,,,,,,,,
124,록시땅 핸드 크림 트리오 (6종 중 택1),"45,000원",small_luxury,,,,,,,,,,,,,,,,,,,,,,,,,,,,,,,,
125,"""오늘하루 상쾌하게"" 슈가 레몬/헤스페리데스 샤워젤 세트 2종 택1","38,000원",small_luxury,,,,,,,,,,,,,,,,,,,,,,,,,,,,,,,,
126,[선물포장/각인편지] 르셀르 룸 스프레이 250ml (No. Series),"28,000원",small_luxury,,,,,,,,,,,,,,,,,,,,,,,,,,,,,,,,
127,[감성플레이트+머그세트] 마블도트 스플래쉬드 머그& 플레이트 선물세트 신혼 집들이 친구선물,"25,900원",small_luxury,,,,,,,,,,,,,,,,,,,,,,,,,,,,,,,,
128,"""기분에 따라 골라쓰는"" 솔리드 퍼퓸 8종 택1/생일 선물","22,000원",small_luxury,,,,,,,,,,,,,,,,,,,,,,,,,,,,,,,,
129,광주요 캐주얼라인 소리잔 2p 선물세트,"36,000원",small_luxury,,,,,,,,,,,,,,,,,,,,,,,,,,,,,,,,
130,[크리스마스/선물포장/단독] 화이트 머스크 듀오 선물세트,"29,500원",small_luxury,,,,,,,,,,,,,,,,,,,,,,,,,,,,,,,,
131,[친구맺고 3%적립] [단독] 록시땅 홈 핸드 워시 기프트(핸드워시+솝+트레이) (특별한선물 '톡별'),"37,000원",small_luxury,,,,,,,,,,,,,,,,,,,,,,,,,,,,,,,,
132,[선물포장/핸드솝 증정] 퍼퓸 핸드 리프레셔 55ml (3종 중 택1),"15,000원",small_luxury,,,,,,,,,,,,,,,,,,,,,,,,,,,,,,,,
133,"""숙면/집들이선물"" 528Hz 필로우 미스트 세트 (2종 택1)(본품-100ml/친환경노트/더스트백/카드)","30,000원",small_luxury,,,,,,,,,,,,,,,,,,,,,,,,,,,,,,,,
134,"[선물포장/메세지카드] ""향기선물"" 시그니처 퍼퓸 핸드크림 기프트 세트","19,900원",small_luxury,,,,,,,,,,,,,,,,,,,,,,,,,,,,,,,,
135,"""생일 축하해"" 바디클렌저 & 바디밤 선물세트(선물포장/각인편지)","24,900원",small_luxury,,,,,,,,,,,,,,,,,,,,,,,,,,,,,,,,
136,[선물포장/메세지카드] 포맨트 시그니처 퍼퓸 디스커버리 5종 SET,"59,000원",small_luxury,,,,,,,,,,,,,,,,,,,,,,,,,,,,,,,,
137,주름개선 핸드크림 선물 세트'에센스핸드크림&멀티밤'[단독],"38,900원",small_luxury,,,,,,,,,,,,,,,,,,,,,,,,,,,,,,,,
138,[선물포장] 립 글로우 & 블루밍 부케 헤어 미스트 세트 (+디올 골드 그립톡 증정),"115,000원",small_luxury,,,,,,,,,,,,,,,,,,,,,,,,,,,,,,,,
139,"[선물포장] ""생일선물"" 인센스스틱 2P + 미니 홀더 세트","34,000원",small_luxury,,,,,,,,,,,,,,,,,,,,,,,,,,,,,,,,
140,"[친구맺고 3%적립] ""세상에 단 하나뿐인"" 불리 립밤+미니 핸드크림 세트(각인 서비스)(톡별)","55,000원",small_luxury,,,,,,,,,,,,,,,,,,,,,,,,,,,,,,,,
141,"""선물추천"" TWG Tea 티백 베스트셀렉션 (5종택일)","36,500원",small_luxury,,,,,,,,,,,,,,,,,,,,,,,,,,,,,,,,
142,"""쿨한 피부를 위해"" 마스크 오브 매그너민티 팩 125g/생일 선물","22,000원",small_luxury,,,,,,,,,,,,,,,,,,,,,,,,,,,,,,,,
143,"[연말선물] ""홀리 글리터 립밤 미니 증정"" 아떼 비건 립밤&반려동물 각인 키링 (톡별)","29,000원",small_luxury,,,,,,,,,,,,,,,,,,,,,,,,,,,,,,,,
144,'신선함을 듬뿍' 프레쉬 마스크 택1 - 마스크 팩,"25,000원",small_luxury,,,,,,,,,,,,,,,,,,,,,,,,,,,,,,,,
145,[선물포장] 홈 캔들 200g,"99,000원",small_luxury,,,,,,,,,,,,,,,,,,,,,,,,,,,,,,,,
146,[선물포장] 바이레도 바디워시 225ml (6종 택1),"71,000원",small_luxury,,,,,,,,,,,,,,,,,,,,,,,,,,,,,,,,
147,[향수단독출시] 데메테르 향기로운 머스크 퍼퓸 바디세트 (톡별),"26,900원",small_luxury,,,,,,,,,,,,,,,,,,,,,,,,,,,,,,,,
148,[2p세트/신혼부부 집들이선물 강추] 감성 머그잔 3종 모음 택1 결혼 친구 커플선물,"26,900원",small_luxury,,,,,,,,,,,,,,,,,,,,,,,,,,,,,,,,
149,[단독/선물세트] 미니 럭셔리즈,"69,000원",small_luxury,,,,,,,,,,,,,,,,,,,,,,,,,,,,,,,,
150,[친구맺고 3%적립] [선물포장] 퍼퓸드 바디워시&바디로션 기프트 세트,"164,000원",small_luxury,,,,,,,,,,,,,,,,,,,,,,,,,,,,,,,,
151,"""굿나잇/숙면선물"" 옵타움 필로우 미스트 & 드림캐처 선물세트 (톡별)","26,900원",small_luxury,,,,,,,,,,,,,,,,,,,,,,,,,,,,,,,,
152,[홀리데이 선물포장 / 홀리데이 카드] 키엘 핸드크림 75ml,"25,000원",small_luxury,,,,,,,,,,,,,,,,,,,,,,,,,,,,,,,,
153,[패브릭포스터 포장/달력 증정] 핸드 케어 세트 (핸드워시 & 핸드크림 /3종 택1),"50,000원",small_luxury,,,,,,,,,,,,,,,,,,,,,,,,,,,,,,,,
154,"""향기로운 선물"" ""홀리데이성냥 증정"" 페이퍼 인센스 세트 (트레이+성냥+집게) (톡별)","20,000원",small_luxury,,,,,,,,,,,,,,,,,,,,,,,,,,,,,,,,
155,[이니셜 각인/보자기선물포장] 방짜유기 달수저 2인 (누빔수저집 포함),"49,900원",small_luxury,,,,,,,,,,,,,,,,,,,,,,,,,,,,,,,,
156,[친구맺고 3%적립] [단독] '당신의 기록이 늘 반짝이길' 스와로브스키 크리스탈 볼펜 + 명함지갑세트 (톡별) (크리스탈라인 볼펜 화이트),"60,000원",small_luxury,,,,,,,,,,,,,,,,,,,,,,,,,,,,,,,,
157,배쓰 & 샤워 젤 세트,"38,000원",small_luxury,,,,,,,,,,,,,,,,,,,,,,,,,,,,,,,,
158,"""선물하기 단독/ 수분촉촉"" 그레이프 워터 미스트 75ml+핸드크림 75ml+립밤 4.5g","33,000원",small_luxury,,,,,,,,,,,,,,,,,,,,,,,,,,,,,,,,
159,[생일선물/친환경/단독] 더바디샵 핑크 그레이프후룻 선물세트 (톡별),"20,000원",small_luxury,,,,,,,,,,,,,,,,,,,,,,,,,,,,,,,,
160,[선물포장] 메종마르지엘라 레이지 선데이 모닝 바디 듀오세트,"126,000원",small_luxury,,,,,,,,,,,,,,,,,,,,,,,,,,,,,,,,
161,[카카오단독] NEW 이돌 르 퍼퓸 10ml 세트 (+미니립 증정),"35,000원",small_luxury,,,,,,,,,,,,,,,,,,,,,,,,,,,,,,,,
162,[그랑핸드/선물포장] 사쉐 40g (8종 중 택 1),"18,000원",small_luxury,,,,,,,,,,,,,,,,,,,,,,,,,,,,,,,,
163,"""기분좋은 향기"" [샤워볼]필로소피 어메이징 그레이스 3in1 바디세트 (샤워젤+바디에멀젼)","46,500원",small_luxury,,,,,,,,,,,,,,,,,,,,,,,,,,,,,,,,
164,[단독/선물세트] 잉글리쉬 페어 앤 프리지아 트래블 컬렉션,"107,000원",small_luxury,,,,,,,,,,,,,,,,,,,,,,,,,,,,,,,,
165,[NEW센트/선물포장] 여행용 캔들 65G,"52,000원",small_luxury,,,,,,,,,,,,,,,,,,,,,,,,,,,,,,,,
166,"[선물포장/메세지카드] ""안기고 싶은 포근함"" 시그니처 퍼퓸 50ml (2종 택1)","39,500원",small_luxury,,,,,,,,,,,,,,,,,,,,,,,,,,,,,,,,
167,[11월 혜택][선물포장/카드포함] 실키 오일 세럼 기프트 세트 (실키 오일 세럼 70ml),"21,000원",small_luxury,,,,,,,,,,,,,,,,,,,,,,,,,,,,,,,,
168,[단독/각인] 로이드 애플워치호환 열두달 탄생 프리미엄 소가죽 스트랩 12종 택1 (톡별),"49,900원",small_luxury,,,,,,,,,,,,,,,,,,,,,,,,,,,,,,,,
169,"""SNS 인기아이템"" 9가지 불빛 렉슨미나 M사이즈","72,000원",small_luxury,,,,,,,,,,,,,,,,,,,,,,,,,,,,,,,,
170,"""홀리데이/선물포장"" 릴렉싱 스파 바디케어 세트 (3종 택1) (워시 500g/로션 500g)","28,000원",small_luxury,,,,,,,,,,,,,,,,,,,,,,,,,,,,,,,,
171,[기프트백/메시지카드] SW19 향수 8ml (5종 택1) *미니핸드크림 10ml 단독증정,"28,000원",small_luxury,,,,,,,,,,,,,,,,,,,,,,,,,,,,,,,,
172,레 맹 에르메스 리페어링 앤드 프로텍티브 컴플리트 핸드 케어,"120,000원",small_luxury,,,,,,,,,,,,,,,,,,,,,,,,,,,,,,,,
173,"[모던포인트] 집들이/생일선물"" 원목 플랜테리어 식물 무드등 [LED무선충전식]","57,900원",small_luxury,,,,,,,,,,,,,,,,,,,,,,,,,,,,,,,,
174,[선물포장/친환경/단독] 더바디샵 모링가 선물세트 (톡별),"25,500원",small_luxury,,,,,,,,,,,,,,,,,,,,,,,,,,,,,,,,
175,[고디바] 프레스티지 비스킷 컬렉션 박스 32개입,"55,000원",small_luxury,,,,,,,,,,,,,,,,,,,,,,,,,,,,,,,,
176,"[단독/선물포장] ""숙면선물"" 유즈 필로우미스트 & 수면안대 기프트 세트 (메세지카드증정)","25,700원",small_luxury,,,,,,,,,,,,,,,,,,,,,,,,,,,,,,,,
177,[선물하기 단독] 콤팩트 룸 스프레이,"41,000원",small_luxury,,,,,,,,,,,,,,,,,,,,,,,,,,,,,,,,
178,[감성선물/화이트쇼핑백] 오브제바이쿤달 퍼퓸 볼케니크 스톤디퓨저,"39,500원",small_luxury,,,,,,,,,,,,,,,,,,,,,,,,,,,,,,,,
179,레더라컬렉션 12P,"43,000원",small_luxury,,,,,,,,,,,,,,,,,,,,,,,,,,,,,,,,
180,[선물포장] 홈카페 브런치 요거트볼 5종세트 (그릭요거트+그래놀라+과일&꿀스틱),"29,900원",small_luxury,,,,,,,,,,,,,,,,,,,,,,,,,,,,,,,,
181,"""'생일 선물 추천'"" [11월 탄생화 피오니] PEONY~향수 생일 선물 세트(향수+키링) 톡별","20,000원",small_luxury,,,,,,,,,,,,,,,,,,,,,,,,,,,,,,,,
182,"""센스있는선물"" [클레망포지에] 크렘드마롱 밤잼 선물세트-쁘띠","29,000원",small_luxury,,,,,,,,,,,,,,,,,,,,,,,,,,,,,,,,
183,"""달콤한 감성"" 랑방 모던 프린세스 EDP 30ML 세트 (미니 4.5ML+쇼핑백)(톡별)","32,000원",small_luxury,,,,,,,,,,,,,,,,,,,,,,,,,,,,,,,,
184,티라미수 골드피콜로 3구세트 300g,"31,000원",small_luxury,,,,,,,,,,,,,,,,,,,,,,,,,,,,,,,,
185,[선물하기 단독] 하우스워밍 듀오 (룸 스프레이 & 핸드 워시),"88,000원",small_luxury,,,,,,,,,,,,,,,,,,,,,,,,,,,,,,,,
186,인더스트리어스 (핸드 워시 & 핸드 밤 & 바디 밤),"77,000원",small_luxury,,,,,,,,,,,,,,,,,,,,,,,,,,,,,,,,
187,"""취업/이직/생일선물"" [빈지노 PICK] 그라펜 타투 퍼퓸 원우드 50ml (+파우치 증정)","44,000원",small_luxury,,,,,,,,,,,,,,,,,,,,,,,,,,,,,,,,
188,"""샴푸 유목민 정착템"" 인생샴푸 포티샤 대용량 샴푸 600ml","48,600원",small_luxury,,,,,,,,,,,,,,,,,,,,,,,,,,,,,,,,
