,name,price,type,material,madefrom,color
0,리틀퍼피클럽 핫팩 파우치 세트 라이언 어피치,29000,touched,,중국,
1,리틀퍼피클럽 양털부츠 라이언 어피치,25000,touched,폴리에스터  ,중국,
2,꿀잠친구 고슴도치 리틀라이언,42000,touched, 표면  폴리에스터    폴리우레탄    충전재  폴리에스터  ,중국,혼합
3, 고흥 유자를 선물합니다  자임 꿀유자차   ,13900,touched,,,
4,오설록 오 땡큐 티박스  선물세트  ,22000,touched,해당사항없음,,
5,리틀퍼피클럽 싱글이불담요,49000,touched,폴리에스터  ,중국,혼합
6, 당일배송   BEST  TANDY 탠디 베러캐시 캐시미어 머플러     선물포장 ,24000,touched,   ,중국,
7, 열렬히 응원할게요  떠먹는 스트로베리 초콜릿 생크림   떠먹는 아이스박스   아메리카노  R  ,22200,touched,,,
8, 잘 될거에요  떠먹는 티라미수   아메리카노  R  ,15500,touched,,,
9,떠먹는 스트로베리 초콜릿 생크림   떠먹는 아이스박스   아메리카노  R  ,26700,touched,,,
10, 합격 땅땅땅  떠먹는 바닐라 슈크림   아메리카노  R  ,15500,touched,,,
11, 효돈농협  효돈 제주감귤 에디션  고당도 감귤   특품 ,25800,touched,,,
12,ORGA 액상차 선물세트 꿀유자 꿀모과 꿀생강 ,28900,touched,,,
13, 여유로운 하루  떠먹는 티라미수   아메리카노  R ,11000,touched,,,
14,그릭요거트 딸기 생크림 피스   아메리카노  R ,10700,touched,,,
15, 달콤하게힘이나는하루  허니카라멜브레드 수플레치즈 케이크 아메리카노 ,14900,touched,,,
16,수제청 선물세트 레몬생강청배도라지대추생강청  과일청,36000,touched,해당없음,,
17, 선물추천  꽃과일향 차 TEA 선물세트   ,25000,touched,해당없음,해당사항 없음,
18,트윙클 램프 스노우볼 크리스마스 오르골 무드등 장식 소품 ,23900,touched,,중국,
19, 오둥이 입니다만  오둥이 모찌 바디필로우  톡별 ,29800,touched,,,
20,NEW  겨울 핫템  카카오프렌즈 얼굴형 손난로 보조배터리 ,34900,touched,,,
21, 친구 맺고  적립   따뜻한 선물추천  제이에스티나 BASIC 머플러  ,38400,touched,,,
22, 감사합니다  초코티라미수 케이크 아메리카노 ,10300,touched,,,
23, 본사공식정품  고비 몽골 산양 금장   머플러     선물포장 ,99000,touched,캐시미어  ,몽골,
24, 매일 예쁘고 포근해  수면 파자마 상하의   남녀커플 상품 추가,24900,touched,,,
25, 따뜻함을 담아  F W 제이로렌 남녀 머플러    ,19900,touched,상품페이지 참조,,
26, 헤지스  멜란지 울캐시미어혼방 머플러  ,75800,touched,울   캐시미어  ,,
27, 선물포장  이터널유 Mano 울 장갑  ,33000,touched,,,
28, 뭘 좋아할지 몰라서 다 준비했어  털 실내화 슬리퍼     더스트백포장,13900,touched,,중국,
29, 선물제격  보르딘 콜드브루 더치커피 알록달록 앰플     ,19900,touched,        ,,
30, 따뜻한 마음  캔들 워머   프리미엄자 향초 세트  미세 빛조절 ,25900,touched,,,
31, 선물추천  TWG Tea 티백 베스트셀렉션   ,36500,touched,,"TWG TEA COMPANY PTE LTD Singapore/ 나드에프앤비(주) 서울시 성동구 광나루로6길 20, 703호",
32, 잘자요 꿀린이  꿀잠타는 기린이 모찌 바디필로우  톡별 ,29900,touched,,,
33,MMFD  캐시믹스 캐시미어 머플러,30000,touched,모    캐시미어  ,,
34, 풍성하고 화사하게  떠먹는 바닐라 슈크림   시트러스 부케 ,18700,touched,,,
35, 손목 무릎통증  전자파없는 오색약손 다온,22500,touched,,,
36,집순이 빅후드담요 곰도리ver   빅후드담요 양말 슬리퍼set   톡별 ,34900,touched,,,
37, 선물추천  러블리 티박스 Lovely Tea Bo   ,20000,touched,해당없음,해당사항 없음,
38, 오늘도 따뜻할 거예요  히트템 핫팩  메세지박스 손소독제   톡별   heattem ,11900,touched,,,
39, 프리미어스  티백  에디션 차 선물세트 ,35000,touched,해당없음,,
40,국물의한수 온가족       ,34900,touched,,,
41, 따뜻한선물  불멍 캠핑 화로 난로 불무드 에탄올램프  에탄올 캔들라이터 증정 ,23900,touched,,중국OEM,
42,F W 보송보송 귀여운 동물 슬리퍼 실내화 세트    ,12900,touched,,중국,
43, 내 손에 구름  단미 구름 양면발열 USB 충전식 휴대용 손난로 보조배터리   CLOUD ,21900,touched,,,
44, 손안에 작은 보일러    손난로 보조배터리   총    톡별   HW JJAK ,26900,touched,,,
45, 따뜻한 선물   BEST  TANDY 캐솔드 캐시미어   머플러   ,59000,touched,캐시미어  ,중국,
46, 스트레스 날려  시바스키 배치기 모찌 뚱쿠션 바디필로우    톡별 ,29900,touched,겉면  폴리에스터   충전재  폴리에스터  ,중국,"시바(베이지),허스키(그레이)"
47, 선물제격  보르딘 콜드브루 더치커피 알록달록 앰플       보르딘F B ,36900,touched,        ,,
48, 경복궁  한우사골 실속세트  한우사골고기곰탕 사골고기도가니탕 한우사골곰탕 ,25000,touched,해당사항 없음,해당사항 없음,
49, 따뜻한 마음처럼  남녀공용 부드러운 체크 국산 목도리 머플러  ,16900,touched,,,
50, 수고했어 오늘도  클래식 가토 쇼콜라 피스   아메리카노  R ,11000,touched,,,
51, 연말선물추천  프린지 버진 울 머플러   color ,159000,touched,,,
52, 겨울 선물 추천  따뜻한  온열 찜질 목도리 스마트 넥워머 Gwarmer 가머,49900,touched,,CHINA,
53, 단독 선물포장🎁   너를 위한 따뜻한 선물 얼모스트블루 인기 목도리 모음  여자친구 생일 선물 포장,24800,touched,acrylic  ,대한민국,
54,양키캔들 향초 라지자 호른 캔들워머 세트  국내산  높이  밝기조절 ,39800,touched,,,
55, 물방울이 역행하는   거꾸로 물멍가습기   전용충전기 증정 ,54900,touched,,중국,
56, 홈캠핑   불멍감성  타닥타닥 모닥불 장작 LED 원목 무드등,19900,touched,,중국,
57,     방콕 집순이 후드 담요  집순이담요 ,29900,touched,,,
58, 진로 한 잠 어때   진로 소주병 빅 바디필로우  쿠션  톡별 ,39900,touched,겉감    ／충전재    ,중국,
59, 여자친구선물  현미온미 아기곰 허리 배 찜질팩 벨트형  톡별 ,39800,touched,,대한민국,
60, 따뜻한 귀요미  모찌모찌 뽀글 핫팩인형 ,8900,touched,,,
61, 단독 선물포장🎁   따뜻한 마음을 담아  블러쉬 체크 머플러   여자친구 생일 선물 포장,28000,touched,acrylic  ,대한민국,
62, 꾸덕꾸덕한 간식까지 담은  오설록 오땡큐 티박스 차 간식세트 ,31000,touched,,,
63, 따뜻한 선물  집순이 수족냉증러를 위한 선물 수면양말 실내화 양털 부츠 양말,18900,touched,,,
64, 따뜻함을 담아❤️       F W 남녀 커플머플러  ,32900,touched,상품페이지 참조,,
65, 출산선물 부모님선물  현미온미 손목무릎 찜질팩 기프트세트,29800,touched,,대한민국,
66, 춘식이와 힐링  춘식이 LED 디퓨저 무드등  톡별 ,42000,touched,,"[디퓨저, 리드] 한국 [피규어, 유리병, 트레이, LED 전구, 조화] 중국",
67, 누적판매  당일발송  로그 어텀 무지 머플러   ,13900,touched,,,
68, 아프지마요  따뜻하게 레몬생강청  수제과일청 ,15900,touched,해당없음,,
69, 나를 위한 힐링 타임이 필요할때  불타는 무드등 A형 불멍 생일선물 집들이선물 인테리어,19800,touched,,,
70, 작지만 강력한가습기   인테코 에이티  스누피 무드등 미니가습기,29000,touched,,,
71,아이보우 충전식 온수 찜질기 온열 찜질팩 IVB ,27800,touched,,,
72, 포근함을 더한  울랄라 보아털 베스트 파자마 모음,38900,touched,,,"화이트,아이보리"
73, 안아주라구스  New 로라네 애착 구스 바디필로우 쿠션    톡별 ,29900,touched,겉면    충전재   ,중국,아이보리 그레이
74, 완벽한 가을 페어링  카페 가나슈 타르트      신촌커피 ,18700,touched,,,
75, 건강하세요  쌍화청 호두정과 옻스푼 선물세트,34900,touched,해당없음,,
76, 추천선물  페어리스트리 선물용 수제과일   선물포장  set 블루베리 레몬 ,28900,touched,제품개별표시,,
77,미민 투홀 핑거 스마트폰 터치장갑 ,19900,touched,,,
78,방콕 집순이 후드담요   집순이담요 ,17900,touched,,,
79,돌체구스토 커피머신 지니오S스타  커피머신   펜 ,149000,touched,,중국,
80, 선물추천  차 한잔이 생각나는 날엔  오설록 제주 프리미엄 블렌딩 티백  ,9500,touched,해당없음,,
81,노란 곰돌이 뽀글이 수면잠옷,27900,touched,,중국,
82, 양말선물  다채로운 구성의 양말선물세트   ,15800,touched,면 폴리 스판,대한민국,
83, 내가 밑에서 받쳐줄게  몽글방석   등쿠션  톡별 ,19900,touched,폴리에스터,,"브라운, 그레이"
84, 드립커피계의 명품  싱가포르 바샤커피 플레이버 드립백  ,35500,touched,,,
85,레토 짱구는 못말려 텀블러 보틀 스테인리스 텀블러,21900,touched,,중국,
86, 친구 맺고  적립   고급스러운 따뜻한 선물 제이에스티나 니트 머플러  ,66600,touched,,,
87, 선물추천   단독 NEW  밀로 FW 남여공용 홀리데이 코듀로이 볼캡     포장패키지 ,32900,touched,,,
88, 뽀글뽀글 포근함  New 춘식이 대형 양털 담요     톡별 ,28000,touched,,,
89, 잘자요 꿀룡이  꿀룡이 모찌 공룡 바디필로우  톡별 ,29900,touched,,,
90, 루이까또즈  따뜻한 베이비울 머플러 앤덴 솔리드  SA    프리미엄 캐시미어 머플러 투데이  SA   ,47200,touched,,,
91, 감성 집들이선물   불멍 풀세트  수퍼블릭 실내용 애타는램프SET  램프 에탄올 점화기 ,33900,touched,,중국,
92,진짜 귀여운 곰돌이 퍼 머플러  모음전,7900,touched,,,
93,카카오프렌즈 라이언 춘식이 이글루 무드등 가습기 ,29900,touched,,중국,
94, 선물하기에서만 사계절필수템 물세탁OK 전자파NO  이메텍 히팅패드 전기방석 IHP ,39800,touched,,,
95,양키캔들 향초 미니워머 선물세트  타이머  국내산  밝기조절 ,35700,touched,,,
96, 안아주라냥  고양이 몰캉몰캉 스트레스해소 마약쿠션  톡별 ,15900,touched, 겉    극세사 모찌원단   속  마이크로화이바 솜,대한민국,"연그레이, 연핑크"
97, 집에서 만끽하는 제주의 향기  귤 요루면 파자마 세안밴드 세트   톡별 ,28900,touched,의류   면   세안밴드   수면   더스트백   부직포,의류 : 중국 / 세안밴드 : 중국 / 더스트백 : 한국,의류 : 오렌지 / 세안밴드 : 베이지 / 더스트백 : 베이지
98, 불멍하며 보내는 나만의 휴식  불타는 무드등 G형 불멍 집들이선물 생일선물 인테리어,34800,touched,,,
99, 경복궁  마음을 전하는 선물세트  한우불고기 궁중본갈비 궁중소갈비찜 양념불고기 ,109000,touched,해당사항 없음,,
100, 경복궁  체력 보강 선물세트  사골고기도가니탕 영양갈비탕 양곰탕 ,35900,touched,해당 사항 없음,해당 사항 없음,
101,아프다고 굶지마요  본죽  장조림 set  총   ,19900,touched,미니장조림              전복죽                                    쇠고기죽                                     보양삼계죽                                     낙지김치죽                                   단호박죽                                    통단팥죽                                   전복죽                                    쇠고기죽                                    보양삼계죽                                     단호박죽                                      화끈짬뽕죽                                            미역죽                                 ,동방푸드마스타 / 농업회사법인 올레㈜,
102, 경복궁  불고기 갈비 혼합 선물세트    ,45000,touched,해당사항 없음,,
103,양키캔들 자캔들 소 모자이크 자쉐이드 선물세트  쇼핑백 ,15800,touched,,,
104, 안사면후회 꿀템추천  알로코리아 충전식 휴대용 손난로 보조배터리  양면발열 전기핫팩   ,20700,touched,,,
105, 행운이 붙는다  찹쌀떡 쿠션 모찌모찌 필로우 멀티베개,29900,touched,,,
106, 불멍 감성  유니영 LED 사무실 미니 모닥불 가습기,17900,touched,,중국,
107, 센스있는 향기선물  데일리 캔들워머 소이캔들  세트 할로겐 전구 포함 ,43900,touched,,데일리 캔들워머: 중국 / 소이캔들 650ml: 대한민국,
108, 닥스  LONG 남녀공용 체크 울 캐시혼방 롱 라이트 머플러  ,99900,touched,,,
109,집순이들을 위한 입는 거북이 등껍질 쿠션,26900,touched,,중국,
110, 매일 입고 싶은  울랄라 겨울 신상 베스트 파자마 모음,34900,touched,,,
111, 홈카페 집들이 선물  라이프썸 샌드위치 와플 메이커 풀세트  LFS    ,19900,touched,,중국 OEM,
112,   클래식체크머플러 하나사면 곱창한개더 겨울머플러,8900,touched,아크릴 폴리에스터,중국OEM,
113, 부모님선물  현미온미 허리 배 찜질팩  벨트형 ,38300,touched,,대한민국,
114, 생일에눈      휴플러스 코드제로 눈마사지기 CORDZERO  온열안대 안마기 선물,29900,touched,,중국 OEM,
115,    폴인 허브 온열 복부 핫팩 찜질팩 패치 여자친구 선물,15500,touched,,,
116, 발끝에 따뜻함   단미 발난로 전기난로 히터 사무실 발난로  발난로  ,49800,touched,,중국,
117, 따듯한 오둥이입니다만  New 오둥이 극세사 부들부들 보들 대형 담요  톡별 ,15900,touched,,,
118,  증정  미니 초음파 사무실 차량 무선 신생아 휴대용 가습기 Duwater 듀워터,34900,touched,,CHINA,
119, 디스커버리  픽시버G 튜브 구스다운 여성 경량패딩  ,169000,touched,겉감    폴리에스터   겉감    폴리에스터   겉감    폴리우레탄   주머니감   폴리에스터   충전재   솜털   충전재   깃털  ,미얀마,"BES,BKS,CRS,GRS,PKN"
120, 따뜻한 겨울  두꺼운 양털담요  대형 극세사 밍크 양모블랭킷   기프트백 ,20900,touched,고급 극세사   폴리에스테르,중국,"그레이,네이비,카멜베이지,크림화이트,민트스카이,핑크"
121, 집순이선물  밍크담요 수면양말 슬리퍼  빼빼로 증정  톡별 ,19900,touched,,,
122, 셀럽 착용  대왕 오리 기모 파자마  슬리퍼 증정 ,29900,touched,,중국,
123, 선물로 좋아요  포그니 알파카 바디필로우    톡별 ,29900,touched,겉면  폴리에스터   비스코스 레이온      충전재  폴리에스터     입 귀  폴리에스터     주머니안감  폴리에스터  ,중국,"핑크, 베이지"
124, 한정특가  코지베어 먼지없는 이불베개 침구세트 SS Q균일가  외 ,29900,touched,세미 마이크로 폴리에스터  ,대한민국,
125, 스몰 럭셔리   선물포장 델픽 시그니처 티백   중  ,28000,touched,,델픽,
126,전복에 내 마음 가득 담아  본죽 전복죽 쇠고기 장조림set,35000,touched,전복죽                                   미니장조림          ,동방푸드마스타 / 농업회사법인 올레㈜,
127, 온열 마우스패드  아이보우 스마트 온열 마우스패드 온열 데스크 전기매트 책상 마우스패드 IVHP ,34900,touched,,중국OEM,
128, 겨울 핫템  카카오프렌즈 스틱형 손난로 보조배터리 ,34900,touched,,중국,
129, 신규컬러 출시  선물패키지  오아듀얼미스트 무선 미니가습기 무드등 감성디자인 초음파사무실  OA  ,27900,touched,,,
130,  추가증정  카카오프렌즈 춘식이 고구마 박스 무드등 가습기 ,45900,touched,,,
131,마이핫 보온대 대용량 핫팩  BOX,12000,touched,,,
132,박상병 대용량 핫팩 ,21700,touched,,,
133, 템키퍼  당신의 온도를 지켜줄 냉온 조절 텀블러,42900,touched,,,
134, 경복궁  한우곰탕 보양세트     ,60000,touched,해당사항 없음,해당사항 없음,
135, 사미헌  한끼갈비탕     ,29600,touched,해당 사항 없음,,
136, 선물 사무실 담요  더자리 포근포근 부드러운 솔리드 고밀도 극세사 담요 소형   ,6900,touched,,,
137, 따뜻하게 앉아요  이노크아든 북유럽풍 피치스킨 전기방석   GP  ,26900,touched,,대한민국,
138, 따뜻한 귀요미  크리스마스 선물 손난로 핫팩인형 루돌프,8900,touched,,,
139, 학교 사무실 차박  고밀도  극세사 겨울 밍크 담요  케이프   ,12900,touched,앞면  세미 마이크로   뒷면 폴리에스터  ,한국,화이트/그레이/핑크/베이지
140, VIPS  빕스 패밀리 선물세트  오리지널폭립  스파이시폭립   ,49900,touched,,"씨제이푸드빌(주), 충북 진천군 광혜원면 광혜원산단길 107",
141, SNS 인기아이템   불빛 미니조명 렉슨미나 S사이즈,39900,touched,,,
142, 크리스마스   SS 홀리데이 텀블러 or 콜드컵   무료음료쿠폰 ,35000,touched,,중국,
143, 🎄🎁✨  Holiday Gift  코데즈컴바인  최신상 베이직 브라 팬티 세트  ,26000,touched,브라원단 폴리에스터  폴리우레탄  면  기타               브라원단 폴리에스터  폴리우레탄  면  기타,202201,
144, 연말선물추천  케이블 폴로 베어 울블렌드 머플러   color ,139000,touched,,,
145, 남녀공용  블레르 니트 머플러,9900,touched,,,
146, VIPS  빕스 패밀리 선물세트  오리지널폭립  스파이시폭립   ,39900,touched,,"씨제이푸드빌(주), 충북 진천군 광혜원면 광혜원산단길 107",
147, 크리스마스   홀리데이 스터드 or 주얼드 콜드컵    무료음료쿠폰 ,30000,touched,,중국,
148, 편안함을 함께하는  세븐데이즈 요루면 파자마세트   couple,28900,touched,,,
149, 단독 선물포장🎁   포근한 날만 가득하길  시그니처 체크 머플러   여자친구 생일 선물 포장,28000,touched,acrylic,대한민국,
150, 웨지우드 카카오단독  티타임 머그 선물 세트  머그    TEA  ,58000,touched,도자기제 본차이나 ,인도네시아,
151,   데일리 트렌디 커플 파자마 ,49900,touched,,중국,
152, 집에서도 예쁜  꿀잠 파자마 상하의 세트  ,24900,touched,,,
153, 경복궁  전통 한 상 세트 한우떡갈비 한우사골고기곰탕 칼집 LA갈비 ,52900,touched,,,
154, 크리스마스   SS 홀리데이 텀블러 or 콜드컵    무료음료쿠폰 ,33000,touched,,중국,
155, 집들이선물추천      따뜻하고 귀여운 겨울 캐릭터 털 층간소음 슬리퍼 실내화,15900,touched,,,
156, 앤의 감성이 그대로   울랄라X빨강머리앤  F W 신상 파자마 모음,34900,touched,,,
157, 🎁선물추천🎁   게스언더웨어  솔리드 베이직 브라 팬티 세트  ,28000,touched,브라원단  폴리에스터 폴리우레탄 면 기타                   ,필리핀,
158,빕스 홈레스토랑 선물세트  오리지널 폭립  핫 스노잉치즈 폭립 ,39900,touched,,,
159,  W NEW   게스언더웨어  에어로쿨 아웃밴드 노와이어 브라팬티 세트  ,32000,touched,브라원단 폴리에스터 폴리우레탄 면 기타                   ,,
160,집순이 빅후드담요 곰도리ver  빅후드담요  양말set  톡별  ,29900,touched,,,
161, 코데즈컴바인  남성 베이직 신상   ,36000,touched,폴리에스터 폴리우레탄 나일론 기타,필리핀 또는 베트남,
162, 겨울에는 함께  얼모스트블루베니르 위클리 머플러   커플 여자친구 남자친구 선물,28000,touched,acrylic  ,대한민국,
163, 연말 홈파티   선물하기 단독 Gift Bo 증정  스타벅스 by 네스프레소 캡슐커피 선물세트,41900,touched,,,
164, 질바이질스튜어트  울캐시미어혼방 머플러  ,52900,touched,울 캐시미어 혼방,,
165, 꼭 필요한 양말  절대 벗겨지지 않는 양말 시리즈   모든종류   매일양말 ,13900,touched,,,
166, 따뜻한 선물추천  남녀공용 세티아 오버 사이즈 캐시미어 머플러  ,8900,touched,,,
167,위글위글 쿠션 담요,34200,touched,,,
168,꿀잠  파자마 세트  ,19900,touched,,,
169,    소소하지만 확실한 행복  신혼부부 커플잠옷 파자마 세트  ,79900,touched,,,
170, 잘했고 잘하고 있고 잘 될 것이다    리브인리프 꽃다발,38500,touched,,한국,
171,마이크리스마스쿠키 춘식이 파자마 인형,39000,touched,       ,중국,혼합
172, 연말선물추천  리버시블 울 블렌드 머플러   color ,129000,touched,울 나일론,,
173, 집들이 결혼선물  남녀커플 파자마   디퓨져 세트 파자마  디퓨져 엽서 선물포장 ,59900,touched,,,
174, 따뜻한선물   주머니에 쏘옥  Sanrio 산리오캐릭터즈 포켓 핫팩 세트   ,18000,touched,,대한민국,
175, 선물하기 좋은  울랄라 F W 커플 파자마 모음,39900,touched,,,
176, 당일발송  사고르 터치 니트장갑   ,15000,touched,,,
177, 이거슨 꿀잠맛집  찹쌀떡 모찌모찌 왕베개,29900,touched,,,
178, 본사공식정품  고비 리버시블 캐시미어   머플러     기프트포장 ,119000,touched,캐시미어,몽골,
179,   신상 스윗 커플 파자마 ,49900,touched,,중국,
180, 차분한 게으름을 위한 준비  데이지 체크 요루면 긴팔 파자마세트  ,29900,touched,,,
181, 연말선물추천  케이블 니트 울 블렌드 머플러   color ,159000,touched,울 나일론,,
182,Quokka Dumpling Pouch,20000,touched,,China,
183, 단독 선물포장🎁   널 따뜻하게 안아줄  허그 체크 머플러   여자친구 생일 선물 포장,24800,touched,acrylic  ,대한민국,
184, 핸드메이드   따뜻한 겨울 보내길  보들 포근 남녀공용 국산 목도리 머플러  ,16900,touched,,,
185, 앤 선물박스 증정   울랄라X빨강머리앤  긴팔 페어 파자마 모음,36900,touched,,,
186,집순이를 위한 사계절 파자마세트    ,12900,touched,,중국,
187,마이크리스마스쿠키 스노우볼,29000,touched,유리  물  레진,중국,
188, 안아주오리   애착 대형 인형 바디필로우 촉감 중독,21900,touched,,중국,
189,나이키 NSW FW 신상 클럽 후디 기모  택일,38500,touched,,,
190,카카오프렌즈 밍크 소프트 담요   레인보우춘식,14900,touched,,,
191,카카오프렌즈 밍크 소프트 담요   레인보우춘식,19900,touched,,,
192, 당일발송  리온 귀도리   ,11900,touched,,,
193, 집들이 생일선물   선물포장 카드  천연가습기 자연기화식 가습제 정화석 접시,29900,touched,,,
194,프릳츠 콜드브루와 유리잔 듀오  쇼핑백 포함 ,25000,touched, 제공량당 함량   열량    탄수화물       당류   단백질      지방   포화지방      트랜스지방   콜레스테롤      나트륨    ,해당사항 없음,
195,집순이를 위한 보들보들 파자마세트    ,24900,touched,,,
196,버버리  체크 울 목도리 머플러,329000,luxury,울,브랜드국-영국(UNITED KINGDOM)(원산지:스코틀랜드),
197,생로랑 모노그램 그레인 카드지갑   ,425000,luxury,CALF 소가죽 ,,NERO(블랙)
198, GG 마몽  카드 케이스 지갑,610000,luxury,,,
199,GG 비 Bee  모양 실크 넥 보우,260000,luxury,,,
200,AMI    아미 드 꾀흐 하트 로고 라운드넥 공용 맨투맨,299000,luxury,코튼,브랜드국-프랑스(FRANCE)(원산지:포르투갈),블랙
201, 공식  비비안웨스트우드 엠브로이더드 램스울 머플러     기프트포장 ,280000,luxury,  Virgin Wool,이탈리아,
202,발렌티노 VRHOMBUS 울 캐시미어 스카프  MWS ,379000,luxury,WOOL CASHMERE     ,ITALY,
203,버버리 스트라이프 포이베 버킷백  라프리마,575000,luxury,POLYAMIDE 폴리아미드 ,MOLDOVA,ARCHIVE BEIGE(아카이브 베이지)
204, GG 마몽  카드 케이스,480000,luxury,,,
205, 오피디아  카드 케이스 지갑,420000,luxury,,,
206,페라가모       양면 벨트,399000,luxury,소가죽 스테인리스스틸,브랜드국-이탈리아(ITALY)(원산지:이탈리아),
207,가죽 카드 홀더,387000,luxury,,,
208,메종키츠네  EC 칠랙스 폭스 토트백,119000,luxury,코튼,브랜드국-프랑스(FRANCE)(원산지:불가리아),아이보리
209,GG 패턴 실크 타이,310000,luxury,,,
210,보테가베네타   인트레치아토 키링  ,289000,luxury,양가죽 스테인리스스틸,브랜드국-이탈리아(ITALY)(원산지:이탈리아),
211,보테가베네타    인트레치아토 키링,279000,luxury,양가죽,브랜드국-이탈리아(ITALY)(원산지:이탈리아),
212,메종키츠네   더블 모노크롬 폭스 해드 패치 여성 맨투맨,279000,luxury,코튼,브랜드국-프랑스(FRANCE)(원산지:포르투갈),블랙
213,Laure Tote Bag,129000,luxury,면    폴리우레탄  ,중국,36(BLUE)
214, 공식 롱샴 르 플리아쥬 그린 탑핸들백 ,200000,luxury,  나일론  천연가죽 소 ,"프랑스, 루마니아, 모리셔스, 모로코, 중국, 튀니지, 불가리아, 이탈리아 외 국가 (위 국가에서 제조된 상품이 랜덤으로 발송됩니다)",블랙
215, 시즌OFF     공식 롱샴 르 플리아쥬 그린 숄더백 ,160000,luxury,  나일론  천연가죽 소 ,"프랑스, 루마니아, 모리셔스, 모로코, 중국, 튀니지, 불가리아, 이탈리아 외 국가 (위 국가에서 제조된 상품이 랜덤으로 발송됩니다)",플라워
216,CP컴퍼니    렌즈 와펜 플리스 남성 맨투맨,179000,luxury,코튼,브랜드국-이탈리아(ITALY)(원산지:이탈리아),color
217,페라가모 간치니 키링   BK ,170000,luxury,CALF METAL 소가죽 메탈 ,,
218,이자벨마랑    타이론 자수 로고 볼캡,169000,luxury,코튼,브랜드국-프랑스(FRANCE)(원산지:불가리아),
219,핸드 페인티드 백 스카프,130000,luxury,,,
220, 구찌 홀스빗   카드 케이스 지갑,700000,luxury,,,
221, 오피디아  스몰 핸드백,2350000,luxury,,,
222, 구찌 홀스빗   미니백,1530000,luxury,,,
223,GG 프린트 홀스빗 실크 넥 보우,260000,luxury,,,
224,몽블랑 사토리얼  포켓 ,270000,luxury,천연가죽 소가죽 ,이탈리아,
225,몽블랑 사토리얼  지갑 ,500000,luxury,천연가죽 소가죽 ,이탈리아,
226,프라다  QWA  사피아노 반지갑,869000,luxury,소가죽,브랜드국-이탈리아(ITALY)(원산지:이탈리아),
227, 버버리  클래식 체크 캐시미어 스카프  라프리마,520000,luxury,CASHMERE   ,SCOTLAND,
228,이자벨마랑    타이론 자수 로고 볼캡,159000,luxury,코튼,브랜드국-프랑스(FRANCE)(원산지:불가리아),
229,몽블랑 픽스 블랙 볼펜 ,340000,luxury,고급 블랙 레진,독일,
230, GG 마몽  카드 케이스 지갑,610000,luxury,,,
231, GG 마몽  카드 케이스 지갑,610000,luxury,,,
232,버버리  캐시미어 자수 로고 머플러  ,590000,luxury,캐시미어,브랜드국-영국(UNITED KINGDOM)(원산지:이탈리아),
233,CP컴퍼니    렌즈 와펜 플리스 남성 맨투맨,179000,luxury,코튼,브랜드국-이탈리아(ITALY)(원산지:이탈리아),color
234,발렌시아가 로고 카드지갑   ,350000,luxury,CALF 소가죽 ,ITALY,
235,GG 자카드 패턴 니트 스카프,520000,luxury,,,
236,메종키츠네  ANIM 맨투맨,329000,luxury,울,브랜드국-프랑스(FRANCE)(원산지:모로코),그레이
237,Sarah Shoulder A Strap Bag,939000,luxury, ,모로코,88(BROWN)
238,보테가베네타    인트레치아토 카드지갑,299000,luxury,소가죽,브랜드국-이탈리아(ITALY)(원산지:이탈리아),
239, 버버리  클래식 체크 캐시미어 스카프  MU GIANT CHK ,417000,luxury,캐시미어  ,스코틀랜드,
240, 공식  양면 싱글 오브 머플러  ,280000,luxury,  Wool,,
241,골든구스 남성 미드스타   ,748000,luxury,겉감  소 가죽   안감  면   소 가죽   밑창  고무  ,이탈리아,
242,마이 마 ,249000,luxury,아세테이트,중국,
243,가죽 카드 홀더,362000,luxury,,,
244, GG 마몽  카드 케이스 지갑,700000,luxury,,,
245,마이스터스튁 명함 지갑 ,350000,luxury,천연가죽 소가죽 ,,
246,생로랑 금장 플랩 카드케이스   ,692000,luxury,소가죽,이탈리아,블랙(BK)
247,사피아노 가죽  지갑,650000,luxury,,,
248, 친구 맺고  적립    off  토리버치 공식 페리 봄베 더블집 크로스바디,370000,luxury,겉감   천연가죽 소   안감   폴리에스터    배색   천연가죽 소  ,필리핀,블랙
249,마이스터스튁 플래티넘 라인 미드사이즈 볼펜 ,620000,luxury,고급 블랙 레진,,
250,체크 GG 울 스카프,620000,luxury,,,
251,톰브라운    디보스드  바 카드지갑,299000,luxury,소가죽,브랜드국-미국(USA)(원산지:이탈리아),
252,몽블랑 마이스터스튁 플래티넘 코팅 클래식 볼펜 ,590000,luxury,고급 블랙 레진,독일,
253,프라다    에나멜 트라이앵글 로고장식 헤어클립,559000,luxury,메탈 에나멜,브랜드국-이탈리아(ITALY)(원산지:이탈리아),
254,보테가베네타    인트레치아토 키링,279000,luxury,양가죽,브랜드국-이탈리아(ITALY)(원산지:이탈리아),
255,톰브라운 머플러   ,556000,luxury,WOOL   ,,
256,보테가베네타    반지갑,539000,luxury,소가죽,브랜드국-이탈리아(ITALY)(원산지:이탈리아),
257,CP컴퍼니    메리노 울 고글 비니,129000,luxury,울,브랜드국-이탈리아(ITALY)(원산지:이탈리아),
258,랭 ,249000,luxury,아세테이트,중국,
259, 롯데백화점 톰브라운  남성 삼선 넥타이 블랙   ,244590,luxury,SILK  ELASTANE,이탈리아,
260, 오피디아  코리아 익스클루시브 GG 카드 케이스,420000,luxury,,,
261,프라다 사피아노 가죽 키체인    라프리마,420000,luxury,SAFFIANO METAL 소가죽 메탈 ,ITALY,
262,이자벨마랑    TYRON 타이론 볼캡,139000,luxury,코튼,브랜드국-프랑스(FRANCE)(원산지:불가리아),
263, 공식 롱샴 르 플리아쥬 오리지널 백팩 ,200000,luxury,  나일론  천연가죽 소 ,"프랑스, 루마니아, 모리셔스, 모로코, 중국, 튀니지, 불가리아, 이탈리아 외 국가 (위 국가에서 제조된 상품이 랜덤으로 발송됩니다)",블랙
264,톰브라운    페블 그레인 삼선 스트라이프 반지갑,389000,luxury,소가죽,브랜드국-미국(USA)(원산지:이탈리아),
265,가죽 카드 홀더,370000,luxury,,,
266,CP컴퍼니    렌즈 와펜 플리스 남성 맨투맨,179000,luxury,코튼,브랜드국-이탈리아(ITALY)(원산지:이탈리아),color
267,마이스터스튁 카드 수납 기능이 있는 명함 지갑 ,350000,luxury,천연가죽 소가죽 ,,
268, 친구 맺고  적립    off  토리버치 공식 로빈슨 미니 코스메틱 케이스,112000,luxury,겉감   천연가죽 소   안감   폴리에스터    안감   레이온   ,중국,
269,알렉산더맥퀸 그래피티 카드홀더   ,160000,luxury,CALF 소가죽 ,,BLACK(블랙)
270,버버리   빈티지 체크 레더 머니클립 카드지갑,309000,luxury,가죽,브랜드국-영국(UNITED KINGDOM)(원산지:몰도바),
271,캐시미어 혼방 옴브레 스카프,300000,luxury,,,
272,생로랑    모노그램 키링,299000,luxury,소가죽 황동,브랜드국-프랑스(FRANCE)(원산지:이탈리아),
273,보테가베네타   인트레치아토 나파 카드지갑  ,289000,luxury,양가죽,브랜드국-이탈리아(ITALY)(원산지:이탈리아),
274, 롯데백화점 톰브라운  남성 삼선 넥타이 다크그레이   ,270630,luxury,WOOL,이탈리아,
275,GG 비 Bee  모양 실크 넥 보우,260000,luxury,,,
276,릴리트 ,259000,luxury,아세테이트,중국,
277,릴리트  BR ,259000,luxury,아세테이트,중국,
278,마이스터스튁  키 홀더 루프 ,250000,luxury,PVC,,
279, 공식  사피아노  오브 키링 블랙,180000,luxury,,,
280,이자벨마랑    타이론 자수 로고 볼캡,159000,luxury,코튼,브랜드국-프랑스(FRANCE)(원산지:불가리아),
281,페라가모        헤어밴드,159000,luxury,코튼,브랜드국-이탈리아(ITALY)(원산지:이탈리아),
282, 선물포장  발망헤어 리미티드 에디션 빠스 아 슈브 미디움,145000,luxury,아세테이트,프랑스,
283, 선물포장  발망헤어 바렛 푸어 슈브 라지 톨더스 쉘,130000,luxury,셀룰로스 아세테이트,폴란드,
284, 친구 맺고  적립  TUMI  에어팟 프로 파우치,110000,luxury,  PU     가죽,베트남,
285, 선물포장  발망헤어 바렛 푸어 슈브 미디움 톨더스 쉘,98000,luxury,셀룰로스 아세테이트,폴란드,
286, 오피디아  코리아 익스클루시브 탑 핸들백,3900000,luxury,,,
287,발렌티노 락스터드 동전지갑 겸 카드케이스  BOL  라프리마,250000,luxury,CALF 소가죽 ,ITALY,NERO(블랙)
288, 친구맺고   적립    off  토리버치 공식 키라 쉐브론 카드 케이스,119000,luxury,겉감   천연가죽 양   안감   폴리에스터    안감   레이온   ,중국,
289, 구찌 홀스빗   미니백,3600000,luxury,,,
290, 오피디아  카드 케이스 지갑,750000,luxury,,,
291,불가리 불가리 맨 반지갑,630000,luxury,,이탈리아,
292,발렌티노 VLTN 로고 남성 머플러  PTX ,420000,luxury,WOOL CASHMERE     ,ITALY,
293,모라 ,280000,luxury,메탈,중국,
294,세르펜티 포에버 크로스 백,2850000,luxury,,이탈리아,
295,Demi Lune Mini Compact Wallet,319000,luxury,소가죽  ,스페인,
296, 공식  사피아노  오브 키링 블랙,180000,luxury,,,
297, 친구맺고   적립    off  토리버치 공식 키라 쉐브론 컬러블록 카드 케이스,147000,luxury,겉감   천연가죽 양   안감   폴리에스터    안감   레이온    배색   천연가죽 염소  ,,
298,버버리   보 타이 토마스 베어 참 키링,319000,luxury,캐시미어 폴리우레탄,브랜드국-영국(UNITED KINGDOM)(원산지:중국),
299, 잭슨  남성 레더 나일론 스니커즈,1320000,luxury,,이태리,
300,몽블랑 블랙 컬러 벨트 ,410000,luxury,천연가죽 소가죽 ,,
301,세르펜티 포에버 마이크로 백,780000,luxury,,이탈리아,
302,페라가모        카드지갑,212900,luxury,소가죽,브랜드국-이탈리아(ITALY)(원산지:이탈리아),
303, T 라인  그레인 레더 머니클립,710000,luxury,,,
304,로지 ,269000,luxury,아세테이트,중국,
305,가죽 카드 홀더,454000,luxury,,,
306,Ninon Mini Bag,349000,luxury,    ,중국,83(BEIGE)
307,MUSEO 소프트 백,1710000,luxury,,,
308, 친구 맺고  적립    off  토리버치 공식 페리 봄베 컬러 블록 탑집 카드케이스,175000,luxury,겉감   천연가죽 소   안감   폴리에스터    안감   레이온    배색   천연가죽 소  ,캄보디아,
309, 공식  샤이니 페이턴트 플랩 카드지갑 블랙,330000,luxury,  Cow Leather,중국,
310, 카카오 익스클루시브  불가리 불가리 코인 퍼스,480000,luxury,,이탈리아,
311, 공식 롱샴 르 플리아쥬 오리지널 탑핸들백 ,180000,luxury,  나일론   천연가죽 소 ,"프랑스, 루마니아, 모리셔스, 모로코, 중국, 튀니지, 불가리아, 이탈리아 외 국가 (위 국가에서 제조된 상품이 랜덤으로 발송됩니다)",네이비
312,사피아노 가죽  지갑,650000,luxury,,,
313,해리 ,289000,luxury,아세테이트  메탈,중국,
314,릭 ,259000,luxury,아세테이트,중국,
315, 카카오 익스클루시브  불가리 불가리 코인 퍼스,480000,luxury,,이탈리아,
316, 제임스  남성 스웨이드 나일론 스니커즈,1370000,luxury,,이태리,
317,보테가베네타    인트레치아토 카드지갑,360900,luxury,소가죽,브랜드국-이탈리아(ITALY)(원산지:이탈리아),
318,GG 자카드 패턴 니트 스카프,520000,luxury,,,
319,Lou Tote Bag,199000,luxury, ,불가리아,98(BLACK)
320, 친구 맺고  적립  뉴브릭 엠보싱 레더 카드케이스  지갑,370000,luxury,COWHIDE,,
321, 공식  그래니 프레임 펄스 크로스백 블랙,480000,luxury,  Lamb Leather,중국,
322, GG 마몽  하프문 쉐입 미니백,1870000,luxury,,,
323,Demi Lune Mini Compact Wallet,319000,luxury,소가죽  ,스페인,
324, T 라인  그레인 레더 TF 클래식 카드지갑,360000,luxury,,,
325, 롯데백화점 보테가베네타  공용 인트레치아토 카드지갑 네이비  ,291000,luxury,LEATHER,이탈리아,
326,허 ,259000,luxury,아세테이트,중국,
327,프라다    비텔로 목걸이 카드지갑,499000,luxury,소가죽,브랜드국-이탈리아(ITALY)(원산지:),
328,Glam Slam 플랩 스몰 백,1974000,luxury,,,
329,사피아노 가죽  지갑,650000,luxury,,,
330,세르펜티 포에버 카드 홀더,800000,luxury,,이탈리아,
331,가죽 카드 홀더,391000,luxury,,,
332,생로랑 금장 지퍼 카드케이스   ,513000,luxury,소가죽,이탈리아,블랙(BK)
333,세르펜티 카보숑 마이크로 백,1200000,luxury,,이탈리아,
334, 친구 맺고  적립    off  토리버치 공식 키라 쉐브론 바이폴드 월렛,231000,luxury,겉감   천연가죽 양   안감   폴리에스터    안감   레이온   ,중국,
335,골든구스 여성 슈퍼스타   ,748000,luxury,겉감  염소 가죽   소 가죽   안감  소 가죽   면   밑창  고무  ,이탈리아,
336,알리오 X ,310000,luxury,아세테이트  메탈,중국,
337,프라다    끈조임형 버킷백  별도스트랩X ,669000,luxury,나일론 소가죽,브랜드국-이탈리아(ITALY)(원산지:중국),블루
338,몽블랑 블랙 컬러 벨트 ,410000,luxury,천연가죽 소가죽 ,이탈리아,
339, 오피디아  코리아 익스클루시브 미디엄 GG 토트백,1810000,luxury,,,
340,몽블랑 사토리얼 키 포브 ,280000,luxury,천연가죽 소가죽 ,이탈리아,
341, 선물포장  발망헤어 리미티드 에디션 바렛 푸어 슈브 라지,140000,luxury,아세테이트,프랑스,
342,프라다  QWA  사피아노 키체인 카드지갑,609000,luxury,소가죽,브랜드국-이탈리아(ITALY)(원산지:이탈리아),
343,프라다  EGY  루퍼스 메탈 로봇 키링,299000,luxury,메탈,브랜드국-이탈리아(ITALY)(원산지:이탈리아),
344, 구찌 아따슈  라지 숄더백,3600000,luxury,,,
345, 오피디아  GG 스몰 숄더백,1940000,luxury,,,
346, 버버리  라이트 웨이트 체크 울 실크 스카프  MU GIANT CHECK G,400000,luxury,울     실크  ,이탈리아,
347,TRUNK 소프트 미디엄 백,2430000,luxury,,,
348,가죽카드 홀더,362000,luxury,,,
349,프라다 사피아노 가죽 키체인    라프리마,355000,luxury,SAFFIANO METAL 소가죽 메탈 ,ITALY,
350, 친구 맺고  적립    off  토리버치 공식 워커 탑집 카드 케이스,150000,luxury,겉감   천연가죽 소   안감   폴리에스터   ,"중국,캄보디아",
351, 베이비 백,1388000,luxury,,,
352,골든구스 여성 런닝솔   ,858000,luxury,겉감  나일론   폴리에틸렌   면   폴리에스터   소 가죽   안감  면   소 가죽   밑창  고무  ,이탈리아,
353, T 라인  그레인 레더 클래식 카드지갑,460000,luxury,,,
354, MARKDOWN   할인 RELATIVITY 미디엄 백,30%,luxury,,,
355,폴디드 멀티 카드 지갑,400000,luxury,,,
356, 공식 롱샴 르 플리아쥬 그린 숄더백 ,200000,luxury,  나일론  천연가죽 소 ,"프랑스, 루마니아, 모리셔스, 모로코, 중국, 튀니지, 불가리아, 이탈리아 외 국가 (위 국가에서 제조된 상품이 랜덤으로 발송됩니다)",블랙
357, 친구맺고   적립    off  토리버치 공식 엘라 미니 토트,259000,luxury,겉감   나일론    안감   폴리에스터    배색   폴리우레탄   ,캄보디아,베이지
358,발렌시아가 BB로고 카드지갑   ,280000,luxury,CALF 소가죽 ,ITALY,
359,GG 마틀라세 뷰티 케이스,970000,luxury,,,
360,생로랑    모노그램 실버로고 반지갑,539000,luxury,소가죽,(원산지:이탈리아),
361, 친구 맺고  적립    off  토리버치 공식 티 모노그램 도미노 카드 포켓,112000,luxury,겉감   면    겉감   폴리에스터    안감   폴리에스터    안감   레이온    배색   천연가죽 소  ,중국,
362, 친구맺고   적립    off  토리버치 공식 키라 쉐브론 체인 월렛,455000,luxury,겉감   천연가죽 양   안감   폴리에스터    안감   레이온   ,중국,
363, 친구맺고   적립    off  토리버치 공식 맥그로우 스파졸라토 바이 폴드 월렛,210000,luxury,겉감   천연가죽 소   안감   폴리에스터    안감   레이온   ,,
364,MUSEO 소프트 미니 백,1560000,luxury,,,
365, 친구맺고   적립    off  토리버치 공식 밀러 미디엄 플랩 월렛,231000,luxury,겉감   천연가죽 소   안감   폴리에스터    안감   레이온    배색   천연가죽 소  ,필리핀,
366,Maiko Medium Shopping Bag,669000,luxury, ,스페인,89(BROWN)
367,버버리  토날 경량 체크 울 캐시미어 머플러,399000,luxury,울 캐시미어,브랜드국-영국(UNITED KINGDOM)(원산지:스코틀랜드),
368,Andre Cardholder,159000,luxury, ,스페인,98(BLACK)
369,가죽 키 체인 지갑,656000,luxury,,,
370,몽블랑 M Gram   지갑 ,550000,luxury,가죽,,
371,마크제이콥스 Mini Compact Wallet GlamShot Pebble ,269500,luxury,겉감  양가죽  ,베트남,PEBBLE
372, T 라인  남성 그레인 레더 리버서블 T 벨트 ,1090000,luxury,,,
373,TRUNK 클러치 백,1260000,luxury,,,
374,버버리 빈티지 체크 레더 반지갑 ,380000,luxury,POLYURETHANE COTTON 폴리우레탄 면 ,ITALY,
375, 공식 롱샴 르 플리아쥬 오리지널 파우치 ,135000,luxury,  나일론  천연가죽 소 ,"프랑스, 루마니아, 모리셔스, 모로코, 중국, 튀니지, 불가리아, 이탈리아 외 국가 (위 국가에서 제조된 상품이 랜덤으로 발송됩니다)",블랙
376, 잭슨  남성 레더 나일론 스니커즈,1320000,luxury,,이태리,
377,AMI    아미 드 꾀흐 하트 인타르시아 남성니트,479000,luxury,울,브랜드국-프랑스(FRANCE)(원산지:포르투갈),베이지
378, MARKDOWN   할인 RELATIVITY 미디엄 백,30%,luxury,,,
379, 오피디아  GG 지갑,760000,luxury,,,
380,마이크로 알렉사,820000,luxury,,,
381,  추가 마크제이콥스 E  The Shutter Brown,870000,luxury,소가죽  ,베트남,ARGAN OIL
382, 친구맺고   적립    off  토리버치 공식 머서 엠보스드 나노 크로스바디,343000,luxury,겉감   천연가죽 소   안감   나일론    안감   폴리우레탄   ,,
383, 오피디아  GG 미니백,1430000,luxury,,,
384, 디오니서스  GG 수프림 수퍼 미니 체인 백,1410000,luxury,,,
385, 친구 맺고  적립  비세토스 오리지널  지갑,350000,luxury,COATED CANVAS,,
386, 친구맺고   적립    off  토리버치 공식 로빈슨 체인 월렛,350000,luxury,겉감   천연가죽 소   안감   폴리우레탄   ,,
387, 공식 롱샴 르 플리아쥬 그린 탑핸들백 ,180000,luxury,  나일론  천연가죽 소 ,"프랑스, 루마니아, 모리셔스, 모로코, 중국, 튀니지, 불가리아, 이탈리아 외 국가 (위 국가에서 제조된 상품이 랜덤으로 발송됩니다)",블랙
388, 오피디아  미디엄 토트백,3300000,luxury,,,
389, GG 마몽  카드 케이스,480000,luxury,,,
390, 친구 맺고  적립   각인서비스  알파 브라보 서치 백팩,830000,luxury,,,BLACK
391,세르펜티 포에버 마이크로 백,810000,luxury,,이탈리아,
392, 친구맺고  적립   공식  글로브 반다나 스카프 그레이,280000,luxury,,,
393, 친구맺고   적립    off  토리버치 공식 맥그로우 바이 폴드 월렛,210000,luxury,겉감   천연가죽 소   안감   폴리에스터    안감   레이온   ,,
394,여성 Replica 스니커즈,654000,luxury,,,
395,캐시미어 스카프,390000,luxury,,중국,
396, 공식 롱샴 르 플리아쥬 오리지널 숄더백 ,200000,luxury,  나일론   천연가죽 소 ,"프랑스, 루마니아, 모리셔스, 모로코, 중국, 튀니지, 불가리아, 이탈리아 외 국가 (위 국가에서 제조된 상품이 랜덤으로 발송됩니다)",네이비
397, 친구 맺고  적립    off  토리버치 공식 키라 쉐브론 카드 케이스,119000,luxury,겉감   천연가죽 양   안감   폴리에스터    안감   레이온   ,중국,
398, 오피디아  GG 숄더백,1910000,luxury,,,
399,생로랑 캐비어 모노그램 카드지갑   ,579000,luxury,CALF 소가죽 ,,NERO(블랙)
400,세르펜티 카보숑 맥시 체인 미니 크로스 백,3000000,luxury,,이탈리아,
401,세르펜티 포에버 이스트 웨스트 숄더백,2800000,luxury,,이탈리아,
402, 친구 맺고  적립    off  토리버치 공식 키라 쉐브론 카드 케이스,119000,luxury,겉감   천연가죽 양   안감   폴리에스터    안감   레이온   ,중국,
403,생로랑    스퀘어 버클 모노그램 벨트,559000,luxury,소가죽 메탈,브랜드국-프랑스(FRANCE)(원산지:이탈리아),
404, 친구 맺고  적립    off  토리버치 공식 페리 봄베 미니백,343000,luxury,겉감   천연가죽 소      폴리에스터       천연고무 ,필리핀,연두색
405, 공식 롱샴 르 플리아쥬 오리지널 숄더백 ,230000,luxury,  나일론  천연가죽 소 ,"프랑스, 루마니아, 모리셔스, 모로코, 중국, 튀니지, 불가리아, 이탈리아 외 국가 (위 국가에서 제조된 상품이 랜덤으로 발송됩니다)",블랙
406,마크제이콥스 Mini Trifold Snapshot NewCloudWhite ,295000,luxury,겉감  소가죽  폴리우레탄 코팅  ,베트남,NEW CLOUD WHITE MULT
407,미니 지퍼 베이스워터,1810000,luxury,,,
408, 친구 맺고  적립  비세토스 오리지널 키링,145000,luxury,COATED CANVAS,,
409, 프라다  사피아노 가죽 키체인    라프리마,355000,luxury,SAFFIANO 소가죽 ,ITALY,
410,AMI    아미 드 꾀흐 인타르시아 니트,439000,luxury,울,브랜드국-프랑스(FRANCE)(원산지:이탈리아),화이트
411,GLAM SLAM 트라이폴드 지갑,752000,luxury,,,
412, MARKDOWN   할인 RELATIVITY 가죽 미니 백,30%,luxury,,,
413, 친구 맺고  적립    off  토리버치 공식 엘라 토트,301000,luxury,겉감   나일론    안감   폴리에스터    배색   폴리우레탄   ,캄보디아,베이지
414, GG 마몽  키체인 지갑,520000,luxury,,,
415, MARKDOWN   할인 마르니 로고 양말,30%,luxury,,,
416,바이폴드 지갑,538000,luxury,천연가죽 소 ,이탈리아,
417,세르펜티 카보숑 마이크로 백,1200000,luxury,,이탈리아,
418, 시즌오프  할인   공식  로고 플랩 동전지갑 브라운,231000,luxury,,,
419,TROPICALIA 마이크로 백,1160000,luxury,,,
420,TROPICALIA SUMMER 스몰 백,1390000,luxury,,,
421, 롯데백화점 톰브라운  공용 랍스터 울 머플러 그레이   ,717030,luxury,WOOL,이탈리아,
422,폴디드 멀티 카드 지갑,400000,luxury,,,
423,TROPICALIA 미니 버킷 백,1500000,luxury,,,
424,키링 바이폴드 카드 홀더,449000,luxury,,,
425,Sarah Shoulder A Strap Bag,939000,luxury, ,모로코,88(BROWN)
426,마이크로 알렉사,820000,luxury,,,
427,탐부 ,320000,luxury,아세테이트,중국,
428, GG 마몽  스몰 토트백,2870000,luxury,,,
429,발리 타이크 카드 지갑 TYKE LT BK,179000,luxury,CALF 소가죽 ,CHINA,
430, 친구맺고   적립    off  토리버치 공식 키라 쉐브론 페이턴트 카드 케이스,119000,luxury,겉감   천연가죽 양   안감   폴리에스터    안감   레이온   ,,
431,자카드 스몰 사이즈 쇼핑백,1330000,luxury,,,
432,TRUNK 소프트 미디엄 백,2430000,luxury,,,
433,마이크로 세이디 스퀘어,820000,luxury,,,
434,여성 VEJA X MARNI V  하이탑 스니커즈,450000,luxury,,,
435,GG 하프문 쉐입 미니백,1710000,luxury,,,
436,생로랑 금장 카드케이스   ,445000,luxury,소가죽, 이탈리아,블랙(BK)
437, 친구 맺고  적립    off  토리버치 공식 밀러 미디엄 플랩 월렛,231000,luxury,겉감   천연가죽 소   안감   폴리에스터    안감   레이온    배색   천연가죽 소  ,필리핀,
438, 친구 맺고  적립    off  토리버치 공식 키라 쉐브론 체인 월렛,455000,luxury,겉감   천연가죽 양   안감   폴리에스터    안감   레이온   ,중국,
439,마크제이콥스 Top Zip Multi Wallet GlamShot Pebble ,206500,luxury,겉감  양가죽  ,베트남,PEBBLE
440,살바토레페라가모        비바 보우 키링,219000,luxury,양가죽,브랜드국-이탈리아(ITALY)(원산지:이탈리아),
441, 친구 맺고  적립  M Pup 컬러 스플래시 로고 가죽 카드 케이스,30%,luxury,,,
442,오렌지 실크 타이  ,290000,luxury,,이탈리아,브라이트 그린
443, 오피디아  미디엄 GG 토트백,1810000,luxury,,,
444, 친구 맺고  적립    off  토리버치 공식 로빈슨 패치워크 탑집 카드 케이스,154000,luxury,겉감   천연가죽 소   안감   폴리에스터    안감   레이온   ,중국,
445, 오피디아  미니 GG 버킷백,1800000,luxury,,,
446, 공식 롱샴 르 플리아쥬 오리지널 트래블백 ,275000,luxury,  나일론  천연가죽 소 ,"프랑스, 루마니아, 모리셔스, 모로코, 중국, 튀니지, 불가리아, 이탈리아 외 국가 (위 국가에서 제조된 상품이 랜덤으로 발송됩니다)",블랙
447, 구찌 홀스빗   미니백,1660000,luxury,,,
448,프라다    비텔로 무브 빅 메탈 로고 카드지갑,389000,luxury,소가죽,브랜드국-이탈리아(ITALY)(원산지:),
449, 친구 맺고  적립  비세토스 오리지널 카드 반지갑,290000,luxury,COATED CANVAS,,
450,골든구스 남성 슈퍼스타   ,718000,luxury,겉감  소 가죽   안감  소 가죽   면   밑창  고무  ,이탈리아,
451,Maiko Medium Shopping Bag,669000,luxury, ,스페인,89(BROWN)
452,달리 폴디드 멀티 카드 지갑,400000,luxury,,,
453,세르펜티 리버스 숄더백,3600000,luxury,,이탈리아,
454,에디 ,289000,luxury,아세테이트,중국,
455,TRUNK 스몰 숄더백,2190000,luxury,,,
456, 카카오 익스클루시브  불가리 불가리 코인 퍼스,610000,luxury,,이탈리아,
457,로티 ,280000,luxury,아세테이트,중국,
458,보테가베네타   인트레치아토 카드지갑  ,369000,luxury,소가죽,브랜드국-이탈리아(ITALY)(원산지:이탈리아),
459, 오피디아  GG 미니백,1110000,luxury,,,
460,슬림 카드 홀더,479000,luxury,천연가죽 소가죽 ,,
461, 공식  사피아노 슬림 카드지갑 블루,230000,luxury,  Cow Leather,,
462,불가리 불가리 맨 카드 홀더,370000,luxury,,이탈리아,
463,오프화이트 캐시미어 블렌드 크루넥  ,1955000,luxury,캐시미어    폴리아미드  ,이탈리아,오프화이트
464, 베이비 백,1388000,luxury,,,
465, 공식  사피아노 플랩 카드지갑 블랙,330000,luxury,  Cow Leather,,
466,Saint Valentin Tote Bag,199000,luxury,면    폴리우레탄  ,중국,36(BLUE)
467,생로랑    타이니 모노그램 금장 카드지갑,329000,luxury,소가죽,브랜드국-프랑스(FRANCE)(원산지:이탈리아),
468, 친구 맺고  적립   각인서비스  알파 브라보 주니어 크로스바디,420000,luxury,,,NAVY
469, 친구 맺고  적립    off  토리버치 공식 티 미듐 월렛,329000,luxury,겉감   천연가죽 소      천연가죽 양      폴리우레탄       폴리에스터       레이온    배색   천연가죽 소  ,중국,
470,남성 VEJA  MARNI V  로우탑 스니커즈,380000,luxury,,,
471, 공식 롱샴 르 플리아쥬 오리지널 숄더백 ,200000,luxury,  나일론  천연가죽 소 ,"프랑스, 루마니아, 모리셔스, 모로코, 중국, 튀니지, 불가리아, 이탈리아 외 국가 (위 국가에서 제조된 상품이 랜덤으로 발송됩니다)",블랙
472,GG 울 자카드 스카프,670000,luxury,,,
473,프라다  EGY  루퍼스 메탈 로봇 키링,299000,luxury,메탈,브랜드국-이탈리아(ITALY)(원산지:이탈리아),
474,생로랑 금장 케이트백 스몰   ,2376000,luxury,소가죽,이탈리아,블랙(BK)
475,냥냥 라이언 인형,29000,funny, 표면  폴리에스터    폴리우레탄    충전재  폴리에스터  ,중국,혼합
476, 딱  한잔만 해요  알럽하우스 대형소주잔 한방울잔     ,9800,funny,봉규산유리,,
477,꼬리가 움직이는 춘식이 필로우,29000,funny, 표면  폴리에스터    폴리우레탄    충전재  폴리에스터  ,중국,혼합
478,대충 만든 춘식인데요 롱팔인형,20000,funny, 표면  폴리에스터    폴리우레탄    솜  폴리에스터  ,중국,혼합
479, 쓸모없는 선물  움직이는 멕시코 선인장   녹음기능  노래  춤추는 인형 생일선물 쓸데없는 신박한 선물,19800,funny,,중국,
480, 쓸모없는 선물  별의 컵이 비니 생일선물 쓸데없는 신박한 선물,8900,funny,,,
481, NEW 소주메이트  수고한 당신을 위한 혼술  로이체 자동 소주 디스펜서 소주잔  톡별 ,25900,funny,,,
482,     방콕 집순이 후드 담요  집순이담요 ,29900,funny,,,
483, 스트레스 풀리는  짱구 라인쿠션 유리토끼,22500,funny,폴리에스터,중국,브라운
484,오늘 밤  핫하게  코끼리 이벤트 남성 티팬티 속옷 기념일 쓸모없는 선물,6900,funny,,중국,
485, 응원 힐링  반려 돌 키우기 애완 힐링템 스트레스OUT 감성 생일선물 쓸데없는 신박한 선물,12800,funny,,,
486, 진로 한 잠 어때   진로 소주병 빅 바디필로우  쿠션  톡별 ,39900,funny,겉감    ／충전재    ,중국,
487, SNS 인싸템  따라쟁이 춤추는 선인장 녹음기능 노래  생일 인형 집들이 특이한 인테리어 소품,15800,funny,,중국,
488, 쓸모없는 선물  사이파이 안경 유니크 스타일 마이콜 선글라스 코스튬 생일선물 쓸데없는 신박한 선물,7800,funny,,,
489, 쓸모없는 선물  엘리자베스 오리 잠옷 홈파티 방콕 코스튬 집순이 생일선물 쓸데없는 선물,38900,funny,,,
490, 쓸모없는 선물  근육 빵빵 몸짱 티셔츠 코스튬 생일선물 쓸데없는 신박한 선물,16900,funny,,,
491, 소맥치노  집에서 말아먹는 크림 소맥 제조기 소주 맥주  전용 맥주잔  톡별 ,29900,funny,,한국,
492, 쓸모없는 선물  트롤 라이터 케이스 생일선물 쓸데없는 신박한 선물,8900,funny,,,
493, 귀여운 선물   식빵 오리 인형 키링 갸우뚱 열쇠고리 자동차 키 인싸템 생일선물 쓸데없는 신박한 선물,9800,funny,,,
494,버블 윙스틱 비누방울 블링블링 요술봉 공주님들의 비눗방울 놀이,8900,funny,,,
495, 쓸모없는 선물  맥주모자 비어캡 드링킹헬멧 생일선물 쓸데없는 신박한 선물,9800,funny,,중국,
496, 생일선물  시크릿쥬쥬 요술봉하트 투명 손잡이 컵  외 신비아파트 어몽어스 펭수 컵    ,6900,funny,,,
497, 집들이  생일선물   무드등과 스피커를 동시에  충전식 무선 우주인 블루투스 스피커 오로라 무드등 리모컨포함 ,39800,funny,,,
498, 쓸모없는 선물  아령 물병 텀블러 헬창 헬스 코스튬 생일선물 쓸데없는 신박한 선물,13800,funny,,,
499,   사람이 보인다 관상백과,3980,funny,,,
500, 쓸모없는 선물  사이버 LED 안경 고글 사이버펑크 인싸템 코스튬 생일선물 쓸데없는 신박한 선물,14900,funny,,,
501, 감성 집들이선물   불멍 풀세트  수퍼블릭 실내용 애타는램프SET  램프 에탄올 점화기 ,33900,funny,,중국,
502,집순이들을 위한 입는 거북이 등껍질 쿠션,26900,funny,,중국,
503, 한 대만 맞자  벽돌 베개 쿠션,5900,funny,,,
504, 꿀잠 선물  공룡 바디필로우 애착 인형 쿠션   생일 선물 친구 수면 이사 집들이 센스있는 선물,19900,funny,겉면  폴리에스터   충전재  폴리에스터  ,중국,"그린,옐로우,핑크"
505, 쓸모없는 선물  돈 티슈 집들이 자취 취업 용돈 생일선물 쓸데없는 신박한 선물,7900,funny,,,
506, 쓸데없는선물  왹져 머리띠 출시  SNS 대란템  외계인 선글라스  지금이라도 지구를 떠날 수 있도록,6900,funny,,중국,
507,  후  부세요  모두의 안전을 위한 음주 측정기,19900,funny,,중국,
508, 한 대 치고 싶을땐  스트레스 해소 미니 흡착 펀치볼,13900,funny,,중국,
509,이거 신발인데요 대왕 발 슬리퍼,8900,funny,,중국,
510, 쓸모없는 선물  코코넛 브라 코스튬 분장 생일선물 쓸데없는 신박한 선물,7900,funny,,,
511, 쓸모없는 선물  군침이 싹도는 삼겹살 양말 캐릭터 고기 양말 쓸데없는선물,4900,funny,,중국,
512, 쓸모없는 선물  슬픈 개구리 세트 안대 세안밴드 생일선물 쓸데없는 신박한 선물,10800,funny,,,
513, 쓸모없는 선물  슬픈 개구리 휴지 케이스 생일선물 쓸데없는 신박한 선물,14800,funny,,,
514, 교보문고 눈치 없는 돌쇠,13500,funny,,,
515, 생일 선물 수저세트  쥬쥬 수저세트  루미    쥬쥬  ,8600,funny,ABS 스테인레스스틸,,
516,내 바지 속에 짐승 한마리 짐승팬티,9900,funny,,,
517, 주인님 펜을 대령했습니다  기사 펜홀더 펜꽂이,17900,funny,,중국,
518,레토 짱구 마우스패드 손목보호받침대 젤패드 CYS ,12900,funny,,,
519,집순이 빅후드담요 곰도리ver   빅후드담요 양말 슬리퍼set   톡별 ,34900,funny,,,
520,귀멸의칼날 바디필로우 네즈코,26900,funny,귀멸의칼날 바디필로우 네즈코,한국,겉감－면 100% ／충전재－폴리에스터 100%
521, 쓸모없는 선물  빡빡이 폭탄 펭귄 인형 애착 생일선물 쓸데없는 신박한 선물,15800,funny,,,
522,곰돌이 모자 목도리 후드머플러   양털 뽀글이 모자 털 겨울 귀여운 후드곰 ,12900,funny,,중국,
523,헬리콥터 프로펠러 모자,9900,funny,,,
524, 쓸모없는 선물  노래하며 춤추는 꽃 인형      녹음 말따라하기     친구   애인,15800,funny,,,
525,선택된 자들만의 우산 왕좌의 우산,19900,funny,,중국,
526, 단독판매   언제 어디서나 기대  욜로 라이프 에어체어 삼각쿠션,19900,funny,,,
527,입는 담요  날 다람쥐 담요,19000,funny,,,
528,스트레스 해소 enter 쿠션,11900,funny,,,
529, 명품은 비싸더라     너를 위한 명품 머그  웃긴 집들이 선물  머그 스푼 접시 ,18900,funny,도자기,중국,
530,도심 속 스나이퍼 우산,18800,funny,,,
531, 인테리어 소품  곰돌이 캐릭터 아크릴 무드등   USB 충전식  수면등 집들이 자취 신혼 선물,9800,funny,,,
532, 슬기로운 집콕생활  콩나물 키트,9900,funny,,,
533, 쓸모없는 선물  금연 인형    바디필로우 생일선물 쓸데없는 신박한 선물,11900,funny,,,
534, 쓸모없는 선물  눈 있는 똥 말랑이 생일선물 쓸데없는 신박한 선물,7900,funny,,,
535, 쓸모없는선물   홈 생일파티 공주님 소품 요술봉 왕관 코스튬  생일선물 홈파티 파티소품,9900,funny,,,
536, 쓸모없는 선물   데스노트   깃털 펜 포함  생일선물 쓸데없는 신박한 선물,9800,funny,,,
537, 헬스장에서 꿀템   쓸모없는선물  출출한데 닭다리 스타킹 닭발니삭스,7900,funny,,,
538, 토끼인가 사람인가  디자인 세안밴드 ,4900,funny,,,
539, 쓸데없는 선물  쓸데없는 선물 특이한 옷 아구찜 티셔츠 반팔 긴팔,22500,funny,,,
540, 낮잠자도 팔안저려  모찌식빵 낮잠쿠션  식빵인형,9900,funny,,,
541, 너에게 간다  행운  행운의 네잎클로버     위로 응원선물,5900,funny,,대한민국,
542, 친구선물  너에게 정말 잘어울려  마이콜선글라스 ,5900,funny,,,
543, 재미있는선물  선물하는 마음만은 만수르야 금괴 은괴 데스크 쿠션,7900,funny,,,
544, 귀여운 선물  오리 날다 키링 열쇠고리 자동차 키 인싸템 생일선물 쓸데없는 신박한 선물,7800,funny,,,
545, 쓸모없는 선물  곰돌이 가방 생일선물 쓸데없는 신박한 선물,12900,funny,,,
546, 쓸모없는 선물  타투 쿨토시 팔토시 시원한 코스튬 분장 생일선물 쓸데없는 신박한 선물,7800,funny,,,
547, 쓸모없는선물   밥 잘먹는 너  곰동석 소두곰 필로우  곰인형 소두곰인형,19900,funny,,,
548, 크리스마스 선물  춤추는 댄싱 트리 인형 크리스마스 선물 쓸모없는 재미있는친구 집들이 수능 응원 선물,23900,funny,,중국,
549, 귀여운 선물  만세 오리 인형    애착 인형 인테리어 소품 생일선물 쓸데없는 신박한 선물,16800,funny,,,
550, 따뜻한 귀요미  모찌모찌 냠냠 푸드 핫팩인형,7900,funny,,,
551,피곤이 싸악  보약 양말,9900,funny,,중국,
552, 쓸데없는 인형쿠션  대형 치킨 닭다리 쿠션  베개 인형 유퀴즈 BTS 선물,12000,funny,,,
553, 쓸모없는 선물  스펀지밥 우정 커플 목걸이 생일선물 쓸데없는 신박한 선물,8900,funny,,,
554, 금파 대란  실속 있는 파테크  대파 뿌리 키우기 화분 세트,9800,funny,,,
555,눈빛이 귀여운 캐릭터 여성 팬티,9900,funny,,,
556, 홈술도 장비빨  카카오프렌즈 라이언 화이트골드 전통주병 세트  톡별 ,24900,funny,,,
557,트럼프 머리카락 양말,7900,funny,,,
558, 귀여운 선물  헬멧 오리 가방 동물 애착 백팩 생일선물 쓸데없는 신박한 선물,13900,funny,,,
559, 쓸모없는 선물   반전문어 양면인형    생일선물 쓸데없는 신박한 선물,8900,funny,,,
560, 쓸모없는선물  나의 친구 너의 친구  평화의 상징  반려 비둘기 구뤠잇구구와 화잇구구 feat  태엽 ,9900,funny,,중국,
561, 뤂덕들 모여라  잔망루피 랜덤피규어 인형 Ver  조금더 잔망스러워진 루피 새로운시작 뤂뤂,6900,funny,,,
562, 쓸모없는선물  핸드폰 미러볼  원형구    아이폰  C타입  USB젠더 모두증정   방구석 노래방 조명,9800,funny,,,
563,유유자적 DUCK 오리 애착인형 바디필로우 ,24800,funny,,한국,
564, 쓸모없는 선물  의기소침 강아지 인형    쿠션 베개 애착 바디필로우 생일선물 쓸데없는 신박한 선물,13900,funny,,,
565,우주 비행사 냥 LED 무드등,15900,funny,,중국,
566, 휴식과 힐링  바닷속을 헤엄치는 고래조명 미니 우드램프 LED큐브 돌고래 무드등,18500,funny,,,
567,피로가 싸악   심장  발건강 지압 슬리퍼   보약양말증정 ,16900,funny,,중국,
568, 남친선물   쓸모없는선물  득근하세요 머슬남 보충제소분 키링 근육머그컵SET,11900,funny,,,
569, 선물로 죠습니다  죠스 모찌 바디필로우  톡별 ,33900,funny,겉면  폴리에스터   충전재  폴리에스터  ,중국,블루계열
570, 따뜻한 선물  인어공주 니트담요 L size,19800,funny,,,
571,New 냥냥이 삼총사 트리오 미니러그   톡별 ,9900,funny, ,중국,아이보리
572, 쓸모없는 선물  AGUCCIM 티셔츠 티  웃긴 아구찜옷 특이한 재밌는 옷 쓸데없는 선물 ,17900,funny,,,
573, 얼굴문구각인 주문제작   쓸모없는 블링블링선물  스팽글 쿠션    ,32000,funny,,,
574, 친구선물   귀여운선물  패션피플 그로밋인형  귀여운 강아지인형 애착인형,11900,funny,,,
575, 쓸모없는 선물  인싸템 쓸데없는 슬픈 개구리 수면안대,9900,funny,,,
576, 쓸모없는 선물  우산 모자 자외선 차단 낚시 인싸템 생일선물 쓸데없는 신박한 선물,7800,funny,,,
577,대형 바퀴벌레 쿠션  바디필로우 베개,13000,funny,,,
578,빅엔터 USB   초대형 엔터키  낮잠쿠션  스트레스해소  ID  ,12900,funny,,,
579, 행운이 붙는다  찹쌀떡 쿠션 모찌모찌 필로우 멀티베개,29900,funny,,,
580, 귀여운선물   짱구는 못말려  피규어 벚꽃 보틀 텀블러  짱구와 흰둥이의 봄나들이 ,19900,funny,,중국,
581,다마고치 오리지널  한정판,29800,funny,,,
582, 쓸모없는선물   단독할인  SNS 인기템  원조 관짝 고양이 에어팟 거치대 펜홀더 스탠드 ,14900,funny,,중국,
583,미니 카메라 분홍 랜덤색상  후레쉬 플래시 효과음 생일선물 마니또  또래장난감 ,6900,funny,플라스틱 외 기타,,
584,귀여운 동전먹는 도둑고양이 저금통  어랏 동전이 어디갔지 ,9900,funny,,,
585, 쓸모없는 선물  공주님 보석 반지 세트 코스튬 분장 생일선물 쓸데없는 신박한 선물,9800,funny,,,
586, 비싼시계 사시계   릴렉스 니트 시계 명품 럭셔리 플렉스 액세서리 생일선물 쓸데없는 신박한 선물,14900,funny,,,
587,크와앙  악어 슬리퍼,19900,funny,,중국,
588, 세상에서 가장 행복한 동물  쿼카 미니러그 발매트 ,15900,funny,,,
589, 당일발송    절대 평범하지 않은 작은 눈 선글라스,7500,funny,,,
590,    LED 선글라스 이벤트 축제 클럽 인싸템 빛나는 안경,5900,funny,,,
591, 인테리어 소품  만달라키 무드등 선셋 레인보우 오아시스 감성 조명 집들이 자취 신혼,13900,funny,,,
592, 쿠션 방석 set  귀여운 햄찌방석 햄스터쿠션 의자방석,13900,funny,,,
593, 쓸모없는선물  소두곰인형    동물 캐릭터 곰돌이인형 쓸데없는선물,18900,funny,,중국,
594, 버터맥주 한 잔   드럼통 맥주잔 나무 머그컵 코스튬 분장 생일선물 쓸데없는 신박한 선물,24900,funny,,,
595,생일축하 이모티콘 스칸디아모스화분    공기정화식물 ,7900,funny,,,
596, 요거 어때  미니 마법의 고민 해결책  mini 인생 해답 소라고동 고민 정답 책 재밌는 신박한 선물 ,7900,funny,,한국,
597, 생일선물   생일선물  생일축하해 미니빔프로젝터 파티선글라스SET 해피버스데이 생일 포토존 홈파티소품,5900,funny,,,
598, 쓸모없는 선물  근육 시바 에어팟 케이스 키링   에어팟프로 이어폰 생일선물 쓸데없는 신박한 선물,11800,funny,,,
599, 쓸모없는 선물  공주님 세트 코스튬 홈파티 생일선물 쓸데없는 신박한 선물,12800,funny,,,
600,호신용 반지,4900,funny,,중국,
601,귀차니즘을 위한 누워서 보는 안경,10500,funny,,,
602,LED 볼캡 시선집중 쓸데없이 웃긴 빛나는 볼캡모자,9900,funny,,,
603, 쓸모없는 선물  동전 먹는 움직이는 얼굴 저금통 생일선물 쓸데없는 신박한 선물,19800,funny,,,
604,뽑아 쓰는 티슈 모자,9900,funny,,중국,
605, 너에게 무드를  플렌느 LED 인테리어 무드등 디퓨저 블랙체리,19800,funny,,,
606, 정품  스타워즈 완벽 컬리티 제다이 광선검 LED 발광  장우산,69000,funny,,,
607, 찾았다 금쪽이  홈랩 금쪽이 기절베개   쿠션,29800,funny,,,
608, 쓸모없는 선물  엉덩이 팬티 코스튬 생일선물 쓸데없는 신박한 선물,7800,funny,,,
609,레토 짱구는 못말려 텀블러 보틀 스테인리스 텀블러,21900,funny,,중국,
610, 특이한 키덜트 선물  개틀링 비눗방울 버블건 비누 총      게틀링 기관총 모양 장난감,6900,funny,,,
611, 옛다 용돈  오만원 팬티 취업 개업 합격 용돈 대박 생일선물 쓸데없는 신박한 선물,12900,funny,,,
612, 쓸모없는 선물  외계인 가면 왹져 코스튬 분장 생일선물 쓸데없는 신박한 선물,12800,funny,,,
613,복불복게임 거짓말 탐지기,17900,funny,,,
614, 생일선물   낙서거울  네추럴 우드 감성 탁상거울  유리마카 증정 ,6900,funny,,,
615, 슬기로운 소확행  카카오프렌즈 담금주 키트 세트,19800,funny,,,
616,초밥인형 쵸바    CHOBA ,9900,funny,,,
617, 골라먹는 재미  춘식이 랜덤 도자기 소주잔  일반 흑기사 원샷 잔 톡별 ,14800,funny,,,
618, 귀여운 선물  붕어빵 냥이 키링 고양이 인형 열쇠고리 자동차 키 생일선물 쓸데없는 신박한 선물,9800,funny,,,
619, 퇴사 이직 선물   도비는 자유예요   재밌는 수건  세트  선물포장 ,16500,funny,,,
620, 쓸모없는 선물  닭발 새다리 닭다리 양말  킹받는 선물 웃긴 헬스장 타조 닭 치킨 재밌는 쓸데없는 인싸선물,7500,funny,면  Cotton ,중국,
621, 킹받쥬   졸라맨 목걸이 친구 절친 우정 패션 악세사리 생일선물 쓸데없는 신박한 선물,9800,funny,,,
622,  붕어빵파우치겸팔찌  ,7900,funny,폴리에스테르,,
623, 귀여운 선물  힙 애벌레 키링 열쇠고리 자동차 키 인싸 생일선물 쓸데없는 신박한 선물,9800,funny,,,
624,바잇미최고심 행운 다람쥐 노즈워크 장난감,15900,funny,,중국,
625,   맥라렌 엘바   레고 스피드챔피언,30600,funny,ABS수지,기타국가,컨텐츠 참조
626,New 쫀득모찌 빼빼롱 바디필로우 쿠션   톡별 ,22900,funny,겉면   폴리에스터   폴리우레탄   충전재  폴리에스터  ,중국,
627,집순이 빅후드담요 곰도리ver  빅후드담요  양말set  톡별  ,29900,funny,,,
628,말하는선인장 말따라하는선인장 인형 춤추는 움직이는 선인장,17900,funny,섬유,중국,"기본(초록),노란머리"
629,포켓몬스터 메타몽 인형  퍼플 ,17900,funny,폴리에스터,중국,퍼플
630, 쓸모없는 선물  에헴에헴 특별한 고서적 노트 ,5900,funny,,,
631, 생선맛집   마감세일중  쓸모없는선물 리얼한 생선볼펜  한팩SET,7900,funny,,,
632, 쓸모없는 선물  페퍼로니 피자 담요 낮잠 이불 집순이 사무실 학교 무릎 생일선물 쓸데없는 신박한 선물,16900,funny,,,
633, 얼굴형 주문제작   하나뿐인 나만의 쿠션  예쁜 인테리어 병맛쿠션 ,28000,funny,,,
634,잔망루피 마우스 패드  매운 맛 ,6900,funny,,,
635, 귀여운 선물  양 슬리퍼 겨울 털 집순이 실내화 생일선물 쓸데없는 신박한 선물,11800,funny,,,
636, 쓸모없는 선물  거북이 등껍질 쿠션 등쿠션 애착 바디필로우 집순이 힐링 생일선물 쓸데없는 신박한 선물,27500,funny,,,
637, 쓸모없는 선물  외계인 선글라스 안경 왹져 셀카 코스튬 생일선물 쓸데없는 신박한 선물,6800,funny,,,
638, 집순이 남친   소두곰 곰동석 쿠션필로우   톡별 ,19900,funny,겉면  폴리에스터   충전재  폴리에스터  ,중국,"브라운,그레이"
639, 헤카테  지갑이 두껍두껍 두꺼비 차량용방향제,15900,funny,,,
640, 홈파티  원샷  NEW 소주디스펜서    세트 술게임 캠핑소품 쓸모없는선물 웃긴선물,9800,funny,,,
641, 쓸모없는 선물  나비요정 세트 코스튬 홈파티 분장 생일선물 쓸데없는 신박한 선물,7800,funny,,,
642, 이벤트 파티용품  할로윈 파티 공주 티아라 왕관 요술봉 세트  공주놀이 큐빅 보석 신박한 쓸데없는 선물 ,6500,funny,,중국,
643, 쓸모없는 선물 추천  문신 타투 팔토시 선물 BEST   SET 기획    ,5800,funny,,,
644,거짓말탐지기 전기 진동 파티용품,15900,funny,,,
645,콩순이화장대,9900,funny,ABS,,혼합색상(이미지참조)
646, 공주들의 시크릿 파티  공주  세트  머리띠 요술봉 장갑 ,9900,funny,,중국,
647, 조카선물  드림카 무선조종 RC카,9900,funny,ABS외,,"빨강,검정 외"
648,귀여운 오리 의자 방석 등받이 사무실 쿠션,22900,funny,,,
649, 쓸모없는선물  반면 문어인형 키링 키홀더 에어팟 가방 키링 ,4900,funny,,중국,
650, 쓸모없는 선물  메타몽 반지 목걸이 세트 생일선물 쓸데없는 신박한 선물,9800,funny,,,
651, 단독판매  집순이  조절 좌식의자 ,32900,funny,,,
652,겨울 꾸러기 롱 수면양말    패션 양털 수족냉증 여성 여자 두꺼운 극세사 따뜻한 ,8000,funny,,중국,
653, 귀여운선물   귀여운선물 미니미 레트로 독서등 컬러미니스탠드조명 ,7900,funny,,,
654, 쓸모없는 선물  웃긴 인싸  픽셀 모자이크 선글라스 안경,4500,funny,,중국,
655, 쓸모없는 선물  미노이 선글라스 안경 코스튬 분장 생일선물 쓸데없는 신박한 선물,7800,funny,,,
656,문송합니다 이과생 손목시계,8880,funny,,중국,
657, 스트레스 날려  시바스키 배치기 모찌 뚱쿠션 바디필로우    톡별 ,29900,funny,겉면  폴리에스터   충전재  폴리에스터  ,중국,"시바(베이지),허스키(그레이)"
658, 네 옆에 오징어  초대형 오징어 쿠션 바디필로우   톡별   코튼푸드 ,29900,funny,겉감 폴리에스터     안감 일반솜,,베이지
659, 쓸모없는 선물  반려 애완 돌 키우기 생일 선물   친구 센스있는 소박한 쓸데없는 선물 꿀잼 힐링,11900,funny,,돌-한국/매트-중국,
660,귀여운 붕어빵 그립 스마트 톡  겨울 핸드폰 스마트폰 핑거그립 휴대폰톡 손잡이 거치대 ,9900,funny,,한국,
661,모찌 익명이 캐릭터 인형 베이비   애착 봉제 안고자는 폭신한 중형 익명인형 ,19800,funny,,중국,
662, 쓸모없는 선물  알파카 인형    애착 바디필로우 생일선물 쓸데없는 신박한 선물,19800,funny,,,
663,입을 수 있는 담요  집순이 담요  따뜻한 잠옷 겸용 ,14800,funny,,,
664, 귀여운 선물  개구리 인형 키링 열쇠고리 자동차 키 인싸템 생일선물 쓸데없는 신박한 선물,9800,funny,,,
665, 다들 귀엽다고 난리  구미베어 캔들 세트,14500,funny,,,
666, 완벽한 휴식  집순이 홈캠핑 벌룬빈백  공기주입기 증정,28900,funny,,중국,"네이비, 레드"
667, 귀여운 선물  병아리 가방 인형 파우치 크로스백 지퍼백 동물 애착 생일선물 쓸데없는 신박한 선물,10900,funny,,,
668, 쓸모없는선물   주문제작  얼굴캔들 쓸모없는선물 내친구얼굴  얼굴 캔들 쓸데없는 선물 ,17900,funny,,,
669,정품 짱구는 못말려 큐티 낮잠쿠션 ,17800,funny,,한국,
670, 비눗방울이 팡팡  카카오프렌즈 춘식이 버블 머신,25900,funny,,,
671,슈렉 뜨개질 모자,12900,funny,,,
672, 쓸모없는 선물  패딩 컵 홀더 캔 음료 얼죽아 보냉 생일선물 쓸데없는 신박한 선물,12800,funny,,,
673,자동  권총우산,16900,funny,,중국,
674, 잘자요 꿀룡이  꿀룡이 모찌 공룡 바디필로우  톡별 ,29900,funny,,,
675, 집들이선물  모래멍 샌드아트 원형 오브제  모래시계 ,14500,funny,,중국OEM,
676,이케아 DJUNGELSKOG 오랑우탄 인형 원숭이 인형  IKEA ,25300,funny,,,
677,레토 짱구는 못말려 캐릭터 LED 무드등,9900,funny,,,
678, 좀 느려도 괜찮아  나무늘보 동물인형 롱베개 바디필로우 쿠션,19900,funny,       충전재    ,중국,
679,안전벨트 커버 헬로리틀라이언 헬로리틀어피치,12000,funny,,중국,
680,짱구는 못말려 무릎담요  ,12000,funny,,,
681, 사랑한다면 곰처럼   귀여운선물  내친구 곰돌이 브라우니 베어 곰인형 애착인형 ,21900,funny,,,
682, 화들짝 나무씨  모찌 바디필로우 대형쿠션    ,29800,funny,,,
683, 소품에 찰떡 포인트  춘식이 인형 키링 파자마 장난감 ,15800,funny,,,
684, 작아도 왕 귀여운  춘식이 피규어 키링 고구마 팝콘 ,12900,funny,,,
685,모션감지 센서등 건전지타입  라이언 춘식이,32000,funny,,중국,
686,볼통통 짱구 얼굴 접이식 테이블   짱구 굿즈 테이블,31900,funny,,대한민국,
687, 에센셜오일 문구토퍼 증정   향기 가득한  공기정화식물 스칸디아모스 책 톡별 ,24900,funny,,대한민국,
688, 숙면 메이트  짱구와 친구들 수면안대 ,12800,funny,,중국,
689,크리스마스 댄싱 트리 춤추는 인형,28900,funny,,중국,
690, 포근한 잠자리 정석   자꾸만 손이 가는 촉감   모찌 바디쿠션 바디필로우   톡별 ,12900,funny,,,
691, 여친선물   s 하이틴감성 레인보우 토끼 곰돌이 인형키링 보들보들 가방키링 귀여운선물,11900,funny,,,
692,소파 리모컨 거치대 라이언 춘식이,29000,funny,ABS  PVC,중국,
693,최고심 춘식이 미니 키체인 인형,12000,funny,폴리에스터  ,중국,
694, 세상에서 가장 행복한 동물  쿼카 소프트 규조토 발매트   톡별 ,11900,funny,,,
695, 생일선물   s하이틴감성 보들보들 촉감 레인보우인형 중형 레인보우토끼 무지개인형 토끼인형 애착인형,15900,funny,,,
696, 귀여워 빡쳐랑  호랑이 얼굴 쿠션,16900,funny,,,
697, 꿀잠이 필요할때  짱구 이모션 수면안대   톡별 ,12800,funny,,중국,
698,뚱냥이 고양이 모찌 애착 인형 쿠션,17400,funny,,한국,
699,라이언 크리미 맥주 거품기,34%,funny,,중국,
700, 뒷태보라냥  고양이 뒷태냥 미끄럼방지 발매트 ,14900,funny,,,
701,도어스토퍼 식빵 춘식이,20000,funny,,중국,
702, 빛나게 한 잔  New 춘식이 글라스 라이트 무드등  톡별 ,19800,funny,,,
703, 디자인선물  다비드 조각상 머그컵 ,15000,funny,,,
704,다용도걸이  SET 라이언 춘식이,13000,funny,,중국,
705,춘식이 페이스 계산기,18000,funny,,중국,
706,혀땳은앙꼬 마우스패드,8000,funny,,한국,
707,혀땳은앙꼬 실리콘 폰그립,13000,funny,,중국,
708,편리한 분리수거함,22000,funny,,중국,
709, 빵순이  원숭이 얼굴 쿠션,16900,funny,,대한민국,
710, 쓸모있는선물   집들이선물  빨아쓰는 체커보드 미니러그 욕실 발매트 ,9900,funny,,,
711,KC정품 후드티 돼지 초대형 애착 인형 ,34900,funny,,,
712,마음을 전해줄고양 춘식이 인형,32000,funny, 표면  폴리에스터    솜  폴리에스터  ,중국,오렌지 외
713,부들부들 흰둥이 접이식 테이블   짱구 굿즈 테이블,31900,funny,,대한민국,
714, 호랑이띠선물   썸머선물증정  다 비켜  범석이 내려온다   소두인형 호랑이 인형 범띠선물 선글라스세트,19900,funny,,,
715,최고심 춘식이 나는짱 폰케이스,12000,funny,TPU,중국,
716,피치파이브 미니키체인 퍼피치 슈비룹빠,13000,funny, 표면  폴리에스터    솜  폴리에스터  ,중국,
717,혀땳은앙꼬 세안밴드,13000,funny,,중국,
718,죠르디 앙몬드 자석 다용도걸이,17000,funny,,중국,
719,줄타는 산타인형,11900,funny,,,
720, 시크릿쥬쥬 화장놀이  시크릿쥬쥬 별의여신 립스틱 컴팩트 공주 역할놀이,9900,funny,,,
721,춘식이 칫솔꽂이,13000,funny,,중국,
722,세안 밴드 젤리라이언 춘식이,12000,funny,,중국,
723,춘식이 비치볼,13000,funny,PVC,중국,혼합
724,춘식이 형압 패드 파우치,32000,funny, 외부  PU  EVA  내부  폴리에스터 지퍼슬라이더   PVC,중국,
725, 쓸모없는선물  허기워기 인형 파피플레이타임 장난감 허기허기 키시미시 애착 마미롱레그 대디롱레그,15800,funny,섬유,중국,
726,죠르디 양치타이머,18000,funny,,,
727,실리콘 얼음틀 춘식이,13000,funny,Silicone,중국,
728,러쉬앤파이트 펀치볼 복싱다이어트,6900,funny,,,
729, 쥬쥬매직피아노 기타   여아선물  시크릿쥬쥬 매직피아노 기타 LED 키보드 멜로디 완구,15800,funny,,중국,
730,렛츠서프 춘식이 왕얼음틀,18000,funny,Silicone,중국,
731,백팩커스 벌레퇴치모기향홀더 라이언 춘식이,18000,funny,,중국,
732,무직타이거카카오프렌즈 꿀주잔 세트 ,17000,funny,유리,중국,
733,쿨앳홈 감성 무드등 별 가랜드 조명,6500,funny,,,
734, 자취선물   집들이선물  이런식빵 각티슈케이스 휴지커버 쓸모없는선물,11900,funny,,,
735, 티니핑 해피데이세트  캐치티니핑 해피데이세트 워터스티커 열쇠고리 키링 랜덤발송,9900,funny,,한국,
736,수납포켓 라이언,18000,funny,,중국,
737,스마트한 수납이 가능한 테크 파우치,18000,funny,PU,중국,
738,시크릿쥬쥬 블링블링 공주 놀이 왕관 세트,16900,funny,플라스틱,대한민국,다양한 색상
739,최고심 춘식이 세컷 스티커,4500,funny,,한국,
740,시원한아이스머그 라이언 어피치,46%,funny,폴리스티렌 PS  외,중국,
741,심플아이콘 멀티보틀   ,8900,funny,PETG PP,대한민국,
742,캐치티니핑 캔디 냉장고,8900,funny,,대한민국,
743,최고심 춘식이 다재다능 박스테이프,8000,funny,,한국,
744,나난니니즈 롱롱타임 분재 팝업카드,12000,funny,,한국,
745, 포켓몬 스타일워치   조카선물  포켓몬 몬스터볼 스타일워치  개별포장 랜덤발송,9900,funny,,중국,
746, 가벼운선물   응원선물 폭신 식빵 귀여운 차량용목쿠션  사무실목쿠션 목베개 실용적인선물,19900,funny,,,
747, 디저트 쌓기놀이  씽크 디저트 쌓기놀이  보드게임 감각발달 완구,11900,funny,,,
748,푸쉬팝 키링 라이언 춘식이,12000,funny,실리콘,중국,
749,라이언오뚜기 폰케이스,12000,funny,TPU,중국,
750, 집들이선물  웰컴러그  일러스트발매트,7900,funny,,,
751, X MAS  춤추는 크리스마스 트리 소품 장식 산타모음 ,19800,funny,,중국OEM,
752,말하는 허기워기 선인장 인형 말따라하는 장난감 허기위기 허기허기,16900,funny,,중국,
753,키즈 베이비 귀달이캡 아동 모자 ,49900,baby,폴리에스터    심지 보강재 상표 무늬 레이스 밴드 자수 장식 제외 ,베트남,
754, 발이 따뜻한 털신발  쿠로미 방한실내화  키리  가벼운 털실내화   mm 학생 기숙사용 성인 실내화,14900,baby,,,
755, 세트  타요 롱 캐리어카   꼬마버스 친구들 세트 ,34900,baby,,,
756,별의 여신 시크릿 쥬쥬 나만의 매직캐리어,37900,baby,,,
757, 보아 양면 니트 머플러    ,37050,baby,겉감   폴리에스터    안감   폴리에스터    충전재   폴리에스터   ,대한민국,
758, 두돌선물 조카선물  BE BD기모트레이닝세트 겨울 상하복 티셔츠 바지 ,44200,baby,겉감   면    면    폴리우레탄  ,중국,"MG)멜란지그레이,MN)민트,PK)핑크"
759, 캐치티니핑 신제품   캐치티니핑 신상  알쏭달쏭  티니핑 병원 장난감,54900,baby,,,
760,헬로키티미니금고 저금통 키티금고 장난감 완구,9900,baby,,,
761,키즈 리버서블 귀달이 버킷햇 아동 모자 ,59900,baby,겉감   면     나일론     안감   폴리에스터     심지 보강재 상표 무늬 레이스 밴드 자수 장식 제외 ,베트남,
762, 현대백화점   블루독아동  수면 퍼 자켓   점퍼 실내복 S,41400,baby,,,
763, 현대백화점   캉골키즈  클럽 로고 스웨트셔츠 OC ,53100,baby,,,
764,키즈 방울 비니 아동 모자 ,39900,baby,겉감   아크릴     안감   폴리에스터    심지 보강재 상표 무늬 레이스 밴드 자스 장식 제외 ,한국,
765, 현대백화점   캉골키즈  코드 하프문 크로스백 OF ,44100,baby,,,
766, 현대백화점   블루독아동  BD기모 트레이닝 세트   추리닝  ,44630,baby,,,
767, 현대백화점      CR 부클로고CP트레이닝세트 티셔츠 바지 언더웨어   ,53720,baby,,,
768, 간식처럼 챙겨줘요   조카선물  루솔 키즈영양제 굿케어키즈 홍삼 면역젤리  박스  총  ,21900,baby,,,
769, 간절기에 꼭 필요한   조카선물  루솔 진한 배도라지즙  선물박스,46000,baby,,,
770,시크릿쥬쥬 시크릿 노트북,59900,baby,,,
771, 조카선물  유아헤어핀 선물세트    선물박스 ,9800,baby,폴리에스테르 펠트 등,,
772,타이거 블록테이블 블록  블록 테이블  소책자  ,54900,baby,,,
773,  백일 돌 선물    기획세트  뒹굴러 소파 래빗 베어    쁘띠 키즈테이블,109000,baby,폴리에스터 폴리우레탄,,
774, 현대백화점   피터젠슨  유니콘 무빙 컬러링 선물세트 바이올렛 ,37800,baby,,,
775, 조카선물  하퍼스테이블 LED 모래놀이 샌드 아틀리에 세트  촉감놀이 소근육,110000,baby,,,
776, 조카선물 신학기선물  깔깔깔 아동 경량패딩점퍼,32900,baby,,,
777,키즈 KDY 핸드폰 가방 아동 ,29900,baby,겉감   폴리에스터     안감   폴리에스터    심지 보강재 상표 무늬 레이스 밴드 자수 장식 제외 ,중국,"(25)Pink,(35)Beige,(49)Khaki"
778, 조카 선물 추천   색감맛집 데일리라이크  데일리 키즈 삭스  세트    유아동 양말 선물 ,13900,baby,면     폴리에스테르    폴리우레탄  ,대한민국,
779, 귀요미 실내화  마이멜로디 방한실내화  홀라  가벼운 털실내화   학생 기숙사 성인,14900,baby,겉감 합성고무 안감   창 합성고무,,
780,동화로 배우는 코딩 컴퓨터,65900,baby,,,
781, 생일선물   공주님 가방  시크릿쥬쥬 크로스  진주엔젤   아동 어린이 외출용 핸드백,19900,baby,,,
782,울고 웃고 말하는  옹알이 콩콩이,30900,baby,,,
783, 햇살비타민 한 방울   조카선물  루솔 먹이기 쉬운 키즈영양제 굿케어 비타민D 드롭,16900,baby,,,
784, 조카선물  에디슨 뽀로로 젓가락 ,6900,baby,,,
785,산리오 쿠로미 마이멜로디 브러쉬 모음 휴대용 빗  ,9900,baby,,,
786,유아동 겨울 헤어핀 선물세트    유아헤어핀 ,9900,baby,펠트  폴리에스테르 등,,
787, 조카선물  스마일레드 유아헤어핀 선물세트   여아 선물 아기 머리 집게 똑딱 핀 삔,17800,baby,,대한민국,
788,짱구 컵  뚜껑 스텐머그  ,13900,baby,ABS 스테인레스스틸,,
789,스케이터 헬로키티 얼굴머그 레드,10800,baby,,중국,
790,피치웜    유니프랜드,12900,baby,면  ,베트남,LIGHT BLUE / GREEN / OFF WHITE / OFF WHITE / ORANGE / PURPLE
791,뚜잇 크로스백 힙색 초등학생핸드폰가방,11800,baby,,중국(OEM),
792,     에디슨 뽀로로 입체 스텐 젓가락   Set,12000,baby,,,
793,헬로키티 스푼포크케이스세트  조용한   리락쿠마 쥬쥬 엘오엘 ,10900,baby,ABS 스테인레스스틸,,
794, 조카선물 유니콘 프리미엄 팔찌 목걸이 만들기 유아 아동 아기 집콕 놀이 키트 생일 선물,32800,baby,금속펜던트 무니켈   면  비즈  아크릴 플라스틱,,핑크
795,유아 헤어핀 선물세트    선물박스 ,9900,baby,폴리에스테르 펠트 등,,
796,포켓몬스터 더블컬러핸들컵  ,6900,baby,,,
797, 산리오 털실내화  시나모롤 방한실내화  러블리 가벼운 털실내화   mm 학생 기숙사용 성인 실내화,15900,baby,,,
798, 식사시간이 즐거워    수저 컵 세트상품  쥬쥬 수저세트  루미     시크릿쥬쥬 손잡이 컵 ,13900,baby,,,
799, 조카선물  노래가 나오는 아기상어 뮤직 자동 손세정기  LG 손세정제  포함 ,39900,baby,,,
800,산리오 마이멜로디 쿠로미 스트랩에코백  ,16000,baby,면,중국,핑크
801,짱구 컵  손잡이 도형    남아 여아  컵 ,5900,baby,ABS 스테인레스스틸,,
802,바바베어라운지웨어세트 ,59000,baby,SHELL 겉감     COTTON   POLYURETHANE,KOREA,Ivory
803,테디코튼테리맨투맨티셔츠 ,49000,baby,SHELL 겉감     COTTON   POLYESTER POINT 배색     COTTON   POLYURETHANE,CHINA,Blue
804, 현대백화점  갭키즈  토들러남아    라인드 로고 후드 집업     ,40500,baby,,,
805,유아 아기 헤어핀 선물세트    선물박스 ,10900,baby,폴리에스테르 펠트  플라스틱  애나멜 등,,
806,키즈  유아 운동화 ,69000,baby,갑피      폴리에스터        합성가죽   안감   폴리에스터     창   폴리에스터     EVA  ,인도네시아,(49)Khaki
807,테디니트가디건 ,79000,baby,SHELL 겉감     ACRYLIC   NYLON   WOOL,CHINA,Green
808,짱구는 못말려 멜라민 사각 앞접시,6900,baby,,,
809, 조카선물 크리스마스선물  오즈초미니 아동 양털 어그부츠,34900,baby,,,
810, 조카선물 출산선물  접이발목 어그부츠 부츠 남아 여아 공용 워커 플랫 초등 입학선물,36000,baby,,,
811,터틀넥 티셔츠   유니프랜드 유아동 무형광,7900,baby,면  ,베트남,LIGHT BLUE / GREEN / OFF WHITE / OFF WHITE / ORANGE / PURPLE
812, 집들이 선물  짱구는 못말려 멜라민 파스타볼,8900,baby,,,
813, 여아인기완구   조카선물 신상 알쏭달쏭 캐치티니핑  하츄핑 꾸래핑 나나핑 솔찌핑 피규어 장난감,15400,baby,,,
814,레고 스피드 챔피언  Lamborghini Countach  레고공식 ,34900,baby,ABS수지,중국,혼합색상
815, 공주놀이 끝판왕  시크릿쥬쥬 공주 메이크업 박스 사은품 증정 크리스마스 선물 조카 선물 ,57900,baby,,한국,
816,      피에스타 원목 주방놀이 화장대 역할놀이 모음,69800,baby,,,
817, 조카선물  펀라켓 시크릿 케어베어 다이어리  여아장난감 보물상자,26900,baby,,,
818, 로블록스  타워 디펜스 사이버시티 피규어 아이템쿠폰 포함 ROBLOX 공식수입사 정품,39900,baby,,,
819, 백일돌선물 메시지카드  핑크퐁 아기상어 코딩컴퓨터,119000,baby,,,
820, 조카선물  해피플레이 중장비 공룡대탐험 트랙 디럭스 사은품 외  레일장난감,45900,baby,,,
821, 조카선물 신상  알쏭달쏭 캐치티니핑  미스틱 하트윙보우,49900,baby,,,
822, 우리아이 선물추천 마카페인팅 ,54900,baby,,중국,
823,또봇V 기간트 세이버  합체 로봇 ,64900,baby,,,
824,맥포머스 어메이징 폴리스 세트 ,88000,baby,ABS  자석  TPR  PVC,중국,파랑 외
825, 크리스마스 조카선물  헬로카봇 육아퇴근 하이퍼캅스,168000,baby,ABS 외,중국,
826,레고 마인크래프트  라마 마을  레고공식 ,179900,baby,ABS수지,중국,혼합색상
827,NEW 콩순이 공주거울 화장대,36900,baby,ABS,,혼합색상(이미지참조)
828,NEW 콩순이 냉장고,46900,baby,,,
829, 쥬쥬매직피아노 기타   여아선물  시크릿쥬쥬 매직피아노 기타 LED 키보드 멜로디 완구,15800,baby,,중국,
830, 크리스마스 선물추천  플레이모빌 XXL 피규어 산타  ,140000,baby,플라스틱 ABS ,체코,
831, 크리스마스 선물  타이거 산타박스,14900,baby,,,
832,   크리스마스 조립 세트   레고 크리에이터,41400,baby,ABS수지,,컨텐츠 참조
833, 조카선물추천  스마일뮤직운전대 불빛 신나는 멜로디 운전놀이 크리스마스 어린이날 조카선물 강력추천  스마일뮤직 운전대 옐로우 ,27800,baby,,,
834, 크리스마스 선물   불 좀 켜줄래  크리스마스 발광 비니 털모자,13800,baby,아크릴면,,
835,크리스마스선물 셈보블럭 눈사람 오르골  나노 블록 초등학생 장난감,31900,baby,,,
836,크리스마스선물 셈보블럭 트리오르골 나노 미니 블럭장난감,34500,baby,,,
837,산리오친구들 쿠로미 가방걸이,9900,baby,,,
838, 조카선물  헬로카봇 디럭스 공구놀이   또래장난감 ,37800,baby,플라스틱 외 기타,,
839,해피플레이 마이러블리돌 줄리 구체관절인형  세트   여자아이 선물  해피플레이 에비니어 ,24900,baby,폴리에스터 플라스틱,,
840, 크리스마스 조카선물  마이퍼스트  어린이 키즈 디지털 토이 카메라,79900,baby,,,
841, 조카선물  마이크로킥보드 미니 폴더블 디럭스 LED  색상선택 ,169000,baby,플라스틱  PU 외,중국,"루비레드,오션블루"
842, 조카선물  마이크로킥보드 미니 핸드 디럭스 LED  색상선택  유아 어린이 세발킥보드,159000,baby,플라스틱  PU 외,중국,"레드, 옐로우, 그린, 핑크, 아쿠아, 블루, 퍼플, 오렌지, 라벤더, 어프리콧, 오션블루"
843,마이크로킥보드 맥시T 폴더블 디럭스 LED  색상선택 ,249000,baby,플라스틱 알루미늄 외,중국,"퍼플,페트롤그린,레드,네이비,쇼킹핑크,그레이,베리레드"
844,티티체리 패션 티티워치,30500,baby,,,
845, 조카선물   생일선물  메이크잇리얼  DIY 팔찌만들기 비즈만들기 디즈니팔찌,20500,baby,,,
846, 스틱오by맥포머스  핑크퐁 아기상어 프렌즈 세트,55200,baby,자석 ABS 스틸,중국,빨강 외
847, 포켓몬 키링    단체선물  포켓몬 키링  세트 포켓몬스터 열쇠고리 장난감,37900,baby,,중국,
848, 실바니안 블라인드백 아기 디저트,9500,baby,플라스틱,중국,색상다양
849, 크리스마스 선물   조카선물  보드게임인 척 수학 공부하게 되는 셈셈 시리즈,29700,baby,종이  플라스틱,중국,
