,name,price,type,품명 및 모델명,"법에 의한 인증, 허가 등을 받았음을 확인할 수 있는 경우 그에 대한 사항",제조사,제조국,A/S 책임자와 전화번호 또는 소비자상담 관련 전화번호,종류,소재,치수,취급시 주의사항,품질보증기준,A/S 책임자,제품 소재,색상,제품구성,세탁방법/취급시 주의사항,제품명,"수입품의 경우 생산자, 수입자 및 제조국",식품의 유형,제조업소의 명칭과 소재지,"제조연월일(포장일 또는 생산연도), 유통기한 ","포장단위별 내용물의 용량(중량), 수량",원재료명 및 함량,영양성분,유전자 변형 식품의 경우 표시,소비자 안전을 위한 주의사항,수입식품인 경우 “수입식품안전관리특별법에 따른 수입신고를 필함”의 문구,소비자 상담 관련 전화번호,발행자,유효기간,교환권 공급자,이용조건,이용 가능 매장,환불조건 및 방법,소비자상담 관련 전화번호,품목 또는 명칭,"포장단위별 내용물의 용량(중량), 수량, 크기",생산자,농수산물의 원산지 표시에 관한 법률에 따른 원산지,"제조연월일(포장일 또는 생산연도), 유통기한",관련법상 표시사항,상품구성,보관방법 또는 취급방법,크기,제조연월,품목 및 제품명,용도 및 제형,제조연월 및 유통기한,"중량, 용량, 매수","효과,효능",제조국 및 제조사,어린이 보호포장 대상 제품 유무,제품에 사용된 화학물질 명칭,사용상 주의사항,신고번호 또는 승인번호,재질,사용연령 또는 체중범위,출시년월,"취급방법 및 취급시 주의사항, 안전표시 (주의, 경고 등)","크기, 중량",KC 인증 필 유무,정격전압/소비전력,"크기,무게",주요 사양,에너지소비효율등급,냉난방면적,추가설치비용,구성품,수입식품안전관리특별법에 따른 수입신고
0,리틀퍼피클럽 핫팩&파우치 세트_라이언/어피치,"29,000원",touched,리틀퍼피클럽 핫팩&amp;파우치 세트_라이언 8809814928638 / 리틀퍼피클럽 핫팩&amp;파우치 세트_어피치 8809814928645,해당사항 없음,굿앤디자인,중국,카카오프렌즈 고객센터 1577-6263,,,,,,,,,,,,,,,,,,,,,,,,,,,,,,,,,,,,,,,,,,,,,,,,,,,,,,,,,,,,,,,
1,리틀퍼피클럽 양털부츠_라이언/어피치,"25,000원",touched,,,굿앤디자인,중국,,수면양말,폴리에스터 100%,약 13*35cm,"1. 용도 이외에는 사용하지 마세요. 2. 원단의 특성상 털 빠짐이 있을 수 있으며, 마찰 시 보풀이 발생할 수 있으니 사용 시 주의하시기 바랍니다. 3. 본 제품을 물이나 땀에 젖은 상태로 오래 방치해 두지 마시기 바랍니다. 4. 사용 시 오염 부위는 젖은 수건으로 닦아서 그늘에 말린 후 보관해주세요. 5. 40도 이상 고온 건조 시 형태 변형이나 수축이 발생할 수 있으니 주의하십시오. 6. 화기나 고온,  직사광선에 주의하시고, 날카로운 물건에 가까이하지 마세요. 7. 세탁 시 30도 이하 미지근한 온도에서 세탁망에 넣어 울 코스로 단독 세탁하십시오.",본 제품은 공정거래위원회 고시 소비자 분쟁해결기준에 의거 교환 및 보상을 받으실 수 있습니다.,카카오프렌즈 고객센터 1577-6263,,,,,,,,,,,,,,,,,,,,,,,,,,,,,,,,,,,,,,,,,,,,,,,,,,,,,,,,,
2,꿀잠친구_고슴도치 리틀라이언,"42,000원",touched,,,토이스토리,중국,,,,320*310*560mm,,본 제품은 공정거래위원회 고시 소비자 분쟁해결기준에 의거 교환 및 보상을 받으실 수 있습니다.,카카오프렌즈 고객센터 1577-6263,"[표면] 폴리에스터 96%, 폴리우레탄 4% [충전재] 폴리에스터 100%",혼합,바디필로우 1개,1. 포장은 반드시 부모님(보호자)께서 개봉해 주시고 분리수거해 주십시오. 2. 제품 용도 이외에는 사용하지 마십시오. 3. 입에 넣고 물거나 빨지 않도록 주의하십시오. 4. 불에 직접 닿거나 가까이하지 마십시오. 5. 세탁기 사용을 금하고 손으로 세탁하여 주십시오. 6. 물에 젖을 경우 그늘에서 말려 주십시오.,,,,,,,,,,,,,,,,,,,,,,,,,,,,,,,,,,,,,,,,,,,,,,,,,,,,,
3,"""고흥 유자를 선물합니다"" 자임 꿀유자차 580g x 2병","13,900원",touched,,,,,,,,,,,,,,,,상품상세설명 참조,상품상세설명 참조,액상차,(주)자임에프앤비 / 경기도 광주시 초월읍 현산로  341-21,상품상세설명 참조,580g x 2병,상품상세설명 참조,상품상세설명 참조,해당사항 없음,상품상세설명 참조,해당사항 없음,031-8027-2088,,,,,,,,,,,,,,,,,,,,,,,,,,,,,,,,,,,,,,,,,
4,오설록 오~땡큐 티박스 6종 선물세트(총30입),"22,000원",touched,,,,,,,,,,,,,,,,상품상세설명 참조,상품상세설명 참조,상세고시정보참조,상세고시정보참조,제품에 표기된 날짜까지/유통기한은 상품 별 상이하므로 각 상품상세고시정보 참고부탁드립니다./주문일로부터 유통기한 50%이상 남은 제품을 보내드립니다.,"상세고시정보참조, 상세고시정보참조",상세고시정보참조,해당사항없음,해당사항없음,상품상세설명 참조,해당사항없음,카카오톡 1:1 문의 또는 오설록 고객센터 전화: 080-805-5555/이메일 상담: help@osulloc.com,,,,,,,,,,,,,,,,,,,,,,,,,,,,,,,,,,,,,,,,,
5,리틀퍼피클럽 싱글이불담요,"49,000원",touched,,,알애스코,중국,,,,150*200cm,,본 제품은 공정거래위원회 고시 소비자 분쟁해결기준에 의거 교환 및 보상을 받으실 수 있습니다.,카카오프렌즈 고객센터 1577-6263,폴리에스터 100%,혼합,싱글 이불담요,1. 제품 용도 이외에는 사용하지 마십시오. 2. 입에 넣고 물거나 빨지 않도록 주의해 주십시오. 3. 불에 직접 닿거나 가까이 하지 마십시오. 4. 미지근한 물에 손 세탁 하십시오. 5. 물에 젖을 경우 그늘에서 말려 주십시오. 6. 비틀면 변형될 수 있으니 평평한 상태로 뉘어서 건조하십시오. 7. 염소표백제를 사용하지 마십시오. 8. 회전식 건조기 사용은 금하여 주십시오. 9. 드라이 클리닝은 금하여 주십시오,,,,,,,,,,,,,,,,,,,,,,,,,,,,,,,,,,,,,,,,,,,,,,,,,,,,,
6,[당일배송] [BEST] TANDY 탠디 베러캐시 캐시미어 머플러 5컬러 택1 (+선물포장),"24,000원",touched,,,탠디/(주)창조패션,중국,,"머플러,스카프",캐시미어10% 모90%,35x185cm,반드시 드라이크리닝하세요,관련법 및 소비자분쟁해결기준에 따름,창조패션/02-536-8414,,,,,,,,,,,,,,,,,,,,,,,,,,,,,,,,,,,,,,,,,,,,,,,,,,,,,,,,,
7,"""열렬히 응원할게요"" 떠먹는 스트로베리 초콜릿 생크림 + 떠먹는 아이스박스 + 아메리카노 (R) 2잔","22,200원",touched,,,,,,,,,,,,,,,,,,,,,,,,,,,,(주)카카오,2022년 5월 31일 이전 발급 : 발급일 포함 94일 / 2022년 6월 1일 이후 발급 : 발급일 포함 367일 ※ 주문일 확인 방법 : 선물함 &gt; 사용정보,주식회사 즐거운,상품상세 설명 참조,상품상세설명참조,"구매자취소(청약철회) 가능 기간까지는 구매자가 취소를 요청할수 있으며 실제 결제 금액의 100%가 구매자에게 결제 취소/ 환불 됩니다. 이후에는 수신자가 환불을 요청할수 있으며 실제 결제 금액의 90%가 수신자에게 환불 됩니다.(구매자와 수신자가 동일하다면 원결제 수단으로 결제 취소/ 환불) 선물취소, 환불은 선물함에서 직접 할수 있습니다.",1544-2431 (통화료 발생 / 평일 9시 ~ 19시),,,,,,,,,,,,,,,,,,,,,,,,,,,,,,,,,,
8,"""잘 될거에요"" 떠먹는 티라미수 + 아메리카노 (R) 2잔","15,500원",touched,,,,,,,,,,,,,,,,,,,,,,,,,,,,(주)카카오,2022년 5월 31일 이전 발급 : 발급일 포함 94일 / 2022년 6월 1일 이후 발급 : 발급일 포함 367일 ※ 주문일 확인 방법 : 선물함 &gt; 사용정보,주식회사 즐거운,상품상세 설명 참조,상품상세설명참조,"구매자취소(청약철회) 가능 기간까지는 구매자가 취소를 요청할수 있으며 실제 결제 금액의 100%가 구매자에게 결제 취소/ 환불 됩니다. 이후에는 수신자가 환불을 요청할수 있으며 실제 결제 금액의 90%가 수신자에게 환불 됩니다.(구매자와 수신자가 동일하다면 원결제 수단으로 결제 취소/ 환불) 선물취소, 환불은 선물함에서 직접 할수 있습니다.",1544-2431 (통화료 발생 / 평일 9시 ~ 19시),,,,,,,,,,,,,,,,,,,,,,,,,,,,,,,,,,
9,떠먹는 스트로베리 초콜릿 생크림 + 떠먹는 아이스박스 + 아메리카노 (R) 3잔,"26,700원",touched,,,,,,,,,,,,,,,,,,,,,,,,,,,,(주)카카오,2022년 5월 31일 이전 발급 : 발급일 포함 94일 / 2022년 6월 1일 이후 발급 : 발급일 포함 367일 ※ 주문일 확인 방법 : 선물함 &gt; 사용정보,주식회사 즐거운,상품상세 설명 참조,상품상세설명참조,"구매자취소(청약철회) 가능 기간까지는 구매자가 취소를 요청할수 있으며 실제 결제 금액의 100%가 구매자에게 결제 취소/ 환불 됩니다. 이후에는 수신자가 환불을 요청할수 있으며 실제 결제 금액의 90%가 수신자에게 환불 됩니다.(구매자와 수신자가 동일하다면 원결제 수단으로 결제 취소/ 환불) 선물취소, 환불은 선물함에서 직접 할수 있습니다.",1544-2431 (통화료 발생 / 평일 9시 ~ 19시),,,,,,,,,,,,,,,,,,,,,,,,,,,,,,,,,,
10,"""합격 땅땅땅"" 떠먹는 바닐라 슈크림 + 아메리카노 (R) 2잔","15,500원",touched,,,,,,,,,,,,,,,,,,,,,,,,,,,,(주)카카오,2022년 5월 31일 이전 발급 : 발급일 포함 94일 / 2022년 6월 1일 이후 발급 : 발급일 포함 367일 ※ 주문일 확인 방법 : 선물함 &gt; 사용정보,주식회사 즐거운,상품상세 설명 참조,상품상세설명참조,"구매자취소(청약철회) 가능 기간까지는 구매자가 취소를 요청할수 있으며 실제 결제 금액의 100%가 구매자에게 결제 취소/ 환불 됩니다. 이후에는 수신자가 환불을 요청할수 있으며 실제 결제 금액의 90%가 수신자에게 환불 됩니다.(구매자와 수신자가 동일하다면 원결제 수단으로 결제 취소/ 환불) 선물취소, 환불은 선물함에서 직접 할수 있습니다.",1544-2431 (통화료 발생 / 평일 9시 ~ 19시),,,,,,,,,,,,,,,,,,,,,,,,,,,,,,,,,,
11,"[효돈농협] 효돈 제주감귤 에디션, 고당도 감귤 3kg이상(12brix/특품)","25,800원",touched,,,,,,,,,,,,,,,,,,,,,,,,,상품 수령시 파손된 부분은 섭취하지 마시고 고객센터(02-6925-2311)로 연락 부탁드립니다.,,상품상세설명 참조,,,,,,,,상품상세설명 참조,상품상세설명 참조,온브릭스,상품상세설명 참조,상품상세설명 참조,상품상세설명 참조,상품상세설명 참조,신선식품으로 수령 후 냉장보관 부탁드립니다,,,,,,,,,,,,,,,,,,,,,,,,,,
12,ORGA 액상차 선물세트(꿀유자+꿀모과+꿀생강),"28,900원",touched,,,,,,,,,,,,,,,,상품상세설명 참조,상품상세설명 참조,상세페이지 참조,상세페이지 참조,"상세페이지 참조, 상세페이지 참조","상세페이지 참조, 상세페이지 참조",상세페이지 참조,상세페이지 참조,해당사항 없음,상품상세설명 참조,해당사항 없음,080-022-0086,,,,,,,,,,,,,,,,,,,,,,,,,,,,,,,,,,,,,,,,,
13,"""여유로운 하루"" 떠먹는 티라미수 + 아메리카노 (R)","11,000원",touched,,,,,,,,,,,,,,,,,,,,,,,,,,,,(주)카카오,2022년 5월 31일 이전 발급 : 발급일 포함 94일 / 2022년 6월 1일 이후 발급 : 발급일 포함 367일 ※ 주문일 확인 방법 : 선물함 &gt; 사용정보,주식회사 즐거운,상품상세 설명 참조,상품상세설명참조,"구매자취소(청약철회) 가능 기간까지는 구매자가 취소를 요청할수 있으며 실제 결제 금액의 100%가 구매자에게 결제 취소/ 환불 됩니다. 이후에는 수신자가 환불을 요청할수 있으며 실제 결제 금액의 90%가 수신자에게 환불 됩니다.(구매자와 수신자가 동일하다면 원결제 수단으로 결제 취소/ 환불) 선물취소, 환불은 선물함에서 직접 할수 있습니다.",1544-2431 (통화료 발생 / 평일 9시 ~ 19시),,,,,,,,,,,,,,,,,,,,,,,,,,,,,,,,,,
14,그릭요거트 딸기 생크림 피스 + 아메리카노 (R),"10,700원",touched,,,,,,,,,,,,,,,,,,,,,,,,,,,,(주)카카오,2022년 5월 31일 이전 발급 : 발급일 포함 94일 / 2022년 6월 1일 이후 발급 : 발급일 포함 367일 ※ 주문일 확인 방법 : 선물함 &gt; 사용정보,주식회사 즐거운,상품상세 설명 참조,상품상세설명참조,"구매자취소(청약철회) 가능 기간까지는 구매자가 취소를 요청할수 있으며 실제 결제 금액의 100%가 구매자에게 결제 취소/ 환불 됩니다. 이후에는 수신자가 환불을 요청할수 있으며 실제 결제 금액의 90%가 수신자에게 환불 됩니다.(구매자와 수신자가 동일하다면 원결제 수단으로 결제 취소/ 환불) 선물취소, 환불은 선물함에서 직접 할수 있습니다.",1544-2431 (통화료 발생 / 평일 9시 ~ 19시),,,,,,,,,,,,,,,,,,,,,,,,,,,,,,,,,,
15,"""달콤하게힘이나는하루"" 허니카라멜브레드+수플레치즈 케이크+아메리카노 2잔","14,900원",touched,,,,,,,,,,,,,,,,,,,,,,,,,,,,(주)카카오,2022년 5월 31일 이전 발급 : 발급일 포함 94일 / 2022년 6월 1일 이후 발급 : 발급일 포함 367일 ※ 주문일 확인 방법 : 선물함 &gt; 사용정보,(주)쿠프마케팅,상품상세 설명 참조,상품상세설명 참조,"구매자취소(청약철회) 가능 기간까지는 구매자가 취소를 요청할수 있으며 실제 결제 금액의 100%가 구매자에게 결제 취소/ 환불 됩니다. 이후에는 수신자가 환불을 요청할수 있으며 실제 결제 금액의 90%가 수신자에게 환불 됩니다.(구매자와 수신자가 동일하다면 원결제 수단으로 결제 취소/ 환불) 선물취소, 환불은 선물함에서 직접 할수 있습니다.",1544-2431 (통화료 발생 / 평일 9시 ~ 19시),,,,,,,,,,,,,,,,,,,,,,,,,,,,,,,,,,
16,수제청 선물세트(레몬생강청x배도라지대추생강청) 과일청,"36,000원",touched,,,,,,,,,,,,,,,,상품상세설명 참조,상품상세설명 참조,과일청,엔게티 / 인천시 중구 백운로 b1엔게티,"제조일자 : 상시제조상품으로 정확한 제조일을 알기 어려움, 유통기한 : 제조일로부터 6개월 / 개봉후 3개월","300ml + 300ml, 1set (과일청 2개 x 선물박스1개 x 원목스푼1개)","배20%(국산),생강12%(국산),대추8%(국산),도라지6%(중국),유기농설탕48%(브라질산),꿀6%(국산) / 레몬38%(미국),생강10%(국산),유기농설탕45%(브라질산),꿀7%(국산)",해당없음,해당없음,상품상세설명 참조,해당없음,070-8095-2253,,,,,,,,,,,,,,,,,,,,,,,,,,,,,,,,,,,,,,,,,
17,[선물추천]8가지 꽃과일향 차(TEA)선물세트 40입(8종x5입),"25,000원",touched,,,,,,,,,,,,,,,,상품상세설명 참조,해당사항 없음,프리미엄티컬렉션8종 : 침출차,프리미엄티컬렉션8종 : 상품상세설명참조,프리미엄티컬렉션8종 : 물류 시스템상 유통기한 50% 남은 제품만 출고되도록 하고 있습니다. 가장 최근 생산된 제품으로 순차적 출고됩니다.제품면에 표시된 유통기한을 직접 확인 부탁드립니다. 유통기한은 제조일로부터 1년6개월/정확한 제조연월일과 유통기한 확인하시려면 소비자 상담 관련 전화번호 080-805-5555 로 연락주세요.,프리미엄티컬렉션8종 : 40입(8종 X 5입),상품상세설명 참조,해당없음,해당사항 없음,상품상세설명 참조,해당사항 없음,카카오톡 1:1 문의 또는 오설록 고객센터 전화: 080-805-5555/이메일 상담: help@osulloc.com,,,,,,,,,,,,,,,,,,,,,,,,,,,,,,,,,,,,,,,,,
18,트윙클 램프 스노우볼 크리스마스 오르골 무드등 장식 소품 4type,"23,900원",touched,램프 스노우볼 오르골 무드등,상세페이지참고,젊은이마켓,중국,젊은이마켓 032-672-6046,,,,,,,,,,,,,,,,,,,,,,,,,,,,,,,,,,,,,,,,,,,,,,,,,,,,,,,,,,,,,,,
19,"""오둥이 입니다만"" 오둥이 모찌 바디필로우 (톡별)","29,800원",touched,,,상품상세설명 참조,상품상세설명 참조,,,,상품상세설명 참조,,구입일로부터 1년,(주)에이치앤프렌즈 031-754-7701 (업무시간 10:00~17:00),상품상세설명 참조,상품상세설명 참조,상품상세설명 참조,상품상세설명 참조,,,,,,,,,,,,,,,,,,,,,,,,,,,,,,,,,,,,,,,,,,,,,,,,,,,,,
20,"NEW ""겨울 핫템"" 카카오프렌즈 얼굴형 손난로 보조배터리 5000mAh","34,900원",touched,얼굴형보조배터리5000mAh,상사페이지 표기,더블유아이,상품상세설명 참조,02-3494-1255,,,,,,,,,,,,,,,,,,,,,,,,,,,,,,,,,,,,,,,,,,,,,,,,,,,,,,,,,,,,,,,
21,"[친구 맺고 3%적립] ""따뜻한 선물추천"" 제이에스티나 BASIC 머플러 8종 택1","38,400원",touched,,,제조사 :제이에스티나 / 수입자 : 제이에스티나,상품상세설명 참조,,상품상세설명 참조,상품상세설명 참조,,상품상세설명 참조,관련법 및 소비자분쟁해결기준에 따름,제이에스티나 / 080-998-0077,,상품상세설명 참조,,,,,,,,,,,,,,,,,,,,,,,,,,,,,,상품상세설명 참조,,,,,,,,,,,,,,,,,,,,,,,,,
22,"""감사합니다"" 초코티라미수 케이크+아메리카노 2잔","10,300원",touched,,,,,,,,,,,,,,,,,,,,,,,,,,,,(주)카카오,2022년 5월 31일 이전 발급 : 발급일 포함 94일 / 2022년 6월 1일 이후 발급 : 발급일 포함 367일 ※ 주문일 확인 방법 : 선물함 &gt; 사용정보,(주)쿠프마케팅,상품상세 설명 참조,상품상세설명 참조,"구매자취소(청약철회) 가능 기간까지는 구매자가 취소를 요청할수 있으며 실제 결제 금액의 100%가 구매자에게 결제 취소/ 환불 됩니다. 이후에는 수신자가 환불을 요청할수 있으며 실제 결제 금액의 90%가 수신자에게 환불 됩니다.(구매자와 수신자가 동일하다면 원결제 수단으로 결제 취소/ 환불) 선물취소, 환불은 선물함에서 직접 할수 있습니다.",1544-2431 (통화료 발생 / 평일 9시 ~ 19시),,,,,,,,,,,,,,,,,,,,,,,,,,,,,,,,,,
23,[본사공식정품] 고비 몽골 산양 금장 캐시미어100% 머플러 6종 택1 (+선물포장),"99,000원",touched,,,고비 코퍼레이션,몽골,,머플러,캐시미어 100%,180x30cm(수술제외),드라이클리닝 권장,소비자보호법 준수,고비코리아 / 1577-4733,,,,,,,,,,,,,,,,,,,,,,,,,,,,,,,,,,,,,,,,,,,,,,,,,,,,,,,,,
24,"""매일 예쁘고 포근해"" 수면 파자마 상하의 14종 택1/남녀커플 상품 추가","24,900원",touched,,,제이나나,상품상세설명 참조,,,,상품상세설명 참조,,제품에 이상이 있을경우 공정거래위원회 고시 '소비자분쟁해결 기준'에 의해 보상해드립니다.,제이나나 1644-4715,상품상세설명 참조,상품상세설명 참조,,상품상세설명 참조,,,,,,,,,,,,,,,,,,,,,,,,,,,,,22년 09월 이후,,,,,,,,,,,,,,,,,,,,,,,,
25,[따뜻함을 담아] F/W 제이로렌 남녀 머플러 (10종 택1),"19,900원",touched,,,상품페이지 참조,상품상세설명 참조,,머플러,상품페이지 참조,상품페이지 참조,화기주의 / 드라이클리닝,본 제품에 이상이 있을 경우 공정거래위원회 고시 소비자분쟁해결기준에 의해 보상해드립니다.,070-8274-5051,,,,,,,,,,,,,,,,,,,,,,,,,,,,,,,,,,,,,,,,,,,,,,,,,,,,,,,,,
26,[헤지스] 멜란지 울캐시미어혼방 머플러 3종 택1,"75,800원",touched,,,LF / 해당없음,상품상세설명 참조,,여성용,울 80% 캐시미어 20%,32 X 182(가로X세로) (재는 위치에 따라 약간의 오차가 있을 수 있습니다.),1.제품의 기본용도 이외에는 사용하지 마십시오. 2.제품에 부착된 금속 장식은 신체에 상해를 미칠 수 있으므로 주의하시기 바랍니다. 3.물세탁이나 드라이크리닝 세탁은 제품에 손상을 주거나 형태를 변형시키므로 금하여 주십시오.,구매일로부터 6개월간/ 그 외 기준은 관련법 및 소비자분쟁해결 규정에 따름,070-7571-5110,,,,,,,,,,,,,,,,,,,,,,,,,,,,,,,,,,,,,,,,,,,,,,,,,,,,,,,,,
27,[선물포장] 이터널유 Mano 울 장갑 22종 택1,"33,000원",touched,,,이터널유,상품상세설명 참조,,상품상세설명 참조,상품상세설명 참조,Total Length 21cm / Cuff Length 5.5cm,상품상세설명 참조,관련법 및 소비자분쟁해결 규정에 따름,이터널 컴바인드,,,,,,,,,,,,,,,,,,,,,,,,,,,,,,,,,,,,,,,,,,,,,,,,,,,,,,,,,
28,'뭘 좋아할지 몰라서 다 준비했어' 털 실내화 슬리퍼 19종 택1 + 더스트백포장,"13,900원",touched,,,JYG 협력업체,중국,,,,상품상세설명 참조,상품상세설명 참조,상품상세설명 참조,02-6956-6788(월~금10:00~17:00/점심시간13:00~14:00),상품상세설명 참조,상품상세설명 참조,,,,,,,,,,,,,,,,,,,,,,,,,,,,,,,,,,,,,,,,,,,,,,,,,,,,,,,
29,[선물제격] 보르딘 콜드브루 더치커피 알록달록 앰플 12종세트 (25ml*12개),"19,900원",touched,,,,,,,,,,,,,,,,상품상세설명 참조,상품상세설명 참조,액상커피,보르딘F&amp;B/경북 경산시 백천길27,"본 상품은 상시제조 상품으로 정확한 제조연월일 정보 제공이 어렵습니다.(내부제품표기), 제조일부터 3개월","25ml, 1box(25ml*12개)","콜드브루커피 추출액(고형분3.3%,정제수,원두:블렌드,탄자니아,만델링,스폐셜티,과테말라안티구아,케냐,예가체프,따라쥬,미디엄블렌드,브라질내츄럴,콜롬비아수프리모,클래식블랙)","열량0kcal,나트륨0mg,탄수화물0g,당류0g,지방0g,트랜스지방0g,포화지방0g,콜레스테롤0mg,단백질0mg",해당없음,상품상세설명 참조,해당없음,1544-2431,,,,,,,,,,,,,,,,,,,,,,,,,,,,,,,,,,,,,,,,,
30,"""따뜻한 마음"" 캔들 워머 + 프리미엄자 향초 세트 (미세 빛조절)","25,900원",touched,,,,,,,,,,,,,,,,,,,,,,,,,,,02-3445-0101,,,,,,,,,,,,,,,,,,상품상세설명 참조,상품상세설명 참조,상품상세설명 참조,상품상세설명 참조,상품상세설명 참조,상품상세설명 참조,상품상세설명 참조,상품상세설명 참조,상품상세설명 참조,상품상세설명 참조,,,,,,,,,,,,,,
31,"""선물추천"" TWG Tea 티백 베스트셀렉션 (5종택일)","36,500원",touched,,,,,,,,,,,,,,,,상품상세설명 참조,"TWG TEA COMPANY PTE LTD Singapore/ 나드에프앤비(주) 서울시 성동구 광나루로6길 20, 703호",침출차,"나드에프앤비(주) 서울시 성동구 광나루로6길 20, 703호","제조일로부터 3년, 제품개별표시 (최신재고로 출고)",상세페이지참조,상세페이지참조,"해당 없음, 상세페이지참조",해당없음,개봉 후 가급적 바로 취음 권장,제품개별표시,1544-2431,,,,,,,,,,,,,,,,,,,,,,,,,,,,,,,,,,,,,,,,,
32,"""잘자요 꿀린이"" 꿀잠타는 기린이 모찌 바디필로우 (톡별)","29,900원",touched,상품상세설명 참조,,상품상세설명 참조,상품상세설명 참조,,,,,,상품상세설명 참조,상품상세설명 참조,,상품상세설명 참조,,,,,,,,,,,,,,,,,,,,,,,,,,,,,,,,,,,,,,,,,,상품상세설명 참조,상품상세설명 참조,상품상세설명 참조,상품상세설명 참조,상품상세설명 참조,상품상세설명 참조,,,,,,,,
33,MMFD-2801 캐시믹스 캐시미어 머플러,"30,000원",touched,,,진경산업/진경산업,상품상세설명 참조,,머플러,"모 95%, 캐시미어 5%",30*180 /cm,날카로운 것에 주의하고 반드시 드라이크리닝 하십시오.,관련법 및 소비자 분쟁해결기준에 따름,진경산업 / 070-7791-9970,,,,,,,,,,,,,,,,,,,,,,,,,,,,,,,,,,,,,,,,,,,,,,,,,,,,,,,,,
34,"""풍성하고 화사하게"" 떠먹는 바닐라 슈크림 + 시트러스 부케 2잔","18,700원",touched,,,,,,,,,,,,,,,,,,,,,,,,,,,,(주)카카오,2022년 5월 31일 이전 발급 : 발급일 포함 94일 / 2022년 6월 1일 이후 발급 : 발급일 포함 367일 ※ 주문일 확인 방법 : 선물함 &gt; 사용정보,주식회사 즐거운,상품상세 설명 참조,상품상세설명참조,"구매자취소(청약철회) 가능 기간까지는 구매자가 취소를 요청할수 있으며 실제 결제 금액의 100%가 구매자에게 결제 취소/ 환불 됩니다. 이후에는 수신자가 환불을 요청할수 있으며 실제 결제 금액의 90%가 수신자에게 환불 됩니다.(구매자와 수신자가 동일하다면 원결제 수단으로 결제 취소/ 환불) 선물취소, 환불은 선물함에서 직접 할수 있습니다.",1544-2431 (통화료 발생 / 평일 9시 ~ 19시),,,,,,,,,,,,,,,,,,,,,,,,,,,,,,,,,,
35,"""손목.무릎통증"" 전자파없는 오색약손 다온","22,500원",touched,상품상세설명 참조,상품상세설명 참조,상품상세설명 참조,상품상세설명 참조,상품상세설명 참조,,,,,,,,,,,,,,,,,,,,,,,,,,,,,,,,,,,,,,,,,,,,,,,,,,,,,,,,,,,,,,,
36,집순이 빅후드담요 곰도리ver. (빅후드담요+양말+슬리퍼set) (톡별),"34,900원",touched,상품상세설명 참조,상품상세설명 참조,상품상세설명 참조,상품상세설명 참조,상품상세설명 참조,,,,,,,,,,,,,,,,,,,,,,,,,,,,,,,,,,,,,,,,,,,,,,,,,,,,,,,,,,,,,,,
37,[선물추천] 러블리 티박스 Lovely Tea Box (4종x3입),"20,000원",touched,,,,,,,,,,,,,,,,상품상세설명 참조,해당사항 없음,침출차,상품상세설명 참조,물류 시스템상 유통기한 50% 남은 제품만 출고되도록 하고 있습니다. 가장 최근 생산된 제품으로 순차적 출고됩니다.제품면에 표시된 유통기한을 직접 확인 부탁드립니다. 유통기한은 제조일로부터 1년6개월/정확한 제조연월일과 유통기한 확인하시려면 소비자 상담 관련 전화번호 080-805-5555 로 연락주세요.,12입 (3입 x 4종/1입:1.5 g),상품상세설명 참조,해당없음,해당내용 없음,상품상세설명 참조,해당내용 없음,카카오톡 1:1 문의 또는 오설록 고객센터 전화: 080-805-5555/ 이메일 상담: help@osulloc.com,,,,,,,,,,,,,,,,,,,,,,,,,,,,,,,,,,,,,,,,,
38,"""오늘도 따뜻할 거예요"" 히트템 핫팩 30매+메세지박스+손소독제 5개입 (톡별) (heattem)","11,900원",touched,히트템옐로우(온열팩),자율안전확인신고 B681J001-17001,다봉산업(주),상품상세설명 참조,다봉산업(주) 1800-8994,,,,,,,,,,,,,,,,,,,,,,,,,,,,,,,,,,,,,,,,,,,,,,,,,,,,,,,,,,,,,,,
39,[프리미어스] 티백 18종 에디션(차 선물세트),"35,000원",touched,,,,,,,,,,,,,,,,상품상세설명 참조,상품상세설명 참조,침출차,PREMIERS TEA LIMITED / 인도/ 주식회사 고반,"상시 제조상품으로 제조일자 표기가 어렵습니다., 최근 제조된 상품으로 발송됩니다.(제조일로부터 24개월)","30g, 2.5g X 12개",상세페이지 참조,해당없음,해당없음,상품상세설명 참조,식품위생법에 따른 수입신고를 필함,1544-2431,,,,,,,,,,,,,,,,,,,,,,,,,,,,,,,,,,,,,,,,,
40,국물의한수 온가족 10팩세트(육개장2+갈비탕2+뚝불2+우거지해장국2+황태해장국2),"34,900원",touched,,,,,,,,,,,,,,,,상품상세설명 참조,상품상세설명 참조,상세페이지 참고,상세페이지 참고,"상세페이지 참고, 상세페이지 참고","상세페이지 참고, 국물의한수 10팩세트(육개장2+갈비탕2+뚝불2+우거지해장국2+황태해장국2)",상세페이지 참고,상세페이지 참고,해당없음,상품상세설명 참조,해당없음,카카오선물하기 고객센터(배송/결제/환불 등): 1544-2431 / 골드플레이트(상품문의): 070-7098-2005,,,,,,,,,,,,,,,,,,,,,,,,,,,,,,,,,,,,,,,,,
41,"""따뜻한선물"" 불멍 캠핑 화로 난로 불무드 에탄올램프 (에탄올+캔들라이터 증정)","23,900원",touched,불멍 난로 스토브 화로 미니 불무드 에탄올램프 2color,상세페이지 참조,홈즈,중국OEM,070-8064-0754,,,,,,,,,,,,,,,,,,,,,,,,,,,,,,,,,,,,,,,,,,,,,,,,,,,,,,,,,,,,,,,
42,F/W 보송보송 귀여운 동물 슬리퍼/실내화 세트 (10종 택1),"12,900원",touched,F/W 보송보송 귀여운 동물 슬리퍼/실내화 세트 (7종 택1),해당없음,(주)바나나코퍼레이션,중국,1644-7299,,,,,,,,,,,,,,,,,,,,,,,,,,,,,,,,,,,,,,,,,,,,,,,,,,,,,,,,,,,,,,,
43,"""내 손에 구름"" 단미 구름 양면발열 USB 충전식 휴대용 손난로 보조배터리 3600mAh (CLOUD)","21,900원",touched,CLOUD,,단미,상품상세설명 참조,,,,,,구매일로부터 1개월 이내,단미 고객센터,,,,,,,,,,,,,,,,,,,,,,,,,,,,,,,,,,,,,,,,,,,,,,2017.11,,,XU101030-17004A/MSIP-REI-GAU-CLOUD,5V/2A,150g,상세참조,,,,,
44,"""손안에 작은 보일러"" 1+1 손난로 보조배터리 / 총 8,000mAh (톡별) (HW-JJAK)","26,900원",touched,HW-JJAK,,(주)로이체,상품상세설명 참조,,,,,,관련 법 및 소비자 분쟁해결 규정에 따름,02-711-0077,,,,,,,,,,,,,,,,,,,,,,,,,,,,,,,,,,,,,,,,,,,,,,2019년 10월,,,R-R-RCH-187,5V/2A,103x63x36mm / 220g,"손난로, 보조배터리",,,,,
45,[따뜻한 선물] [BEST] TANDY 캐솔드 캐시미어 100% 머플러 7종 택1 02BE23345,"59,000원",touched,,,탠디/(주)창조패션,중국,,머플러,캐시미어 100%,30x184cm,반드시 드라이클리닝 하세요,관련법 및 소비자 분쟁 해결 기준에 따름,031-998-8979,,,,,,,,,,,,,,,,,,,,,,,,,,,,,,,,,,,,,,,,,,,,,,,,,,,,,,,,,
46,"""스트레스 날려"" 시바스키 배치기 모찌 뚱쿠션 바디필로우 80cm 2종택1 (톡별)","29,900원",touched,,,(주)한빛아이티씨/(주)한빛아이티씨,중국,,,,80cm,,"구입후 7일이내 반품가능, 상품의 하자의경우 1개월이내 교환반품가능/ 세탁한 경우 교환반품 어려울수 있음/",031-8028-8800 한빛아이티씨,겉면: 폴리에스터 100% 충전재: 폴리에스터 100%,"시바(베이지),허스키(그레이)",쿠션바디필로우 1개,30도 이하의 미지근한 물에서 분리하여 손세탁/표백제염색제 금지/ 기계건조 금지,,,,,,,,,,,,,,,,,,,,,,,,,,,,,,,,,,,,,,,,,,,,,,,,,,,,,
47,[선물제격] 보르딘 콜드브루 더치커피 알록달록 앰플 24종세트 (25ml*24개) (보르딘F&B),"36,900원",touched,,,,,,,,,,,,,,,,상품상세설명 참조,상품상세설명 참조,액상커피,보르딘F&amp;B/경북 경산시 백천길27,"본 상품은 상시제조 상품으로 정확한 제조연월일 정보 제공이 어렵습니다.(내부제품표기), 제조일로부터 3개월","25ml, 1box(25ml*24개)","콜드브루커피 추출액(고형분3.3%,정제수,원두:에디오피아,케냐,콜롬비아,인도네시아,탄자니아,브라질,코스타리카,과테말라)100%","열량0kcal,나트륨0mg,탄수화물0g,당류0g,지방0g,트랜스지방0g,포화지방0g,콜레스테롤0mg,단백질0mg",해당없음,상품상세설명 참조,해당없음,1544-2431,,,,,,,,,,,,,,,,,,,,,,,,,,,,,,,,,,,,,,,,,
48,[경복궁] 한우사골 실속세트 (한우사골고기곰탕+사골고기도가니탕+한우사골곰탕),"25,000원",touched,,,,,,,,,,,,,,,,한우사골 선물세트,해당사항 없음,식육추출가공품/비살균제품,"㈜비전푸드, 인천시 강화군 선원면 중앙로 131-18","제조일로부터 12개월 / 상시 출고 제품으로 상품마다 유통기한 상이합니다, 고객센터로 문의 주시기 바랍니다",한 팩당 600g,상품상세설명 참조,해당사항 없음,해당사항 없음,상품상세설명 참조,해당사항 없음,1644-8647,,,,,,,,,,,,,,,,,,,,,,,,,,,,,,,,,,,,,,,,,
49,'따뜻한 마음처럼' 남녀공용 부드러운 체크 국산 목도리 머플러 40종 택1,"16,900원",touched,,,Jarmonic.Inc 협력업체,상품상세설명 참조,,,,상품상세설명 참조,,상품상세설명 참조,02-6956-6788(월~금10:00~17:00/점심시간13:00~14:00),상품상세설명 참조,상품상세설명 참조,,드라이크리닝 권장,,,,,,,,,,,,,,,,,,,,,,,,,,,,,2022년11월~,,,,,,,,,,,,,,,,,,,,,,,,
50,"""수고했어 오늘도"" 클래식 가토 쇼콜라 피스 + 아메리카노 (R)","11,000원",touched,,,,,,,,,,,,,,,,,,,,,,,,,,,,(주)카카오,2022년 5월 31일 이전 발급 : 발급일 포함 94일 / 2022년 6월 1일 이후 발급 : 발급일 포함 367일 ※ 주문일 확인 방법 : 선물함 &gt; 사용정보,주식회사 즐거운,상품상세 설명 참조,상품상세설명참조,"구매자취소(청약철회) 가능 기간까지는 구매자가 취소를 요청할수 있으며 실제 결제 금액의 100%가 구매자에게 결제 취소/ 환불 됩니다. 이후에는 수신자가 환불을 요청할수 있으며 실제 결제 금액의 90%가 수신자에게 환불 됩니다.(구매자와 수신자가 동일하다면 원결제 수단으로 결제 취소/ 환불) 선물취소, 환불은 선물함에서 직접 할수 있습니다.",1544-2431 (통화료 발생 / 평일 9시 ~ 19시),,,,,,,,,,,,,,,,,,,,,,,,,,,,,,,,,,
51,[연말선물추천] 프린지 버진 울 머플러 (9 color),"159,000원",touched,,,랄프로렌코리아 유한회사,상품상세설명 참조,,머플러,상품상세설명 참조,상품상세설명 참조,드라이클리닝,관련 법 및 소비자분쟁해결 규정에 따름,카카오톡 선물하기 고객센터 문의 (1544-2431),,,,,,,,,,,,,,,,,,,,,,,,,,,,,,,,,,,,,,,,,,,,,,,,,,,,,,,,,
52,[겨울 선물 추천] 따뜻한 3면 온열 찜질 목도리 스마트 넥워머 Gwarmer 가머,"49,900원",touched,스마트 넥워머 Gwarmer,,사운드판다,CHINA,,,,,,제품 이상시 공정거래위원회 고시 소비자분쟁해결기준에 의거 보상합니다.,1666-0575,,,,,,,,,,,,,,,,,,,,,,,,,,,,,,,,,,,,,,,,,,,,,,2022.11,,,상품상세설명 참조,상품상세설명 참조,상품상세설명 참조,상품상세설명 참조,,,,,
53,"[단독 선물포장🎁] ""너를 위한 따뜻한 선물""얼모스트블루 인기 목도리 모음 21종/여자친구 생일 선물 포장","24,800원",touched,,,얼모스트블루,대한민국,,머플러,acrylic 100%,상품상세설명 참조,제품에 이물질이 묻었을 경우 젖은 헝겊으로 오염부분을 조심히 닦아주세요. 세탁 필요 시 드라이클리닝을 권장 드립니다.,관련 법령에 따름,얼모스트블루 070-8800-7527,,,,,,,,,,,,,,,,,,,,,,,,,,,,,,,,,,,,,,,,,,,,,,,,,,,,,,,,,
54,"양키캔들 향초 라지자 호른 캔들워머 세트 (국내산, 높이, 밝기조절)","39,800원",touched,,,,,,,,,,,,,,,,,,,,,,,,,,,캔들조이 02-2292-2581,,,,,,,,,,,,,,,,,,초/양키캔들 향초,방향용/연소형,상품상세설명 참조,상품상세설명 참조,상품상세설명 참조,"체코,미국/양키캔들컴퍼니(제이앤에스트레이딩)",상품상세설명 참조,상품상세설명 참조,상품상세설명 참조,신고번호 EB20-26-0494,,,,,,,,,,,,,,
55,"""물방울이 역행하는"" 808 거꾸로 물멍가습기 (+전용충전기 증정)","54,900원",touched,AIR-WSHFR,,808,중국,,,,,,상품상세설명 참조,상품상세설명 참조,,,,,,,,,,,,,,,,,,,,,,,,,,,,,,,,,,,,,,,,,,,,,,22.08,,,R-R-2ne-AIR-WSHFR,DC5V / 2.4A,120*120*229mm,거꾸로 물방울 착시효과,,,,,
56,"[홈캠핑] ""불멍감성"" 타닥타닥 모닥불 장작 LED 원목 무드등","19,900원",touched,타닥타닥 모닥불 장작 LED 원목 무드등,해당없음,allShape,중국,텐바이텐 고객행복센터 1644-6035,,,,,,,,,,,,,,,,,,,,,,,,,,,,,,,,,,,,,,,,,,,,,,,,,,,,,,,,,,,,,,,
57,[1+1/총2개세트] 방콕 집순이 후드 담요 (집순이담요),"29,900원",touched,방콕 집순이 후드담요,해당사항 없음,바나나빌딩,상품상세설명 참조,070-7649-1717,,,,,,,,,,,,,,,,,,,,,,,,,,,,,,,,,,,,,,,,,,,,,,,,,,,,,,,,,,,,,,,
58,"""진로 한 잠 어때?"" 진로 소주병 빅 바디필로우 100cm 쿠션 (톡별)","39,900원",touched,,,(주)나라홈데코,중국,,,,25x100 cm,,공정거래위원회 고시 소비자 분쟁 해결기준에 따름,070-4335-5522,겉감 - 폴리에스터100%／충전재 - 폴리에스터100%,상세페이지 기재,필로우 1개,· 미지근한 물에 중성세제를 사용하십시오. · 물에 오래 담궈 놓지 마십시오. · 스팀 건조 하지 하십시오. · 세제는 되도록 적게 사용하십시오. · 섬유유연제 사용 하지 마십시오. · 불에 닿지 않도록 주의하십시오. · 소비자 부주의로 인한 제품 손실은 보상 되지 않으니 주의하십시오.,,,,,,,,,,,,,,,,,,,,,,,,,,,,,,,,,,,,,,,,,,,,,,,,,,,,,
59,"""여자친구선물"" 현미온미 아기곰 허리 배 찜질팩 벨트형 (톡별)","39,800원",touched,현미온미 찜질팩,해당없음,현미온미,대한민국,현미온미 1899-1778,,,,,,,,,,,,,,,,,,,,,,,,,,,,,,,,,,,,,,,,,,,,,,,,,,,,,,,,,,,,,,,
60,'따뜻한 귀요미' 모찌모찌 뽀글 핫팩인형 6종,"8,900원",touched,핫팩인형,상품상세설명 참조,제조자 : 메세 / 수입자 : 메세,상품상세설명 참조,메세고객센터 070-7122-6004,,,,,,,,,,,,,,,,,,,,,,,,,,,,,,,,,,,,,,,,,,,,,,,,,,,,,,,,,,,,,,,
61,"[단독 선물포장🎁] ""따뜻한 마음을 담아"" 블러쉬 체크 머플러 / 여자친구 생일 선물 포장","28,000원",touched,,,얼모스트블루,대한민국,,머플러,acrylic 100%,상품상세설명 참조,제품에 이물질이 묻었을 경우 젖은 헝겊으로 오염부분을 조심히 닦아주세요. 세탁 필요 시 드라이클리닝을 권장 드립니다.,관련 법령에 따름,얼모스트블루 070-8800-7527,,,,,,,,,,,,,,,,,,,,,,,,,,,,,,,,,,,,,,,,,,,,,,,,,,,,,,,,,
62,'꾸덕꾸덕한 간식까지 담은' 오설록 오땡큐 티박스(차+간식세트),"31,000원",touched,,,,,,,,,,,,,,,,상품상세설명 참조,상품상세설명 참조,상세고시정보참조,상세고시정보참조,제품에 기재된 날짜까지/유통기한은 제조일로부터 상이하오니 각 상품상세설명 참고부탁드립니다./주문일로부터 유통기한 50%이상 남은 제품을 보내드립니다.,상세고시정보참조,상세고시정보참조,상품상세설명 참조,해당사항없음,상품상세설명 참조,해당사항없음,카카오톡 1:1 문의 또는 오설록 고객센터 전화: 080-805-5555/이메일 상담: help@osulloc.com,,,,,,,,,,,,,,,,,,,,,,,,,,,,,,,,,,,,,,,,,
63,"""따뜻한 선물"" 집순이 수족냉증러를 위한 선물 수면양말 실내화 양털 부츠 양말","18,900원",touched,상품상세설명 참조,상품상세설명 참조,상품상세설명 참조,상품상세설명 참조,상품상세설명 참조,,,,,,,,,,,,,,,,,,,,,,,,,,,,,,,,,,,,,,,,,,,,,,,,,,,,,,,,,,,,,,,
64,"""따뜻함을 담아❤️"" [1+1/총2개] F/W 남녀 커플머플러 10종 택2","32,900원",touched,,,상품페이지 참조,상품상세설명 참조,,머플러,상품페이지 참조,상품페이지 참조,화기주의/드라이클리닝,본 제품에 이상이 있을 경우 공정거래위원회 고시 소비자분쟁해결기준에 의해 보상해드립니다.,070-8274-5051,,,,,,,,,,,,,,,,,,,,,,,,,,,,,,,,,,,,,,,,,,,,,,,,,,,,,,,,,
65,"""출산선물,부모님선물"" 현미온미 손목무릎 찜질팩 기프트세트","29,800원",touched,현미온미 찜질팩,해당없음,현미온미,대한민국,현미온미 1899-1778,,,,,,,,,,,,,,,,,,,,,,,,,,,,,,,,,,,,,,,,,,,,,,,,,,,,,,,,,,,,,,,
66,"""춘식이와 힐링"" 춘식이 LED 디퓨저 무드등 (톡별)","42,000원",touched,(톡별)LED디퓨저_춘식이 8809814922544,디퓨져  안전확인대상 생활화학제품 신고번호 CB21-12-1930,"[디퓨저, 리드] ㈜허브패밀리 [피규어, 유리병, 트레이, LED 전구] (주) 더디바인","[디퓨저, 리드] 한국 [피규어, 유리병, 트레이, LED 전구, 조화] 중국",카카오프렌즈 고객센터 1577-6263,,,,,,,,,,,,,,,,,,,,,,,,,,,,,,,,,,,,,,,,,,,,,,,,,,,,,,,,,,,,,,,
67,[누적판매 3만개/당일발송] 로그 어텀 무지 머플러 (23color),"13,900원",touched,,,상품상세설명 참조,상품상세설명 참조,,,,상품상세설명 참조,,상품상세설명 참조,상품상세설명 참조,상품상세설명 참조,상품상세설명 참조,,상품상세설명 참조,,,,,,,,,,,,,,,,,,,,,,,,,,,,,상품상세설명 참조,,,,,,,,,,,,,,,,,,,,,,,,
68,'아프지마요' 따뜻하게 레몬생강청 (수제과일청),"15,900원",touched,,,,,,,,,,,,,,,,상품상세설명 참조,상품상세설명 참조,액상차,"서울시 마포구 동교로 142-11, 1층",본 제품은 상시 제조 상품으로 정확한 제조일자를 확인하시려면 판매자 고객센터(02-6374-1476)로 문의해주세요. / 유통기한은 제조일로부터 3개월입니다.,"300ml, 1ea","레몬(미국산or칠레산)30%, 생강(국산)20%",해당없음,해당없음,상품상세설명 참조,해당없음,1544-2431,,,,,,,,,,,,,,,,,,,,,,,,,,,,,,,,,,,,,,,,,
69,"""나를 위한 힐링 타임이 필요할때"" 불타는 무드등 A형 불멍 생일선물 집들이선물 인테리어","19,800원",touched,상품상세설명 참조,상품상세설명 참조,상품상세설명 참조,상품상세설명 참조,상품상세설명 참조,,,,,,,,,,,,,,,,,,,,,,,,,,,,,,,,,,,,,,,,,,,,,,,,,,,,,,,,,,,,,,,
70,"""작지만 강력한가습기"" [인테코 에이티] 스누피 무드등 미니가습기","29,000원",touched,Peanuts] 무드등 가습기 (mono_snoopy_003),,상품상세설명 참조,상품상세설명 참조,,,,,,상품상세설명 참조,상품상세설명 참조,,,,,,,,,,,,,,,,,,,,,,,,,,,,,,,,상품상세설명 참조,,,,,,,,,,,,,,상품상세설명 참조,,,상품상세설명 참조,상품상세설명 참조,,,상품상세설명 참조,상품상세설명 참조,상품상세설명 참조,,
71,아이보우 충전식 온수 찜질기 온열 찜질팩 IVB-D1000,"27,800원",touched,아이보우 온수찜질기 IVB-D1000,,"Guangdong Shunde EDON Creative Commodity CO.,Ltd./아이보우코리아",상품상세설명 참조,,,,,,제품 이상 시 공정거래위원회 고시 소비자분쟁해결기준에 의거 보상합니다.,아이보우코리아/02-568-1188,,,,,,,,,,,,,,,,,,,,,,,,,,,,,,,,270x180x45(mm),,,,,,,,,,,,,,2020년 11월,,,유,상품상세설명 참조,,,상품상세설명 참조,해당없음,해당없음,,
72,"""포근함을 더한"" 울랄라 보아털 베스트 파자마 모음","38,900원",touched,,,(주)아이앤유앤아이,상품상세설명 참조,,,,상품상세설명 참조,,전자상거래법률의거,김진미 | 02-2233-8809 | | pis9353@naver.com,상품상세설명 참조,"화이트,아이보리",,"중성세제 사용하여 단독으로 손세탁, 물세탁시 뒤집어서 망에 넣고 세탁",,,,,,,,,,,,,,,,,,,,,,,,,,,,,2020년4월,,,,,,,,,,,,,,,,,,,,,,,,
73,"""안아주라구스"" New 로라네 애착 구스 바디필로우 쿠션 130cm 2종택1 (톡별)","29,900원",touched,,,제조사 : 한빛아이티씨OEM / 수입자 : 한빛아이티씨,중국,,,,130cm,,공정거래위원회 고시(소비자분쟁해결기준)에 의거하여 보상해 드립니다.,031-8028-8800,겉면: 폴리에스터100% 충전재: 폴리에스터100%,아이보리 그레이,본품1개,울코스로 단독 세탁.,,,,,,,,,,,,,,,,,,,,,,,,,,,,,,,,,,,,,,,,,,,,,,,,,,,,,
74,"""완벽한 가을 페어링"" 카페 가나슈 타르트 + (1호점) 신촌커피 2잔","18,700원",touched,,,,,,,,,,,,,,,,,,,,,,,,,,,,(주)카카오,2022년 5월 31일 이전 발급 : 발급일 포함 94일 / 2022년 6월 1일 이후 발급 : 발급일 포함 367일 ※ 주문일 확인 방법 : 선물함 &gt; 사용정보,주식회사 즐거운,상품상세 설명 참조,상품상세설명참조,"구매자취소(청약철회) 가능 기간까지는 구매자가 취소를 요청할수 있으며 실제 결제 금액의 100%가 구매자에게 결제 취소/ 환불 됩니다. 이후에는 수신자가 환불을 요청할수 있으며 실제 결제 금액의 90%가 수신자에게 환불 됩니다.(구매자와 수신자가 동일하다면 원결제 수단으로 결제 취소/ 환불) 선물취소, 환불은 선물함에서 직접 할수 있습니다.",1544-2431 (통화료 발생 / 평일 9시 ~ 19시),,,,,,,,,,,,,,,,,,,,,,,,,,,,,,,,,,
75,'건강하세요' 쌍화청+호두정과+옻스푼 선물세트,"34,900원",touched,,,,,,,,,,,,,,,,상품상세설명 참조,상품상세설명 참조,"액상차, 과자류","서울시 마포구 동교로 142-11, 1층",본 제품은 상시 제조 상품으로 정확한 제조일자를 확인하시려면 판매자 고객센터(02-6374-1476)로 문의해주세요. / 유통기한은 제조일로부터 3개월입니다.,"상세페이지참고, 상세페이지참고",상세페이지참고,해당없음,해당없음,상품상세설명 참조,해당없음,1544-2431,,,,,,,,,,,,,,,,,,,,,,,,,,,,,,,,,,,,,,,,,
76,"[추천선물] 페어리스트리 선물용 수제과일 2종 ""선물포장"" set(블루베리/레몬)","28,900원",touched,,,,,,,,,,,,,,,,상품상세설명 참조,상품상세설명 참조,가공식품,"주식회사 캐릭스 /대전 서구 도안동로 11번길 42, 604호","제품개별표시, 제조일로부터 실온보관시 6개월 권장 (최신재고로출고)","450g, 1",제품개별표시,제품개별표시,해당없음,상품상세설명 참조,해당없음,1544-2431,,,,,,,,,,,,,,,,,,,,,,,,,,,,,,,,,,,,,,,,,
77,미민 투홀 핑거 스마트폰 터치장갑 18color,"19,900원",touched,,,상품상세설명 참조,상품상세설명 참조,,울 스마트폰 터치 장갑,상품상세설명 참조,상품상세설명 참조,상품상세설명 참조,상품상세설명 참조,강은숙,,,,,,,,,,,,,,,,,,,,,,,,,,,,,,,,,,,,,,,,,,,,,,,,,,,,,,,,,
78,방콕 집순이 후드담요_2 (집순이담요),"17,900원",touched,방콕 집순이 후드담요,해당사항 없음,바나나빌딩,상품상세설명 참조,070-7649-1717,,,,,,,,,,,,,,,,,,,,,,,,,,,,,,,,,,,,,,,,,,,,,,,,,,,,,,,,,,,,,,,
79,돌체구스토 커피머신 지니오S스타 (커피머신+캡슐2박스+머그컵2개+펜),"149,000원",touched,지니오S스타 / 1004,,네슬레/ 네슬레코리아유한회사,중국,,,,,,공정거래위원회 고시(소비자분쟁해결기준)에 의거하여 보상해 드립니다.,돌체구스토 클럽 080-234-0070,,,,,,,,,,,,,,,,,,,,,,,,,,,,,,,,27.2 x 11 x 27.2cm/ 무게 : 약 2kg/ 물탱크 : 0.8L,,,,,,,,,,,,,,2020년 9월,,,KC전기안전인증 : SU071089-20001/ 방송통신기자재 적합인증 : R-R-Er5-EFC0040141374K,"220V/60Hz, 1340W",,,해당사항 없음,,,,
80,[선물추천]'차 한잔이 생각나는 날엔' 오설록 제주 프리미엄 블렌딩 티백(20입),"9,500원",touched,,,,,,,,,,,,,,,,상품상세설명 참조,상품상세설명 참조,상품상세설명 참조,상세설명참조,"상세설명참조, 상세설명참조","상세설명참조, 상세설명참조",상세설명참조,해당없음,해당없음,상품상세설명 참조,해당없음,카카오톡 1:1 문의 또는 오설록 고객센터 전화: 080-805-5555/이메일 상담: help@osulloc.com,,,,,,,,,,,,,,,,,,,,,,,,,,,,,,,,,,,,,,,,,
81,노란 곰돌이 뽀글이 수면잠옷,"27,900원",touched,,,(주)파리즈협력사,중국,,,,상품상세설명 참조,,전자상거래법 및 관련법 준수,파리즈/02-737-3506,상품상세설명 참조,상품상세설명 참조,,손세탁,,,,,,,,,,,,,,,,,,,,,,,,,,,,,상품상세설명 참조,,,,,,,,,,,,,,,,,,,,,,,,
82,"""양말선물"" 다채로운 구성의 양말선물세트 5P 15구성 선택1SET","15,800원",touched,,,라크삭스[협력업체],대한민국,,양말,"면,폴리,스판",착용 사이즈 FREE(220mm-260mm) / 총기장 25-27cm,"1. 손세탁을 권장하며, 세탁기 사용시에는 세탁망을 이용해주세요. 2. 뜨거운 물에 삶지마시고, 30℃이하의 물에서 중성세제로 세탁해 주세요. 3. 표백제나 표백 성분이 있는 세제를 사용하지마세요. 4. 세탁 후 가볍게 털어 통풍이 잘 되는 그늘에서 건조시켜 주세요. 5. 드라이기, 건조기를 사용하여 건조하지 말아주세요. 6. 착용 시 손톱이나 악세서리 등에 의해 손상이 갈 수 있으니 주의하여주세요. 7. 첫 착용 시 물빠짐으로 인한 이염이 발생할 수 있습니다. 8. 단독 세탁 후 첫 착용을 권장합니다.",공정거래위원회 고시(소비자분쟁해결기준)에 의거하여 보상해 드립니다.,라크삭스 고객센터 02-923-7330,,,,,,,,,,,,,,,,,,,,,,,,,,,,,,,,,,,,,,,,,,,,,,,,,,,,,,,,,
83,"""내가 밑에서 받쳐줄게"" 몽글방석 + 등쿠션 (톡별)","19,900원",touched,완구 / 캐릭터상품,,(주)이젠크리에이션/(주)이젠크리에이션,상품상세설명 참조,,,,,,본제품은 공정거래위원회 고시 소비자분쟁해결기준에 의거 교환 또는 보상 받을 수 있습니다.,(주)이젠크리에이션 / 02-2207-9747,,"브라운, 그레이",,,,,,,,,,,,,,,,,,,,,,,,,,,,,,,,,,,,,,,,,,폴리에스터,3세이상,2019.10,화기에 가까이 하지 마십시오.,50CM,유,,,,,,,,
84,"""드립커피계의 명품"" 싱가포르 바샤커피 플레이버 드립백(8종택일)","35,500원",touched,,,,,,,,,,,,,,,,상품상세설명 참조,상품상세설명 참조,커피,(주)구뜨리치에프앤비 서울시 성동구 아차산로 17길 49 데시앙플렉스 생각공장 1322호,"제조일로부터 3년, 제품개별표시 (최신재고로 출고)",상세페이지참조,상세페이지참조,"해당없음,상세페이지참조",해당없음,개봉 후 가급적 바로 취음 권장,제품개별표시,1544-2431,,,,,,,,,,,,,,,,,,,,,,,,,,,,,,,,,,,,,,,,,
85,레토 짱구는 못말려 텀블러 보틀 스테인리스 텀블러,"21,900원",touched,레토 짱구는 못말려 스테인리스 텀블러 보틀,해당없음,(주)한일디아이,중국,"(주)레토지엠에스, 1544-3867",,,,,,,,,,,,,,,,,,,,,,,,,,,,,,,,,,,,,,,,,,,,,,,,,,,,,,,,,,,,,,,
86,"[친구 맺고 3%적립] ""고급스러운 따뜻한 선물""제이에스티나 니트 머플러 2종 택1","66,600원",touched,,,제조사 :제이에스티나 / 수입자 : 제이에스티나,상품상세설명 참조,,상품상세설명 참조,상품상세설명 참조,,상품상세설명 참조,관련법 및 소비자분쟁해결기준에 따름,제이에스티나 / 080-998-0077,,상품상세설명 참조,,,,,,,,,,,,,,,,,,,,,,,,,,,,,,상품상세설명 참조,,,,,,,,,,,,,,,,,,,,,,,,,
87,[선물추천] [단독/NEW] 밀로 FW 남여공용 홀리데이 코듀로이 볼캡 6종 택1 (+포장패키지),"32,900원",touched,,,상품상세설명 참조,상품상세설명 참조,,상품상세설명 참조,상품상세설명 참조,상품상세설명 참조,상품상세설명 참조,상품상세설명 참조,상품상세설명 참조,,,,,,,,,,,,,,,,,,,,,,,,,,,,,,,,,,,,,,,,,,,,,,,,,,,,,,,,,
88,"""뽀글뽀글 포근함"" New 춘식이 대형 양털 담요 (150x120cm) (톡별)","28,000원",touched,상품상세설명 참조,상품상세설명 참조,상품상세설명 참조,상품상세설명 참조,상품상세설명 참조,,,,,,,,,,,,,,,,,,,,,,,,,,,,,,,,,,,,,,,,,,,,,,,,,,,,,,,,,,,,,,,
89,"""잘자요 꿀룡이"" 꿀룡이 모찌 공룡 바디필로우 (톡별)","29,900원",touched,상품상세설명 참조,,상품상세설명 참조,상품상세설명 참조,,,,,,상품상세설명 참조,상품상세설명 참조,,상품상세설명 참조,,,,,,,,,,,,,,,,,,,,,,,,,,,,,,,,,,,,,,,,,,상품상세설명 참조,상품상세설명 참조,상품상세설명 참조,상품상세설명 참조,상품상세설명 참조,상품상세설명 참조,,,,,,,,
90,[루이까또즈] 따뜻한 베이비울 머플러 앤덴 솔리드 (SA-2UMW240) (프리미엄 캐시미어 머플러 투데이 [SA-2UMC323]),"47,200원",touched,,,나경에스에이,상품상세설명 참조,,울 캐시미어 머플러,상품상세설명 참조,상품상세설명 참조,상품상세설명 참조,품질보증기준에 따름,상품상세설명 참조,,,,,,,,,,,,,,,,,,,,,,,,,,,,,,,,,,,,,,,,,,,,,,,,,,,,,,,,,
91,"[감성/집들이선물] ""불멍 풀세트"" 수퍼블릭 실내용 애타는램프SET (램프+에탄올+점화기)","33,900원",touched,TT-15,해당없음,"Xingpuwang Lighting CO.,LTD / 수퍼블릭",중국,텐바이텐 고객행복센터 1644-6035,,,,,,,,,,,,,,,,,,,,,,,,,,,,,,,,,,,,,,,,,,,,,,,,,,,,,,,,,,,,,,,
92,진짜 귀여운 곰돌이 퍼 머플러 6종 모음전,"7,900원",touched,,,상품상세설명 참조,상품상세설명 참조,,상품상세설명 참조,상품상세설명 참조,상품상세설명 참조,상품상세설명 참조,상품상세설명 참조,상품상세설명 참조,,,,,,,,,,,,,,,,,,,,,,,,,,,,,,,,,,,,,,,,,,,,,,,,,,,,,,,,,
93,카카오프렌즈 라이언&춘식이 이글루 무드등 가습기 500ml,"29,900원",touched,WI20-HUMIDF,,주식회사 더블유아이,중국,,,,,,상품상세설명 참조,상품상세설명 참조,,,,,,,,,,,,,,,,,,,,,,,,,,,,,,,,,,,,,,,,,,,,,,2021.01.26,,,상품상세설명 참조,5V-1A,상품상세설명 참조,상품상세설명 참조,,,,,
94,[선물하기에서만]사계절필수템 물세탁OK!전자파NO! 이메텍 히팅패드 전기방석 IHP-888,"39,800원",touched,이메텍 히팅패드 IHP-888,,Zhejiang Lumeng Health &amp; Technology Co.LTd. / 게이트비젼주식회사,상품상세설명 참조,,,,,,공정거래위원회 고시(소비자분쟁해결기준)에 의거하여 보상해 드립니다.,고객센터 / 031-906-1543,,,,,,,,,,,,,,,,,,,,,,,,,,,,,,,,400 * 350 mm / 약1.8kg,,,,,,,,,,,,,,2021년 09월 이후,,,SU072475-20001A / R-R-734-R6701,"220~240V , 50~60Hz / 15W(최대110W)",,,해당없음,400 * 350 mm,없음,,
95,"양키캔들 향초 미니워머 선물세트 (타이머, 국내산, 밝기조절)","35,700원",touched,,,,,,,,,,,,,,,,,,,,,,,,,,,캔들조이 02-2292-2581,,,,,,,,,,,,,,,,,,초/양키캔들 향초,방향용/연소형,"별도표기(핑크히비스커스: 2020년 1월), 해당사항없음",상품상세설명 참조,상품상세설명 참조,"체코,미국/양키캔들컴퍼니(제이앤에스트레이딩)",미해당,상품상세설명 참조,상품상세설명 참조,"EB20-26-0494, G-A09B-S00020001-A170",,,,,,,,,,,,,,
96,"""안아주라냥"" 고양이 몰캉몰캉 스트레스해소 마약쿠션 (톡별)","15,900원",touched,,,제이에스컴퍼니,대한민국,,,,"38(가로) x 30(세로) x 18(높이)cm, 오차±3cm",,상품 수령일로부터 7일 이내,(주)오비유,"[겉] 100% 극세사 모찌원단, [속] 마이크로화이바 솜","연그레이, 연핑크",본품,상품상세설명 참조,,,,,,,,,,,,,,,,,,,,,,,,,,,,,,,,,,,,,,,,,,,,,,,,,,,,,
97,"""집에서 만끽하는 제주의 향기"" 귤 요루면 파자마&세안밴드 세트(2type)(톡별)","28,900원",touched,,,쥬니쥬 협력업체,의류 : 중국 / 세안밴드 : 중국 / 더스트백 : 한국,,,,의류 : free size / 세안밴드 : 가로16cm 세로19cm / 부직포 : 가로34cm 세로43cm,,공정거래 위원회가 고시하는 소비자 분쟁 해결 기준에 따라 보상 가능합니다.,상품상세설명 참조,의류 : 면 / 세안밴드 : 수면 / 더스트백 : 부직포,의류 : 오렌지 / 세안밴드 : 베이지 / 더스트백 : 베이지,,세탁망에 넣어 울코스 단독세탁 권장합니다 / 건조기 사용은 강한 수축 및 원단 손상이 발생할 수 있으므로 권장하지 않습니다,,,,,,,,,,,,,,,,,,,,,,,,,,,,,2022년 6월 이후 제조,,,,,,,,,,,,,,,,,,,,,,,,
98,"""불멍하며 보내는 나만의 휴식"" 불타는 무드등 G형 불멍 집들이선물 생일선물 인테리어","34,800원",touched,상품상세설명 참조,상품상세설명 참조,상품상세설명 참조,상품상세설명 참조,상품상세설명 참조,,,,,,,,,,,,,,,,,,,,,,,,,,,,,,,,,,,,,,,,,,,,,,,,,,,,,,,,,,,,,,,
99,[경복궁] 마음을 전하는 선물세트 (한우불고기+궁중본갈비+궁중소갈비찜+양념불고기),"109,000원",touched,,,,,,,,,,,,,,,,상품상세설명 참조,상품상세설명 참조,상품상세설명 참조,상품상세설명 참조,제조일로 부터 12개월,상품상세설명 참조,상품 설명 참고,해당사항 없음,해당사항 없음,상품상세설명 참조,해당사항 없음,상품상세설명 참조,,,,,,,,,,,,,,,,,,,,,,,,,,,,,,,,,,,,,,,,,
100,[경복궁] 체력 보강 선물세트 (사골고기도가니탕+영양갈비탕+양곰탕),"35,900원",touched,,,,,,,,,,,,,,,,상품상세설명 참조,해당 사항 없음,식육추출가공품/비살균제품,상품상세설명 참조,"제조일 : 순차출고제품으로 상이함으로 고객센터 문의 바랍니다., 유통기한 : 제조일로부터 1년",상품상세설명 참조,상품상세설명 참조,해당 사항 없음,해당 사항 없음,"1. 본 제품은 냉동식품으로 제품 수령 후 즉시 냉동보관 하시길 바랍니다. 2. 이미 냉동된 바 있으니 해동 후 재냉동 시키지 마시길 바랍니다. 3. 개봉 한 제품은 반드시 밀봉 후 냉장 보관 하시고 가급적 빨리 드시기 바랍니다. 4. 이 제품은 알레르기 유발 물질인 대두, 밀, 돼지고기, 닭고기, 우유, 새우, 게, 오징어, 조개류(바지락, 굴, 홍합)를 사용한 제품과 같은 제조시설에서 제조하고 있습니다. 5. 한우뼈추출액에 들어가는 한우소고기는 추출하는 과정에 사용되므로 제품의 내용물에서 확인되지는 않습니다.  6. 본 제품은 공정거래위원회 고시 소비자 분쟁해결 기준에 의거, 교환 또는 보상 받으실 수 있습니다.  7. 부정· 불량식품 신고는 국번없이 1399",해당 사항 없음,1644-8647,,,,,,,,,,,,,,,,,,,,,,,,,,,,,,,,,,,,,,,,,
101,"아프다고 굶지마요, 본죽 14종+장조림 set (총 7팩/10팩)","19,900원",touched,,,,,,,,,,,,,,,,"아프다고 굶지마요, 본죽 14종+장조림 set (총 7팩/10팩)",동방푸드마스타 / 농업회사법인 올레㈜,즉석조리식품(레토르트식품) / 조림류(멸균제품),(주)동방푸드마스타(충북 음성군 대소면 대금로 105번길 70) / 농업회사법인 올레㈜(경기도 양주시 장흥면 권율로29번길 115-82),제조일로부터 1년 / 제조일로부터 9개월,상세페이지 참조,"미니장조림: 본장조림소스[정제수,양조간장{탈지대두(외국산:인도산,미국산,중국산)},야채엑기스{육수농축액(소고기:호주산)},설탕,생강,복합조미식품],쇠고기(호주산) /  전복죽 : 정제수, 멥쌀(국산), 전복(외국산:필리핀, 말레이시아, 인도네시아 등), 찹쌀(국산), 생미분, 양파, 표고버섯(국산), 바지락엑기스, 새송이버섯, 마늘, 참기름, 정제소금, 기타가공품, 효모추출물, 향미증진제 /  쇠고기죽: 정제수, 멥쌀(국산), 쇠고기(호주산), 양파(국산), 찹쌀(국산), 생미분, 표고버섯, 우지(호주산), 당근(국산), 부추(국산), 애호박(국산), 참기름, 정제소금, L-글루탐산나트륨(향미증진제), 소고기엑기스, 마늘(국산), 사골추출물, 기타가공품 /  보양삼계죽: 정제수, 닭고기(국산), 멥쌀(국산), 치킨맛육수베이스{닭뼈(국산), 치킨엑기스(계육 : 국산)}, 찹쌀(국산), 양파, 생미분, 당근, 대파, 사골추출액, 마늘, 치킨팻(인도네시아산), 인삼(국산), 기타가공품 /  낙지김치죽: 정제수, 김치{절임배추(배추 : 국산), 무(국산), 다시마육수, 고춧가루(중국산), 밀가루풀}, 멥쌀(국산), 콩나물(국산), 낙지(베트남산), 찹쌀(국산), 김치엑기스, 대파, 생미분, 설탕, 마늘, 동치미농축액, 야채풍미농출액, 복합조미식품, 소스, 고춧가루, 향미증진제, 기타가공품, 식물성분해단백, 파프리카추출색소, 효모추출물, 호박산이나트륨 / 단호박죽 : 정제수,스팀단호박(단호박100% : 중국산), 단호박페이스트(단호박 100% : 중국산), 설탕, 생미분(국산), 혼합분유, 정제소금 /  통단팥죽 : 정제수, 팥(중국산), 설탕, 덱스트린, 생미분(국산), 혼합제제(변성전분, 덱스트린), 정제소금(국산), 복합조미식품, 기타가공품, 잔탄검, 메틸셀룰로오스 / 전복죽 : 정제수, 멥쌀(국산), 전복(외국산:필리핀, 말레이시아, 인도네시아 등), 찹쌀(국산), 생미분, 양파, 표고버섯(국산), 바지락엑기스, 새송이버섯, 마늘, 참기름, 정제소금, 기타가공품, 효모추출물, 향미증진제 /  쇠고기죽 : 정제수, 멥쌀(국산), 쇠고기(호주산), 양파(국산), 찹쌀(국산), 생미분, 표고버섯, 우지(호주산), 당근(국산), 부추(국산), 애호박(국산), 참기름, 정제소금, L-글루탐산나트륨(향민증진제), 소고기엑기스, 마늘(국산), 사골추출물, 기타가공품 /  보양삼계죽 : 정제수, 닭고기(국산), 멥쌀(국산), 치킨맛육수베이스{닭뼈(국산), 정제소금(국산)}, 찹쌀(국산), 양파, 생미분, 당근, 대파, 사골추출액, 마늘, 치킨팻(인도네시아산), 인삼(국산), 기타가공품 / 단호박죽 : 정제수, 스팀단호박(단호박100% : 중국산), 단호박페이스트(단호박100% : 중국산), 설탕, 생미분(국산), 혼합분유, 정제소금 /  화끈짬뽕죽 : 정제수, 쌀(국산), 문어(필리핀산), 당근(국산), 배추(국산), 대파, 찹쌀, 콩기름, 마늘, 생이분, 양파, 오징어추출페이스트, 고추씨기름, 홍합엑기스, 홍청양고추농축액, 홍고추, 치킨맛육수베이스, 양념다대기, L-글루탐산나트륨(향미증진제), 소스, 복합조미식품, 정제소금, 효모추출물, 기타가공품, 파프리카추출색소, 크러쉬드레드페퍼, 고춧가루, 향미증진제, 호박산이나트륨 /  미역죽 : 정제수, 멥쌀(국산), 쇠고기(호주산), 찹쌀(국산), 사골추출물, 생미분, 마늘, 염장미역(미역:국산), 참기름, L-글루탐산나트륨(향미증진제), 콩발효맛내기진, 기타가공품, 향미증진제","미니장조림: 열량65kcal,나트륨630mg,탄수화물5g,당류6g,콜레스테롤140mg,지방1g트랜스지방0g,포화지방0.6g,단백질7g /  전복죽: 열량95kcal,나트륨400mg(20%),탄수화물17g(5%),당류0g(0%),콜레스테롤5mg(2%),지방1.8g(3%),트랜스지방0g,포화지방0g(0%),단백질3g(5%) /  쇠고기죽: 열량135kcal,나트륨410mg(21%),탄수화물18g(6%),당류0g(0%),콜레스테롤10mg(3%),지방4.9g(9%),트랜스지방0g,포화지방1.7g(11%),단백질5g(9%) /  보양삼계죽: 열량125kcal,나트륨430mg(22%),탄수화물18g(6%),당류0g(0%),콜레스테롤20mg(7%),지방0.8g(5%),트랜스지방0g,포화지방0.8g(5%),단백질7g(13%) /  낙지김치죽: 열량120kcal,나트륨620mg(31%),탄수화물23g(7%),당류3g(3%),콜레스테롤20mg(7%),지방0.7g(1%),트랜스지방0g,포화지방0g(0%),단백질5g(9%) / 단호박죽 : 열량135kcal,나트륨300mg(15%),탄수화물30g(9%),당류17g(17%),콜레스테롤0mg(0%),지방0.9g(2%),트랜스지방0g,포화지방0g(0%),단백질2g(4%) / 통단팥죽 : 열량190kcal,나트륨280mg(14%),탄수화물40g(12%),당류11g(11%),콜레스테롤0mg(0%),지방0g(0%),트랜스지방0g,포화지방0g(0%),단백질7g(13%) / 전복죽 : 열량165kcal,나트륨660mg(33%),탄수화물29g(9%),당류0g(0%),콜레스테롤10mg(3%),지방3g(6%),트랜스지방0g,포화지방0.6g(4%),단백질5g(9%) / 쇠고기죽 : 열량220kcal,나트륨670mg(34%),탄수화물29g(9%),당류0g(0%),콜레스테롤15mg(5%),지방8g(15%),트랜스지방1g미만,포화지방2.8g(19%),단백질8g(15%) / 보양삼계죽 : 열량205kcal,나트륨700mg(35%),탄수화물29g(9%),당류1g미만(1%),콜레스테롤30mg(10%),지방4.5g(8%),트랜스지방0g,포화지방1.3g(9%),단백질12g(22%) / 단호박죽 : 열량225kcal,나트륨500mg(25%),탄수화물50g(15%),당류27g(27%),콜레스테롤0mg(0%),지방1.5g(3%),트랜스지방0g,포화지방0.7g(5%),단백질3g(5%) /  화끈짬뽕죽 : 열량275kcal, 나트륨690mg(35%), 탄수화물31g(10%), 당류3g(3%), 콜레스테롤50mg(17%), 지방13g(24%), 트랜스지방0g, 포화지방2.2g(15%), 단백질8g(15%) / 미역죽 : 열량190kcal,나트륨790mg(40%),탄수화물30g(9%),당류0g(0%),콜레스테롤10mg(3%),지방4g(7%),트랜스지방0g,포화지방1.2g(8%),단백질8g(15%)",해당사항 없음,포장지가 날카로우니 개봉 및 섭취 시 주의하시기 바랍니다.,해당사항 없음,1588-6219,,,,,,,,,,,,,,,,,,,,,,,,,,,,,,,,,,,,,,,,,
102,[경복궁] 불고기 갈비 혼합 선물세트 (양념불고기600g+칼집LA갈비600g),"45,000원",touched,,,,,,,,,,,,,,,,상품상세설명 참조,상품상세설명 참조,상품상세설명 참조,상품상세설명 참조,제조일로 부터 12개월,상품상세설명 참조,상품 설명 참고,해당사항 없음,해당사항 없음,상품상세설명 참조,해당사항 없음,상품상세설명 참조,,,,,,,,,,,,,,,,,,,,,,,,,,,,,,,,,,,,,,,,,
103,양키캔들 자캔들 소 모자이크 자쉐이드 선물세트 (쇼핑백),"15,800원",touched,,,,,,,,,,,,,,,,,,,,,,,,,,,상품상세설명 참조,,,,,,,,,,,,,,,,,,상품상세설명 참조,상품상세설명 참조,상품상세설명 참조,상품상세설명 참조,상품상세설명 참조,상품상세설명 참조,상품상세설명 참조,상품상세설명 참조,상품상세설명 참조,상품상세설명 참조,,,,,,,,,,,,,,
104,"""안사면후회 꿀템추천"" 알로코리아 충전식 휴대용 손난로 보조배터리 5000mAh 양면발열 전기핫팩 (WM501)","20,700원",touched,충전식 손난로 WM501,,알로코리아,상품상세설명 참조,,,,,,상품컨텐츠 하단 안내 참조,알로코리아 / 02-761-3096,,,,,,,,,,,,,,,,,,,,,,,,,,,,,,,,,,,,,,,,,,,,,,2019.10,,,YU101051-19001 / R-R-OLA-WM501,5V-2A,"99 X 59 X 26mm , 139g",상품컨텐츠참조,,,,,
105,"""행운이 붙는다"" 찹쌀떡 쿠션 모찌모찌 필로우 멀티베개","29,900원",touched,,,상품상세설명 참조,상품상세설명 참조,,,,"측정 위치, 재는 도구에 따라 1~3cm 오차범위",,상품상세설명 참조,AS 불가,상품상세설명 참조,상품상세설명 참조,상품상세설명 참조,상품상세설명 참조,,,,,,,,,,,,,,,,,,,,,,,,,,,,,,,,,,,,,,,,,,,,,,,,,,,,,
106,"""불멍 감성"" 유니영 LED 사무실 미니 모닥불 가습기","17,900원",touched,유니영 모닥불 가습기 UNH200F,,대원,중국,,,,,,구매후 1년 무상 AS,1599-5981,,,,,,,,,,,,,,,,,,,,,,,,,,,,,,,,180x80x123,,,,,,,,,,,,,,2022.09,,,R-R-YHY-UNH200F,해당사항없음,,,해당사항없음,해당사항없음,해당사항없음,,
107,"""센스있는 향기선물"" 데일리 캔들워머+소이캔들 650ml 세트(할로겐 전구 포함)","43,900원",touched,데일리캔들워머+캔들650ml세트,상품상세설명 참조,(주)스탠다드컴퍼니 (주식회사 피앤더블유인터네셔널),데일리 캔들워머: 중국 / 소이캔들 650ml: 대한민국,상품상세설명 참조,,,,,,,,,,,,,,,,,,,,,,,,,,,,,,,,,,,,,,,,,,,,,,,,,,,,,,,,,,,,,,,
108,[닥스] LONG 남녀공용 체크 울/캐시혼방 롱 라이트 머플러 3종 택1,"99,900원",touched,,,LF / 해당없음,상품상세설명 참조,,머플러,상품상세설명 참조,상품상세설명 참조,1.본 제품은 드라이크리닝만 가능합니다. (물세탁 불가) 2.단추나 액세서리는 세탁 시 손상될 수 있으므로 은박지에 싸거나 분리하여 주십시오. 3.마찰에 의해 보푸라기가 발생될 수 있으므로 착용 후 가볍게 손질하여 주십시오. * 세탁시 물이 빠질 수 있으므로 다른 제품과 분리하여 단독 세탁 바랍니다.,구매일로부터 6개월간/ 그 외 기준은 관련법 및 소비자분쟁해결 규정에 따름,070-7571-5110,,,,,,,,,,,,,,,,,,,,,,,,,,,,,,,,,,,,,,,,,,,,,,,,,,,,,,,,,
109,집순이들을 위한 입는 거북이 등껍질 쿠션,"26,900원",touched,집순이들을 위한 입는 거북이 등 껍질 쿠션,해당없음,(주)바나나코퍼레이션,중국,1644-7299,,,,,,,,,,,,,,,,,,,,,,,,,,,,,,,,,,,,,,,,,,,,,,,,,,,,,,,,,,,,,,,
110,"""매일 입고 싶은"" 울랄라 겨울 신상 베스트 파자마 모음","34,900원",touched,,,상품상세설명 참조,상품상세설명 참조,,,,상품상세설명 참조,,전자상거래법률의거,김진미 | 02-2233-8809 | | pis9353@naver.com,상품상세설명 참조,상품상세설명 참조,,상품상세설명 참조,,,,,,,,,,,,,,,,,,,,,,,,,,,,,상품상세설명 참조,,,,,,,,,,,,,,,,,,,,,,,,
111,"""홈카페/집들이 선물"" 라이프썸 샌드위치&와플 메이커 풀세트 (LFS-HA44) 2종 택1","19,900원",touched,라이프썸 와플 메이커 (LFS-HA44) 오트밀,,CIXI YUNFAN,중국 OEM,,,,,,"구매 후 6개월 이내 무상 a/s, 교환 가능",1661-2730,,,,,,,,,,,,,,,,,,,,,,,,,,,,,,,,"24x14x9.3cm, 0.97kg",,,,,,,,,,,,,,상세페이지 참고,,,유,상세페이지 참고,,,상세페이지 참고,,,,
112,[1+1]클래식체크머플러 하나사면 곱창한개더/겨울머플러,"8,900원",touched,,,더문,중국OEM,,머플러,아크릴 폴리에스터,80*170cm,단독세탁 올빠짐주의,전자상거래법에 따름,더문 1661-4086,,,,,,,,,,,,,,,,,,,,,,,,,,,,,,,,,,,,,,,,,,,,,,,,,,,,,,,,,
113,"""부모님선물"" 현미온미 허리 배 찜질팩 (벨트형)","38,300원",touched,현미온미 찜질팩,해당없음,현미온미,대한민국,현미온미 1899-1778,,,,,,,,,,,,,,,,,,,,,,,,,,,,,,,,,,,,,,,,,,,,,,,,,,,,,,,,,,,,,,,
114,"""생일에눈"" (만족도100%) 휴플러스 코드제로 눈마사지기 CORDZERO-EL1 온열안대 안마기 선물","29,900원",touched,"눈마사지기 CORDZERO-EL1, EL2",,"(주)해피룸, (주)해피룸",중국 OEM,,,,,,1년 무상 (소모품 및 고객과실 시 제외될 수 있음),해피룸 070-4485-9603,,,,,,,,,,,,,,,,,,,,,,,,,,,,,,,,박스규격 202*132*95cm,,,,,,,,,,,,,,2022.03,,,인증 필 (상세페이지 참고),"DC 5V 1A, 4.5W",,,해당사항 없음,,,,
115,[3+3] 폴인 허브 온열 복부 핫팩 찜질팩 패치 여자친구 선물,"15,500원",touched,일양약품 폴인허브찜질팩,KC인증(B681D001-4002CH)/(B681D001-4003CH),위니스트,상품상세설명 참조,카카오톡 고객센터 1544-2431,,,,,,,,,,,,,,,,,,,,,,,,,,,,,,,,,,,,,,,,,,,,,,,,,,,,,,,,,,,,,,,
116,"""발끝에 따뜻함 "" 단미 발난로 전기난로 히터 사무실 발난로 (발난로 FEH01)","49,800원",touched,FEH01,,단미,중국,,,,,,구매일로부터 1년 이내,단미 고객센터,,,,,,,,,,,,,,,,,,,,,,,,,,,,,,,,336x220x285mm,,,,,,,,,,,,,,2020.12,,,Y,상품상세설명 참조,,,해당사항없음,해당사항없음,없음,,
117,"""따듯한 오둥이입니다만"" New 오둥이 극세사 부들부들 보들 대형 담요 (톡별)","15,900원",touched,,,상품상세설명 참조,상품상세설명 참조,,,,상품상세설명 참조,,본 제품은 공정거래위원회 고시 소비자 분쟁해결기준에 의거 교환 및 보상을 받으실 수 있습니다. / 제품 수령일로 부터 7일 이내,잇츠유어프라임타임 고객센터 070-8804-2345,상품상세설명 참조,상품상세설명 참조,상품상세설명 참조,상품상세설명 참조,,,,,,,,,,,,,,,,,,,,,,,,,,,,,,,,,,,,,,,,,,,,,,,,,,,,,
118,"""필터4개 증정"" 미니 초음파 사무실 차량 무선 신생아 휴대용 가습기 Duwater 듀워터","34,900원",touched,휴대용 가습기 Duwater,,(주)판다인터내셔널,CHINA,,,,,,제품 이상시 공정거래위원회 고시 소비자분쟁해결기준에 의거 보상합니다.,1666-0575,,,,,,,,,,,,,,,,,,,,,,,,,,,,,,,,,,,,,,,,,,,,,,2021.11,,,전기용품 및 생활용품 안전관리법에 따른 KC인증 대상,상품상세설명 참조,상품상세설명 참조,상품상세설명 참조,,,,,
119,[디스커버리] 픽시버G 튜브 구스다운 여성 경량패딩 5종 택1,"169,000원",touched,,,㈜에프앤에프,미얀마,,,,"85,90,95,100,105",,관련법 및 소비자 분쟁해결기준에 따름,F&amp;F 080-820-8802,겉감 1 : 폴리에스터 100% 겉감 2 : 폴리에스터 97% 겉감 2 : 폴리우레탄 3% 주머니감 : 폴리에스터 100% 충전재 : 솜털 80% 충전재 : 깃털 3%,"BES,BKS,CRS,GRS,PKN",,"제품의 특성상 고열, 마찰 등으로 인해 파손될 수 있으니 드라이세탁 및 기계건조를 하지마십시오.",,,,,,,,,,,,,,,,,,,,,,,,,,,,,2022.03,,,,,,,,,,,,,,,,,,,,,,,,
120,"""따뜻한 겨울"" 두꺼운 양털담요 150X200 대형 극세사 밍크 양모블랭킷 [+기프트백]","20,900원",touched,,,착한컴퍼니,중국,,,,150cm x 200cm,,상세내용참조,주식회사 착한컴퍼니 0507-1318-3012,고급 극세사 / 폴리에스테르,"그레이,네이비,카멜베이지,크림화이트,민트스카이,핑크",담요카드&amp;리본포장&amp;프리미엄 양털담요,담요세탁방법 TIP. 극세사 상품은 드라이크리닝을 하시는 것을 강력하게 추천해드립니다 ! 1. 미온수 손세탁을 권장해드립니다 ! 2. 세탁기 사용시 그물망과 중성세제를 사용부탁드리겠습니다 ! 3. 강하게 탈수할 경우 제품의 변형을 초래할 수 있으니 주의해주세요 !,,,,,,,,,,,,,,,,,,,,,,,,,,,,,,,,,,,,,,,,,,,,,,,,,,,,,
121,"""집순이선물"" 밍크담요+수면양말+슬리퍼 8종택1+빼빼로 증정 (톡별)","19,900원",touched,,,(주)다원물산,상품상세설명 참조,,,,상세페이지 참고,,관련법 및 소비자 분쟁해결 기준에 따름,(주)다원물산 1588-5939,상세페이지 참고,상세페이지 참고,상세페이지 참고,상세페이지 참고,,,,,,,,,,,,,,,,,,,,,,,,,,,,,,,,,,,,,,,,,,,,,,,,,,,,,
122,[셀럽 착용] 대왕 오리 기모 파자마 (슬리퍼 증정),"29,900원",touched,대왕 오리 기모 파자마 (슬리퍼 증정),해당없음,(주)바나나코퍼레이션,중국,1644-7299,,,,,,,,,,,,,,,,,,,,,,,,,,,,,,,,,,,,,,,,,,,,,,,,,,,,,,,,,,,,,,,
123,"""선물로 좋아요"" 포그니 알파카 바디필로우 80cm 2종택1 (톡별)","29,900원",touched,,,(주)한빛아이티씨/(주)한빛아이티씨,중국,,,,31*80cm,,"구입후 7일이내 반품가능, 상품의 하자의경우 1개월이내 교환반품가능/ 세탁한 경우 교환반품 어려울수 있음/",031-8028-8800 한빛아이티씨,겉면: 폴리에스터 70% 비스코스(레이온) 30%   충전재: 폴리에스터 100%   입/귀: 폴리에스터 100%   주머니안감: 폴리에스터 100%,"핑크, 베이지",쿠션바디필로우 1개,30도 이하의 미지근한 물에서 분리하여 손세탁/표백제염색제 금지/ 기계건조 금지,,,,,,,,,,,,,,,,,,,,,,,,,,,,,,,,,,,,,,,,,,,,,,,,,,,,,
124,[한정특가] 코지베어 먼지없는 이불베개 침구세트(SS/Q균일가) 외 16종택1,"29,900원",touched,,,(주) 비비월드,대한민국,,,,상품상세설명 참조,,공정거래위원회 고시(소비자분쟁해결기준)에 의거하여 보상,(주)비비월드 1661-3036,세미 마이크로 폴리에스터 100%,상품상세설명 참조,상품상세설명 참조,상품상세설명 참조,,,,,,,,,,,,,,,,,,,,,,,,,,,,,,,,,,,,,,,,,,,,,,,,,,,,,
125,"""스몰 럭셔리"" [선물포장]델픽 시그니처 티백 (4종 중 택1)","28,000원",touched,,,,,,,,,,,,,,,,[선물포장]델픽 시그니처 티백 (4종 중 택1),델픽,침출차,델픽,상품상세설명 참조,상품상세설명 참조,상품상세설명 참조,상품상세설명 참조,상품상세설명 참조,상품상세설명 참조,상품상세설명 참조,상품상세설명 참조,,,,,,,,,,,,,,,,,,,,,,,,,,,,,,,,,,,,,,,,,
126,"전복에 내 마음 가득 담아, 본죽 전복죽+쇠고기 장조림set","35,000원",touched,,,,,,,,,,,,,,,,"전복에 내 마음 가득 담아, 본죽 전복죽+쇠고기 장조림set",동방푸드마스타 / 농업회사법인 올레㈜,즉석조리식품(레토르트식품) / 조림류(멸균제품),(주)동방푸드마스타(충북 음성군 대소면 대금로 105번길 70) / 농업회사법인 올레㈜(경기도 양주시 장흥면 권율로29번길 115-82),제조일 : 상시 제조 제품으로 유통기한 상이함으로 고객센터(1588-6219) 문의 바랍니다. / 유통기한 : 제조일로부터 12개월,상세페이지 참조,"전복죽 : 정제수, 멥쌀(국산), 전복(외국산:필리핀, 말레이시아, 인도네시아 등), 찹쌀(국산), 생미분, 양파, 표고버섯(국산), 바지락엑기스, 새송이버섯, 마늘, 참기름, 정제소금, 기타가공품, 효모추출물, 향미증진제 / 미니장조림: 본장조림소스[정제수,양조간장{탈지대두(외국산:인도산,미국산,중국산)},야채엑기스{육수농축액(소고기:호주산)},설탕,생강,복합조미식품],쇠고기(호주산)","전복죽: 열량95kcal,나트륨400mg(20%),탄수화물17g(5%),당류0g(0%),콜레스테롤5mg(2%),지방1.8g(3%),트랜스지방0g,포화지방0g(0%),단백질3g(5%) / 미니장조림: 열량65kcal,나트륨630mg,탄수화물5g,당류6g,콜레스테롤140mg,지방1g트랜스지방0g,포화지방0.6g,단백질7g",해당사항 없음,포장지가 날카로우니 개봉 및 섭취 시 주의하시기 바랍니다.,해당사항 없음,1588-6219,,,,,,,,,,,,,,,,,,,,,,,,,,,,,,,,,,,,,,,,,
127,"""온열 마우스패드"" 아이보우 스마트 온열 마우스패드 온열 데스크 전기매트 책상 마우스패드 IVHP-M100","34,900원",touched,온열데스크전기매트 IVHP-M100,,"Zhuji Wopushi Electronic Technology Co., Ltd.",중국OEM,,,,,,제품 이상 시 공정거래위원회 고시 소비자분쟁해결기준에 의거 보상합니다.,아이보우/02-568-1188,,,,,,,,,,,,,,,,,,,,,,,,,,,,,,,,800x320(mm),,,,,,,,,,,,,,2021.12,,,유,"220V~, 60Hz, 77W",,,해당없음,해당없음,해당없음,,
128,"""겨울 핫템"" 카카오프렌즈 스틱형 손난로 보조배터리 5000mAh","34,900원",touched,26650-5000mAh,,주식회사 더블유아이,중국,,,,,,상품상세설명 참조,주식회사 더블유아이 / 02-3494-1255,,,,,,,,,,,,,,,,,,,,,,,,,,,,,,,,,,,,,,,,,,,,,,2022.09,,,YU101071-20003,3.7V,133.15*40(mm) / 122g,상품상세설명 참조,,,,,
129,"""신규컬러 출시""[선물패키지] 오아듀얼미스트 무선 미니가습기 무드등 감성디자인 초음파사무실 (OA-HM048)","27,900원",touched,상세페이지참조,,상세페이지참조,상품상세설명 참조,,,,,,상세페이지참조,상세페이지참조,,,,,,,,,,,,,,,,,,,,,,,,,,,,,,,,상세페이지참조,,,,,,,,,,,,,,상세페이지참조,,,상세페이지참조,상품상세설명 참조,,,상품상세설명 참조,상세페이지참조,상세페이지참조,,
130,[필터2개 추가증정] 카카오프렌즈 춘식이 고구마 박스 무드등 가습기 600ml,"45,900원",touched,카카오프렌즈 가습기,상세페이지표기,더블유아이,상품상세설명 참조,02-3494-1255,,,,,,,,,,,,,,,,,,,,,,,,,,,,,,,,,,,,,,,,,,,,,,,,,,,,,,,,,,,,,,,
131,마이핫 보온대 대용량 핫팩 10개입/BOX,"12,000원",touched,마이핫,안전확인신고번호 B681J001-17001,다봉산업(주),상품상세설명 참조,1800-8994,,,,,,,,,,,,,,,,,,,,,,,,,,,,,,,,,,,,,,,,,,,,,,,,,,,,,,,,,,,,,,,
132,박상병 대용량 핫팩 30팩,"21,700원",touched,박상병 대용량 핫팩 30팩,해당없음.,(주)지엘,상품상세설명 참조,더나은/031-905-6771,,,,,,,,,,,,,,,,,,,,,,,,,,,,,,,,,,,,,,,,,,,,,,,,,,,,,,,,,,,,,,,
133,"""템키퍼"" 당신의 온도를 지켜줄 냉온 조절 텀블러","42,900원",touched,상품상세설명 참조,,상품상세설명 참조,상품상세설명 참조,,,,,,상품상세설명 참조,상품상세설명 참조,,,,,,,,,,,,,,,,,,,,,,,,,,,,,,,,,,,,,,,,,,,,,,상품상세설명 참조,,,상품상세설명 참조,상품상세설명 참조,상품상세설명 참조,상품상세설명 참조,,,,,
134,[경복궁] 한우곰탕 보양세트 (한우사골고기곰탕2팩+사골고기도가니탕2팩+한우사골곰탕2팩),"60,000원",touched,,,,,,,,,,,,,,,,상품상세설명 참조,해당사항 없음,식육추출가공품/비살균제품,㈜비전푸드,제조일로부터 12개월,상품상세설명 참조,해당사항 없음,해당사항 없음,해당사항 없음,제조일로부터 12개월,해당사항 없음,1644-8647,,,,,,,,,,,,,,,,,,,,,,,,,,,,,,,,,,,,,,,,,
135,[사미헌] 한끼갈비탕 3팩 (700g*3팩),"29,600원",touched,,,,,,,,,,,,,,,,상품상세설명 참조,상품상세설명 참조,상품상세설명 참조,상품상세설명 참조,순차출고제품으로 상품마다 상이합니다. 고객센터 문의 바랍니다. 유통기한 : 제조일로부터6개월,상품상세설명 참조,상품상세설명 참조,해당 사항 없음,해당 사항 없음,상품상세설명 참조,해당 사항 없음,상품상세설명 참조,,,,,,,,,,,,,,,,,,,,,,,,,,,,,,,,,,,,,,,,,
136,"""선물/사무실 담요"" 더자리 포근포근 부드러운 솔리드 고밀도 극세사 담요 소형 (75x100)","6,900원",touched,,,상품상세설명 참조,상품상세설명 참조,,,,상품상세설명 참조,,본 제품은 공정거래위원회 고시 소비자 분쟁 해결 기준에 의거하여 교환 또는 보상 받을 수 있습니다.,(주)백광 고객지원센터 031-573-9199,상품상세설명 참조,상품상세설명 참조,담요 1장,"다른 세탁물과 분리하여 세탁/표백제,염색제는 사용 금지/손세탁 또는 세탁기 울코스(이불세탁) 권장",,,,,,,,,,,,,,,,,,,,,,,,,,,,,,,,,,,,,,,,,,,,,,,,,,,,,
137,"""따뜻하게 앉아요"" 이노크아든 북유럽풍 피치스킨 전기방석 2인용 (GP-104C)","26,900원",touched,이노크아든 전기방석 2인용,,(주)한진종합,대한민국,,,,,,공정거래위원회 고시(소비자분쟁해결기준)에 의거하여 보상해 드립니다.,곰표한일 고객센터 051-545-1648,,,,,,,,,,,,,,,,,,,,,,,,,,,,,,,,2인용 : 90*45Cm,,,,,,,,,,,,,,2020년08월,,,HB07144-17032E/MSIP-REM-ksl-GP-104C,"220V,60Hz",,,해당사항없음,해당없음,해당없음,,
138,'따뜻한 귀요미' 크리스마스 선물 손난로 핫팩인형_루돌프,"8,900원",touched,핫팩인형,상품상세설명 참조,제조자 : 메세 / 수입자 : 메세,상품상세설명 참조,메세물류센터 070-7122-6004,,,,,,,,,,,,,,,,,,,,,,,,,,,,,,,,,,,,,,,,,,,,,,,,,,,,,,,,,,,,,,,
139,"""학교/사무실/차박"" 고밀도 5mm 극세사 겨울 밍크 담요 (케이프/80x130) 15종택1","12,900원",touched,,,(주) 비비월드,한국,,,,상품상세설명 참조,,공정거래위원회 고시(소비자분쟁해결기준)에 의거하여 보상,A/S책임자:(주)비비월드 02-567-7802,앞면: 세미 마이크로 100% 뒷면:폴리에스터 100%,화이트/그레이/핑크/베이지,패드 단품,상품상세설명 참조,,,,,,,,,,,,,,,,,,,,,,,,,,,,,,,,,,,,,,,,,,,,,,,,,,,,,
140,[VIPS] 빕스 패밀리 선물세트 2호(오리지널폭립 2개+스파이시폭립 1개+볶음밥5종),"49,900원",touched,,,,,,,,,,,,,,,,빕스 패밀리 선물세트 2호,"씨제이푸드빌(주), 충북 진천군 광혜원면 광혜원산단길 107",상품상세설명 참조,상품상세설명 참조,상시제조로 기재가 어려우니 02-6956-6877로 연락주시면 확인해드리겠습니다.,상품상세설명 참조,상품상세설명 참조,상품상세설명 참조,해당사항 없음,상품상세설명 참조,해당사항 없음,02-6956-6877,,,,,,,,,,,,,,,,,,,,,,,,,,,,,,,,,,,,,,,,,
141,"""SNS 인기아이템"" 2가지 불빛 미니조명 렉슨미나 S사이즈","39,900원",touched,상품상세설명 참조,상품상세설명 참조,상품상세설명 참조,상품상세설명 참조,상품상세설명 참조,,,,,,,,,,,,,,,,,,,,,,,,,,,,,,,,,,,,,,,,,,,,,,,,,,,,,,,,,,,,,,,
142,"""크리스마스"" 22 SS 홀리데이 텀블러 or 콜드컵 (+무료음료쿠폰)","35,000원",touched,상품상세설명 참조,,"Dong Guan Kenxin Plastic &amp; Metal Products Co., LTD, Misaine Innovation Taiwan Co.,Ltd, Dongguan Jie-Bao Metal &amp; Plastic Products Co., Ltd., NEW TECH STAINLESS STEEL PRODUCTS CO. LTD / ㈜에스씨케이컴퍼니 (서울시 중구 퇴계로 100, 8-10층)",중국,,,,,,관련 법 및 소비자 분쟁해결 규정에 따름,카카오 고객센터 : 1544-2431,,,,,,,,,,,,,,,,,,,,,,,,,,,,,,,,상품상세설명 참조,,,,,,,,,,,,상품상세설명 참조,,2022년 11월,,,,,,,,,,상품상세설명 참조,수입식품안전관리특별법에 따른 수입신고를 필함
143,"""🎄🎁✨"" Holiday Gift [코데즈컴바인] 최신상 베이직 브라+팬티 세트 12종 택1","26,000원",touched,,,1. 중성세제를 물에 풀어 솔으로 살살 주물러 주세요. 2. 표백제 사용은 염색 손상의 위험이 있으니 자제해 주세요. 3. 진한 색상의 제품은 이염의 원인이 될 수 있으니 단독 세탁을 권장합니다. 4. 물기는 꽉 짜지 않고 살살 눌러서 빼주세요. 5. 브라의 모양을 잡아 옷걸이에 걸어서 햇볕이 세지 않은 곳에 말려주세요.,202201,,,,필리핀,,무,Y,"브라원단:폴리에스터, 폴리우레탄, 면, 기타 팬티원단1:폴리에스터90%, 폴리우레탄10% 원단2:나일론70%, 폴리우레탄30% 원단3:면100%브라원단:폴리에스터, 폴리우레탄, 면, 기타",상세페이지 참조,,"교환.반품.보증조건 및 품질보증기준은 소비자기본법에 따른 소비자분쟁해결기준에 따라 피해를 보상. 상품수령 후 7일이 경과하거나 세탁, 착용한 제품은 반품.교환이 불가. 세트상품은 부분 반품.교환이 불가.",,,,,,,,,,,,,,,,,,,,,,,,,,,,,고객센터 / 070-4168-0769,,,,,,,,,,,,,,,,,,,,,,,,
144,[연말선물추천] 케이블 폴로 베어 울블렌드 머플러 (3 color),"139,000원",touched,,,랄프로렌코리아 유한회사,상품상세설명 참조,,머플러,상품상세설명 참조,상품상세설명 참조,드라이클리닝,관련 법 및 소비자분쟁해결 규정에 따름,카카오톡 선물하기 고객센터 문의 (1544-2431),,,,,,,,,,,,,,,,,,,,,,,,,,,,,,,,,,,,,,,,,,,,,,,,,,,,,,,,,
145,[남녀공용] 블레르 니트 머플러,"9,900원",touched,,,제이로썸,상품상세설명 참조,,상품상세설명 참조,상품상세설명 참조,상품상세설명 참조,상품상세설명 참조,제품에 이상이 있을경우 공정거래위원회 고시 '소비자분쟁해결 기준'에 의해 보상해드립니다.,제이로썸 1644-4715,,,,,,,,,,,,,,,,,,,,,,,,,,,,,,,,,,,,,,,,,,,,,,,,,,,,,,,,,
146,[VIPS] 빕스 패밀리 선물세트 1호(오리지널폭립 1개+스파이시폭립 1개+볶음밥5종),"39,900원",touched,,,,,,,,,,,,,,,,빕스 패밀리 선물세트 1호,"씨제이푸드빌(주), 충북 진천군 광혜원면 광혜원산단길 107",상품상세설명 참조,상품상세설명 참조,상시제조로 기재가 어려우니 02-6956-6877로 연락주시면 확인해드리겠습니다.,상품상세설명 참조,상품상세설명 참조,상품상세설명 참조,해당사항 없음,상품상세설명 참조,해당사항 없음,02-6956-6877,,,,,,,,,,,,,,,,,,,,,,,,,,,,,,,,,,,,,,,,,
147,"""크리스마스"" 22 홀리데이 스터드 or 주얼드 콜드컵 710ml (+무료음료쿠폰)","30,000원",touched,상품상세설명 참조,,"PACIFIC MARKET INTERNATIONAL, LLC, Ningbo Lisi Houseware Co., Ltd. / ㈜에스씨케이컴퍼니 (서울시 중구 퇴계로 100, 8-10층)",중국,,,,,,관련 법 및 소비자 분쟁해결 규정에 따름,카카오 고객센터 : 1544-2431,,,,,,,,,,,,,,,,,,,,,,,,,,,,,,,,상품상세설명 참조,,,,,,,,,,,,상품상세설명 참조,,2022년 11월,,,,,,,,,,상품상세설명 참조,수입식품안전관리특별법에 따른 수입신고를 필함
148,"""편안함을 함께하는"" 세븐데이즈 요루면 파자마세트 7color, couple","28,900원",touched,,,상품상세설명 참조,상품상세설명 참조,,,,상품상세설명 참조,,상품상세설명 참조,상품상세설명 참조,상품상세설명 참조,상품상세설명 참조,,상품상세설명 참조,,,,,,,,,,,,,,,,,,,,,,,,,,,,,상품상세설명 참조,,,,,,,,,,,,,,,,,,,,,,,,
149,"[단독 선물포장🎁] ""포근한 날만 가득하길"" 시그니처 체크 머플러 / 여자친구 생일 선물 포장","28,000원",touched,,,얼모스트블루,대한민국,,머플러,acrylic,상품상세설명 참조,제품에 이물질이 묻었을 경우 젖은 헝겊으로 오염부분을 조심히 닦아주세요. 세탁 필요 시 드라이클리닝을 권장 드립니다.,관련 법령에 따름,얼모스트블루 070-8800-7527,,,,,,,,,,,,,,,,,,,,,,,,,,,,,,,,,,,,,,,,,,,,,,,,,,,,,,,,,
150,[웨지우드 카카오단독] 티타임 머그 선물 세트 (머그 2p + TEA 25입),"58,000원",touched,페스티비티 커피잔 라즈베리 2인조 + 홍차 선물세트,,제조자:웨지우드/ 수입자:㈜한국웨지우드마케팅,인도네시아,,,,,,관련법 및 소비자 분쟁해결 기준에 따름,㈜한국웨지우드마케팅 02-3446-8331,,,,,,,,,,,,,,,,,,,,,,,,,,,,,,,,"티컵지름 10cm, 높이 6cm/ 받침 지름 16cm",,,,,,,,,,,,도자기제(본차이나),,2021년 05월,,,,,,,,,,"티컵 2p, 받침 2p, 홍차 선물세트 16티백",식품위생법에 따른 수입신고를 필함
151,[1+1]데일리&트렌디 커플 파자마 10종,"49,900원",touched,,,(주)파리즈협력사,중국,,,,상품상세설명 참조,,전자상거래법 및 관련법 준수,상품상세설명 참조,상품상세설명 참조,상품상세설명 참조,,손세탁,,,,,,,,,,,,,,,,,,,,,,,,,,,,,상품상세설명 참조,,,,,,,,,,,,,,,,,,,,,,,,
152,"""집에서도 예쁜"" 꿀잠 파자마 상하의 세트 20종 택1","24,900원",touched,,,제이나나,상품상세설명 참조,,,,상품상세설명 참조,,제품에 이상이 있을경우 공정거래위원회 고시 '소비자분쟁해결 기준'에 의해 보상해드립니다.,제이나나 1644-4715,상품상세설명 참조,상품상세설명 참조,,상품상세설명 참조,,,,,,,,,,,,,,,,,,,,,,,,,,,,,22년 08월 이후,,,,,,,,,,,,,,,,,,,,,,,,
153,[경복궁] 전통 한 상 세트(한우떡갈비+한우사골고기곰탕+칼집 LA갈비),"52,900원",touched,,,,,,,,,,,,,,,,상품상세설명 참조,상품상세설명 참조,상품상세설명 참조,상품상세설명 참조,제조일로부터 1년,상품상세설명 참조,상품상세설명 참조,상품상세설명 참조,해당사항 없음,상품상세설명 참조,상품상세설명 참조,상품상세설명 참조,,,,,,,,,,,,,,,,,,,,,,,,,,,,,,,,,,,,,,,,,
154,"""크리스마스"" 22 SS 홀리데이 텀블러 or 콜드컵 473ml (+무료음료쿠폰)","33,000원",touched,상품상세설명 참조,,"ZHEJIANG HAERS VACUUM CONTAINERS CO.,LTD, Dong Guan Kenxin Plastic &amp; Metal Products Co., LTD, DONG GUAN KENXIN PLASTIC AND METAL PRODUCTS CO., LTD / ㈜에스씨케이컴퍼니 (서울시 중구 퇴계로 100, 8-10층)",중국,,,,,,관련 법 및 소비자 분쟁해결 규정에 따름,카카오 고객센터 : 1544-2431,,,,,,,,,,,,,,,,,,,,,,,,,,,,,,,,상품상세설명 참조,,,,,,,,,,,,상품상세설명 참조,,2022년 11월,,,,,,,,,,상품상세설명 참조,수입식품안전관리특별법에 따른 수입신고를 필함
155,"""집들이선물추천"" [11종 택1] 따뜻하고 귀여운 겨울 캐릭터 털 층간소음 슬리퍼/실내화","15,900원",touched,,,상품상세설명 참조,상품상세설명 참조,,상품상세설명 참조,상품상세설명 참조,,상품상세설명 참조,상품상세설명 참조,상품상세설명 참조,,상품상세설명 참조,,,,,,,,,,,,,,,,,,,,,,,,,,,,,,상품상세설명 참조,,,,,,,,,,,,,,,,,,,,,,,,,
156,"""앤의 감성이 그대로"" [울랄라X빨강머리앤] F/W 신상 파자마 모음","34,900원",touched,,,상품상세설명 참조,상품상세설명 참조,,,,상품상세설명 참조,,전자상거래법률의거,김진미 | 02-2233-8809 | | pis9353@naver.com,상품상세설명 참조,상품상세설명 참조,,상품상세설명 참조,,,,,,,,,,,,,,,,,,,,,,,,,,,,,상품상세설명 참조,,,,,,,,,,,,,,,,,,,,,,,,
157,"""🎁선물추천🎁"" [게스언더웨어] 솔리드 베이직 브라 팬티 세트 12종 택1","28,000원",touched,,,㈜코튼클럽,필리핀,,,,상세페이지 참조,,"교환.반품.보증조건 및 품질보증기준은 소비자기본법에 따른 소비자분쟁해결기준에 따라 피해를 보상. 상품수령 후 7일이 경과하거나 세탁, 착용한 제품은 반품.교환이 불가. 세트상품은 부분 반품.교환이 불가.",고객센터 / 02-541-8584,"브라원단: 폴리에스터,폴리우레탄,면,기타 팬티원단1:폴리에스터90%, 폴리우레탄10% / 원단2:나일론65%, 폴리우레탄35% / 원단3:면100%",상세페이지 참조,,1. 중성세제를 물에 풀어 솔으로 살살 주물러 주세요. 2. 표백제 사용은 염색 손상의 위험이 있으니 자제해 주세요. 3. 진한 색상의 제품은 이염의 원인이 될 수 있으니 단독 세탁을 권장합니다. 4. 물기는 꽉 짜지 않고 살살 눌러서 빼주세요. 5. 브라의 모양을 잡아 옷걸이에 걸어서 햇볕이 세지 않은 곳에 말려주세요.,,,,,,,,,,,,,,,,,,,,,,,,,,,,,202203,,,,,,,,,,,,,,,,,,,,,,,,
158,빕스 홈레스토랑 선물세트 1호 오리지널 폭립 2개+핫 스노잉치즈 폭립 1개,"39,900원",touched,,,,,,,,,,,,,,,,상품상세설명 참조,상품상세설명 참조,상품상세설명 참조,상품상세설명 참조,제조일 : 순차출고제품으로 상이함으로 고객센터 문의 바랍니다. / 유통기한 : 제조일로부터 1년,상품상세설명 참조,상품상세설명 참조,상품상세설명 참조,해당사항 없음,상품상세설명 참조,상품상세설명 참조,02-6956-6877,,,,,,,,,,,,,,,,,,,,,,,,,,,,,,,,,,,,,,,,,
159,"""22F/W NEW"" [게스언더웨어] 에어로쿨 아웃밴드 노와이어 브라팬티 세트 8종 택1","32,000원",touched,,,(주)코튼클럽(게스언더웨어),상품상세설명 참조,,,,상품상세설명 참조,,"상품수령후 7일이 경과하거나 세탁, 착용한 제품은 반품/교환이 불가 (소비자기본법에 따름)",고객센터 / 02-541-8584,"브라원단:폴리에스터,폴리우레탄,면,기타 팬티원단1:폴리에스터90%, 폴리우레탄10% / 원단2:나일론70%, 폴리우레탄30% / 원단3:면100%",상품상세설명 참조,,* 중성세제를 물에 풀어 솔으로 살살 주물러 주세요. * 표백제 사용은 염색 손상의 위험이 있으니 자제해 주세요. * 진한 색상의 제품은 이염의 원인이 될 수 있으니 단독 세탁을 권장합니다. * 물기는 꽉 짜지 않고 살살 눌러서 빼주세요. * 브라의 모양을 잡아 옷걸이에 걸어서 햇볕이 세지 않은 곳에 말려주세요.,,,,,,,,,,,,,,,,,,,,,,,,,,,,,20200101,,,,,,,,,,,,,,,,,,,,,,,,
160,집순이 빅후드담요 곰도리ver.(빅후드담요 +양말set)(톡별)_2,"29,900원",touched,상품상세설명 참조,상품상세설명 참조,상품상세설명 참조,상품상세설명 참조,상품상세설명 참조,,,,,,,,,,,,,,,,,,,,,,,,,,,,,,,,,,,,,,,,,,,,,,,,,,,,,,,,,,,,,,,
161,[코데즈컴바인] 남성 베이직 신상 드로즈3팩 9종 택1,"36,000원",touched,,,(주)코앤컴,필리핀 또는 베트남,,,,상세페이지참조,,상세페이지참조,02-512-9577,"폴리에스터,폴리우레탄,나일론,기타",상세페이지참조,,상세페이지참조,,,,,,,,,,,,,,,,,,,,,,,,,,,,,202012,,,,,,,,,,,,,,,,,,,,,,,,
162,"""겨울에는 함께"" 얼모스트블루x베니르 위클리 머플러 / 커플 여자친구 남자친구 선물","28,000원",touched,,,얼모스트블루,대한민국,,머플러,acrylic 100%,상품상세설명 참조,제품에 이물질이 묻었을 경우 젖은 헝겊으로 오염부분을 조심히 닦아주세요. 세탁 필요 시 드라이클리닝을 권장 드립니다.,관련 법령에 따름,얼모스트블루 070-8800-7527,,,,,,,,,,,,,,,,,,,,,,,,,,,,,,,,,,,,,,,,,,,,,,,,,,,,,,,,,
163,"""연말/홈파티"" [선물하기 단독 Gift Box 증정] 스타벅스 by 네스프레소 캡슐커피 선물세트","41,900원",touched,,,,,,,,,,,,,,,,상품상세설명 참조,상품상세설명 참조,상품상세설명 참조,상품상세설명 참조,"22.03.01 이후 제조, 유통기한은 제조일로부터 12~14개월",상품상세설명 참조,상품상세설명 참조,상품상세설명 참조,해당사항 없음,상품상세설명 참조,수입식품안전관리특별법에따른 수입신고를 필함,070-8845-2848,,,,,,,,,,,,,,,,,,,,,,,,,,,,,,,,,,,,,,,,,
164,[질바이질스튜어트] 울캐시미어혼방 머플러 6종 택1,"52,900원",touched,,,LF / 해당없음,상품상세설명 참조,,머플러,울 캐시미어 혼방,37 X 186(가로X세로) (재는 위치에 따라 약간의 오차가 있을 수 있습니다.),1.본 제품은 드라이크리닝만 가능합니다. (물세탁 불가) 2.단추나 액세서리는 세탁 시 손상될 수 있으므로 은박지에 싸거나 분리하여 주십시오. 3.마찰에 의해 보푸라기가 발생될 수 있으므로 착용 후 가볍게 손질하여 주십시오. * 세탁시 물이 빠질 수 있으므로 다른 제품과 분리하여 단독 세탁 바랍니다.,구매일로부터 6개월간/ 그 외 기준은 관련법 및 소비자분쟁해결 규정에 따름,070-7571-5110,,,,,,,,,,,,,,,,,,,,,,,,,,,,,,,,,,,,,,,,,,,,,,,,,,,,,,,,,
165,"""꼭 필요한 양말"" 절대 벗겨지지 않는 양말 시리즈 13종 (모든종류) (매일양말)","13,900원",touched,,,빅클,상품상세설명 참조,,상품상세설명 참조,상품상세설명 참조,상품상세설명 참조,화이트 색상 세탁시 주의,구입 후 불량사실이 확인되면 교환,07082852210,,,,,,,,,,,,,,,,,,,,,,,,,,,,,,,,,,,,,,,,,,,,,,,,,,,,,,,,,
166,"""따뜻한 선물추천"" 남녀공용 세티아 오버 사이즈 캐시미어 머플러 12종 택1","8,900원",touched,,,모모 협력업체,상품상세설명 참조,,머플러,상품상세설명 참조,상품상세설명 참조,세탁시 드라이크리닝,공정거래위원회 고시 소비자 분쟁해결 기준에 의거 교환 또는 보상해드립니다.,snr / 070-7734-4567,,,,,,,,,,,,,,,,,,,,,,,,,,,,,,,,,,,,,,,,,,,,,,,,,,,,,,,,,
167,위글위글 쿠션 담요,"34,200원",touched,상품상세설명 참조,상품상세설명 참조,상품상세설명 참조,상품상세설명 참조,상품상세설명 참조,,,,,,,,,,,,,,,,,,,,,,,,,,,,,,,,,,,,,,,,,,,,,,,,,,,,,,,,,,,,,,,
168,꿀잠~ 파자마 세트 12종 택1,"19,900원",touched,,,(주)앤드스타일 협력사,상품상세설명 참조,,,,상품상세설명 참조,,전자상거래법 및 관련법 준수,1599-2507,상품상세설명 참조,상품상세설명 참조,,손세탁,,,,,,,,,,,,,,,,,,,,,,,,,,,,,2022.09,,,,,,,,,,,,,,,,,,,,,,,,
169,[2벌구성] '소소하지만 확실한 행복' 신혼부부 커플잠옷 파자마 세트 15종 택2,"79,900원",touched,,,JYGcompany.Inc,상품상세설명 참조,,,,"남성95,100,105,여성FREE",,상품상세설명 참조,02-6956-6788(월~금10:00~17:00/점심시간13:00~14:00),상품상세설명 참조,상품상세설명 참조,,상품상세설명 참조,,,,,,,,,,,,,,,,,,,,,,,,,,,,,2022년7월~,,,,,,,,,,,,,,,,,,,,,,,,
170,"""잘했고 잘하고 있고 잘 될 것이다"" + 리브인리프 꽃다발","38,500원",touched,책과꽃다발,해당없음,리브인리프,한국,리브인리프 02-517-3259,,,,,,,,,,,,,,,,,,,,,,,,,,,,,,,,,,,,,,,,,,,,,,,,,,,,,,,,,,,,,,,
171,마이크리스마스쿠키 춘식이 파자마 인형,"39,000원",touched,마이크리스마스쿠키 춘식이 파자마 인형 8809814929178,,토이스토리,중국,,,,,,본 제품은 공정거래위원회 고시 소비자 분쟁해결기준에 의거 교환 및 보상을 받으실 수 있습니다.,카카오프렌즈 고객센터 1577-6263,,혼합,,,,,,,,,,,,,,,,,,,,,,,,,,,,,,,,,,,,,,,,,,"폴리에스터96%, 폴리우레탄4%, 폴리에스터100%",만 3세 이상,2022.11,1. 포장은 반드시 부모님(보호자)께서 개봉해 주시고 분리수거해 주십시오. 2. 제품 용도 이외에는 사용하지 마십시오. 3. 입에 넣고 물거나 빨지 않도록 주의하십시오. 4. 불에 직접 닿거나 가까이하지 마십시오. 5. 세탁기 사용을 금하고 손으로 세탁하여 주십시오. 6. 물에 젖을 경우 그늘에서 말려 주십시오.,"210*180*380mm, 385g",CB063R10012-2021,,,,,,,,
172,[연말선물추천] 리버시블 울 블렌드 머플러 (5 color),"129,000원",touched,,,랄프로렌코리아 유한회사,상품상세설명 참조,,머플러,울 나일론,183cm (길이) x 25cm (폭),드라이클리닝,관련 법 및 소비자분쟁해결 규정에 따름,카카오톡 선물하기 고객센터 문의 (1544-2431),,,,,,,,,,,,,,,,,,,,,,,,,,,,,,,,,,,,,,,,,,,,,,,,,,,,,,,,,
173,"""집들이/결혼선물"" 남녀커플 파자마 & 디퓨져 세트(파자마 2세트+디퓨져+엽서+선물포장)","59,900원",touched,,,제이나나,상품상세설명 참조,,,,상품상세설명 참조,,1주일,제이나나 1644-4715,상품상세설명 참조,상품상세설명 참조,,상품상세설명 참조,,,,,,,,,,,,,,,,,,,,,,,,,,,,,22년 08월 이후,,,,,,,,,,,,,,,,,,,,,,,,
174,"[따뜻한선물] ""주머니에 쏘옥"" Sanrio 산리오캐릭터즈 포켓 핫팩 세트 (20매)","18,000원",touched,[Sanrio] 산리오캐릭터즈 포켓 핫팩 (20개),해당없음,다봉산업주식회사,대한민국,텐바이텐 고객행복센터 1644-6035,,,,,,,,,,,,,,,,,,,,,,,,,,,,,,,,,,,,,,,,,,,,,,,,,,,,,,,,,,,,,,,
175,"""선물하기 좋은"" 울랄라 F/W 커플 파자마 모음","39,900원",touched,,,상품상세설명 참조,상품상세설명 참조,,,,상품상세설명 참조,,상품상세설명 참조,CS담당자 1666-8861,상품상세설명 참조,상품상세설명 참조,,상품상세설명 참조,,,,,,,,,,,,,,,,,,,,,,,,,,,,,상품상세설명 참조,,,,,,,,,,,,,,,,,,,,,,,,
176,[당일발송] 사고르 터치 니트장갑 (9color),"15,000원",touched,,,상품상세설명 참조,상품상세설명 참조,,상품상세설명 참조,상품상세설명 참조,상품상세설명 참조,상품상세설명 참조,상품상세설명 참조,상품상세설명 참조,,,,,,,,,,,,,,,,,,,,,,,,,,,,,,,,,,,,,,,,,,,,,,,,,,,,,,,,,
177,"""이거슨 꿀잠맛집"" 찹쌀떡 모찌모찌 왕베개","29,900원",touched,,,상품상세설명 참조,상품상세설명 참조,,,,상품상세설명 참조,,상품상세설명 참조,a/s 불가제품,상품상세설명 참조,상품상세설명 참조,상품상세설명 참조,상품상세설명 참조,,,,,,,,,,,,,,,,,,,,,,,,,,,,,,,,,,,,,,,,,,,,,,,,,,,,,
178,[본사공식정품] 고비 리버시블 캐시미어 100% 머플러 2종 택1 (+기프트포장),"119,000원",touched,,,고비 코퍼레이션,몽골,,머플러,캐시미어,170x30cm(수술제외),드라이클리닝 권장,소비자보호법 준수,고비코리아 / 1577-4733,,,,,,,,,,,,,,,,,,,,,,,,,,,,,,,,,,,,,,,,,,,,,,,,,,,,,,,,,
179,[1+1]신상 스윗 커플 파자마 10종,"49,900원",touched,,,(주)파리즈협력사,중국,,,,상품상세설명 참조,,전자상거래법 및 관련법 준수,파리즈/02-737-3506,상품상세설명 참조,상품상세설명 참조,,손세탁,,,,,,,,,,,,,,,,,,,,,,,,,,,,,2022.08,,,,,,,,,,,,,,,,,,,,,,,,
180,"""차분한 게으름을 위한 준비"" 데이지 체크 요루면 긴팔 파자마세트 3color,2size","29,900원",touched,,,상품상세설명 참조,상품상세설명 참조,,,,상품상세설명 참조,,상품상세설명 참조,상품상세설명 참조,상품상세설명 참조,상품상세설명 참조,,상품상세설명 참조,,,,,,,,,,,,,,,,,,,,,,,,,,,,,상품상세설명 참조,,,,,,,,,,,,,,,,,,,,,,,,
181,[연말선물추천] 케이블 니트 울 블렌드 머플러 (5 color),"159,000원",touched,,,랄프로렌코리아 유한회사,상품상세설명 참조,,머플러,울 나일론,183cm (길이) x 25cm (폭),드라이클리닝,관련 법 및 소비자분쟁해결 규정에 따름,카카오톡 선물하기 고객센터 문의 (1544-2431),,,,,,,,,,,,,,,,,,,,,,,,,,,,,,,,,,,,,,,,,,,,,,,,,,,,,,,,,
182,Quokka Dumpling Pouch,"20,000원",touched,Quokka Dumpling Pouch,해당없음,Dinotaeng,China,070-8065-3455,,,,,,,,,,,,,,,,,,,,,,,,,,,,,,,,,,,,,,,,,,,,,,,,,,,,,,,,,,,,,,,
183,"[단독 선물포장🎁] ""널 따뜻하게 안아줄"" 허그 체크 머플러 / 여자친구 생일 선물 포장","24,800원",touched,,,얼모스트블루,대한민국,,머플러,acrylic 100%,상품상세설명 참조,제품에 이물질이 묻었을 경우 젖은 헝겊으로 오염부분을 조심히 닦아주세요. 세탁 필요 시 드라이클리닝을 권장 드립니다.,관련 법령에 따름,얼모스트블루 070-8800-7527,,,,,,,,,,,,,,,,,,,,,,,,,,,,,,,,,,,,,,,,,,,,,,,,,,,,,,,,,
184,[핸드메이드] '따뜻한 겨울 보내길' 보들 포근 남녀공용 국산 목도리 머플러 40종 택1,"16,900원",touched,,,Jarmonic.Inc 협력업체,상품상세설명 참조,,목도리,상품상세설명 참조,상품상세설명 참조,상품상세설명 참조,상품상세설명 참조,02-6956-6788(월~금10:00~17:00/점심시간13:00~14:00),,,,,,,,,,,,,,,,,,,,,,,,,,,,,,,,,,,,,,,,,,,,,,,,,,,,,,,,,
185,"""앤 선물박스 증정"" [울랄라X빨강머리앤] 긴팔 페어 파자마 모음","36,900원",touched,,,상품상세설명 참조,상품상세설명 참조,,,,상품상세설명 참조,,전자상거래법률의거,CS담당자 1666-8861,상품상세설명 참조,상품상세설명 참조,,상품상세설명 참조,,,,,,,,,,,,,,,,,,,,,,,,,,,,,상품상세설명 참조,,,,,,,,,,,,,,,,,,,,,,,,
186,집순이를 위한 사계절 파자마세트 (12종 1택),"12,900원",touched,집순이를 위한 사계절 파자마세트 (12종 1택),해당없음,(주)바나나코퍼레이션,중국,070-7649-1717,,,,,,,,,,,,,,,,,,,,,,,,,,,,,,,,,,,,,,,,,,,,,,,,,,,,,,,,,,,,,,,
187,마이크리스마스쿠키 스노우볼,"29,000원",touched,,,굿앤디자인,중국,,스노우볼,"유리, 물, 레진",구 지름 : 6.5cm 바닥 지름 : 6.6cm 높이 : 8.6cm,"1. 용도 이외에는 사용하지 마십시오 2. 유리 제품이므로 충격 및 급격한 온도 변화에 의한 파손 및 상해에 주의하십시오. 3. 화기, 직사광선 및 고온은 피하십시오. 4. 오염 시 마른 천으로 닦으십시오. 5. 온도나 습도가 높은 곳에서 보관하시면 기포기 생길수 있으니  반드시 상온에 보관하십시오. 6. 어린이의 손이 닿지 않는 곳에 보관하십시오. 7. 제작 공정 상 마감이 일정하지 않거나 유리 표면, 제품 몸체, 바닥면 등에 스크래치나 기포가 발생할 수 있습니다. 8. 워터볼 구조상 굴절로 보는 각도에 따라 내부 수평이 맞지 않아 보일 수 있습니다. 9. 사용자의 부주의로 인한 파손 및 불량은 당사에서 책임지지 않습니다.",본 제품은 공정거래위원회 고시 소비자 분쟁해결기준에 의거 교환 및 보상을 받으실 수 있습니다.,카카오프렌즈 고객센터 1577-6263,,,,,,,,,,,,,,,,,,,,,,,,,,,,,,,,,,,,,,,,,,,,,,,,,,,,,,,,,
188,"""안아주오리"" 130cm 애착 대형 인형 바디필로우 촉감 중독","21,900원",touched,상품상세설명 참조,상품상세설명 참조,상품상세설명 참조,중국,070-4300-6757 / 데미무드 카톡 채널,,,,,,,,,,,,,,,,,,,,,,,,,,,,,,,,,,,,,,,,,,,,,,,,,,,,,,,,,,,,,,,
189,나이키 NSW FW 신상 클럽 후디 기모 후드2종 택일,"38,500원",touched,,,NIKE,상세참조,,,,상세참조,,관련 법 및 소비자 분쟁해결 규정에 따름,주) 인퓨전프로젝 (1644-1889),상세참조,상세참조,,케어라벨참조,,,,,,,,,,,,,,,,,,,,,,,,,,,,,상세참조,,,,,,,,,,,,,,,,,,,,,,,,
190,카카오프렌즈 밍크 소프트 담요(75x100)_레인보우춘식,"14,900원",touched,,,상세페이지참조,상세페이지참조,,,,상세페이지참조,,관련법 및 소비자 분쟁해결 기준에 따름,더프렌즈/010-7507-3096,상세페이지참조,상세페이지참조,상세페이지참조,상세페이지참조,,,,,,,,,,,,,,,,,,,,,,,,,,,,,,,,,,,,,,,,,,,,,,,,,,,,,
191,카카오프렌즈 밍크 소프트 담요(100x150)_레인보우춘식,"19,900원",touched,,,상세페이지참조,상세페이지참조,,,,상세페이지참조,,관련법 및 소비자 분쟁해결 기준에 따름,더프렌즈/010-7507-3096,상세페이지참조,상세페이지참조,상세페이지참조,상세페이지참조,,,,,,,,,,,,,,,,,,,,,,,,,,,,,,,,,,,,,,,,,,,,,,,,,,,,,
192,[당일발송] 리온 귀도리 (3color),"11,900원",touched,,,상품상세설명 참조,상품상세설명 참조,,상품상세설명 참조,상품상세설명 참조,상품상세설명 참조,상품상세설명 참조,상품상세설명 참조,상품상세설명 참조,,,,,,,,,,,,,,,,,,,,,,,,,,,,,,,,,,,,,,,,,,,,,,,,,,,,,,,,,
193,"""집들이/생일선물"" [선물포장/카드] 천연가습기 자연기화식 가습제 정화석+접시","29,900원",touched,,,,,,,,,,,,,,,,,,,,,,,,,,,고객센터 070-7424-7711,,,,,,,,,,,,,,,,,,천연정화석+접시,상품상세설명 참조,본 상품은 해당 물류센터 직발송 상품인 관계로 제조연월일 및 유통기한 정보가 매번 변경되어 정확한 정보제공이 어렵습니다.,상품상세설명 참조,상품상세설명 참조,대한민국 (주)온다숲,비대상,상품상세설명 참조,상품상세설명 참조,안전확인대상 자가검사번호  천연정화석 CB21-13-0885,,,,,,,,,,,,,,
194,프릳츠 콜드브루와 유리잔 듀오 (쇼핑백 포함),"25,000원",touched,,,,,,,,,,,,,,,,프릳츠 콜드브루와 유리잔 듀오,해당사항 없음,액상커피,(주)에스씨아일랜드,"제조일로부터 3개월(본 제품은 입고일에 따라 제조연월일이 상이하므로, 소비자 상담실(02-3275-2047)을 통해 문의주시면 안내해드리겠습니다.)","콜드브루 300ml 1병, 유리잔","자몽종자추출물0.1%, 커피추출액99.9%(고형성분3.0%이상) [실버] 정제수볶은커피:코스타리카60%, 엘살바도르30% [골드] 정제수볶은커피: 인도50%, 엘살바도르30%, 코스타리카20% [딥슬립] 정제수볶은커피:콜롬비아100%","1회 제공량당 함량 : 열량 4.7kcal, 탄수화물 1g(0.3%), 당류 0g, 단백질 0g(0%), 지방 0g, 포화지방 0g(0%), 트랜스지방 0g, 콜레스테롤 0mg(0%), 나트륨 0mg(0%)",해당사항 없음,상품상세설명 참조,해당사항 없음,프릳츠 고객센터 02-3275-2047,,,,,,,,,,,,,,,,,,,,,,,,,,,,,,,,,,,,,,,,,
195,집순이를 위한 보들보들 파자마세트 (8종 1택),"24,900원",touched,집순이를 위한 보들보들 파자마세트 (8종 1택),해당사항없음,핑크바나나,상품상세설명 참조,070-7649-1717,,,,,,,,,,,,,,,,,,,,,,,,,,,,,,,,,,,,,,,,,,,,,,,,,,,,,,,,,,,,,,,
