,name,price,type,품명 및 모델명,색상,재질,제조사,제조국,사용연령 또는 체중범위,출시년월,"취급방법 및 취급시 주의사항, 안전표시 (주의, 경고 등)","크기, 중량",KC 인증 필 유무,품질보증기준,A/S 책임자,구성품,크기,수입식품안전관리특별법에 따른 수입신고,"법에 의한 인증, 허가 등을 받았음을 확인할 수 있는 경우 그에 대한 사항",A/S 책임자와 전화번호 또는 소비자상담 관련 전화번호,정격전압/소비전력,"크기,무게",주요 사양,종류,소재,치수,취급시 주의사항,제품 소재,제품구성,세탁방법/취급시 주의사항,도서명,저자,출판사,쪽수,출간일,목차 또는 책소개,품목 및 제품명,용도 및 제형,제조연월 및 유통기한,"중량, 용량, 매수","효과,효능",제조국 및 제조사,어린이 보호포장 대상 제품 유무,제품에 사용된 화학물질 명칭,사용상 주의사항,신고번호 또는 승인번호,소비자 상담 관련 전화번호,품명,주요 소재,배송 설치 비용,"크기,중량",상품별 세부사양
0,냥냥 라이언 인형,"29,000원",funny,냥냥 라이언 인형 8809814928584,혼합,"[표면] 폴리에스터 96%, 폴리우레탄 4% [충전재] 폴리에스터 100%",토이스토리,중국,만 3세 이상,2022.10,1. 포장은 반드시 부모님(보호자)께서 개봉해 주시고 분리수거해 주십시오. 2. 제품 용도 이외에는 사용하지 마십시오. 3. 입에 넣고 물거나 빨지 않도록 주의하십시오. 4. 불에 직접 닿거나 가까이하지 마십시오. 5. 세탁기 사용을 금하고 손으로 세탁하여 주십시오. 6. 물에 젖을 경우 그늘에서 말려 주십시오.,"190*150*290mm, 260g",CB063R10164-2007,본 제품은 공정거래위원회 고시 소비자 분쟁해결기준에 의거 교환 및 보상을 받으실 수 있습니다.,카카오프렌즈 고객센터 1577-6263,,,,,,,,,,,,,,,,,,,,,,,,,,,,,,,,,,,,,
1,"""딱! 한잔만 해요"" 알럽하우스 대형소주잔 한방울잔 2P (+오광엽서1장)","9,800원",funny,알럽하우스 왕소주잔,,봉규산유리,by,상품상세설명 참조,,2019.03,,,,공정위에서 정한 기준에 따름,알럽하우스 안심센터 010-2262-8588,알럽하우스 왕소주잔 2P,상품상세참조,식품위생법에 따른 수입신고를 필함,,,,,,,,,,,,,,,,,,,,,,,,,,,,,,,,,,
2,꼬리가 움직이는 춘식이 필로우,"29,000원",funny,꼬리가 움직이는 춘식이 필로우 8809814928140,혼합,"[표면] 폴리에스터 96%, 폴리우레탄 4% [충전재] 폴리에스터 100%",토이스토리,중국,만 3세 이상,2022.10,1. 포장은 반드시 부모님(보호자)께서 개봉해 주시고 분리수거해 주십시오. 2. 제품 용도 이외에는 사용하지 마십시오. 3. 입에 넣고 물거나 빨지 않도록 주의하십시오. 4. 불에 직접 닿거나 가까이하지 마십시오. 5. 세탁기 사용을 금하고 손으로 세탁하여 주십시오. 6. 물에 젖을 경우 그늘에서 말려 주십시오.,"140*250*200mm, 215g",CB063R10164-2005,본 제품은 공정거래위원회 고시 소비자 분쟁해결기준에 의거 교환 및 보상을 받으실 수 있습니다.,카카오프렌즈 고객센터 1577-6263,,,,,,,,,,,,,,,,,,,,,,,,,,,,,,,,,,,,,
3,대충 만든 춘식인데요 롱팔인형,"20,000원",funny,대충 만든 춘식인데요 롱팔인형 8809814928560,혼합,"[표면] 폴리에스터 96%, 폴리우레탄 4% [솜] 폴리에스터 100%",토이스토리,중국,만 3세이상,2022.09,1. 포장은 반드시 부모님(보호자)께서 개봉해 주시고 분리수거해 주십시오. 2. 제품 용도 이외에는 사용하지 마십시오. 3. 입에 넣고 물거나 빨지 않도록 주의하십시오. 4. 불에 직접 닿거나 가까이하지 마십시오. 5. 세탁기 사용을 금하고 손으로 세탁하여 주십시오. 6. 물에 젖을 경우 그늘에서 말려 주십시오.,"34 X 9 X 43 CM, 200g",CB063R10162-2004,본 제품은 공정거래위원회 고시 소비자 분쟁해결기준에 의거 교환 및 보상을 받으실 수 있습니다.,카카오프렌즈 고객센터 1577-6263,,,,,,,,,,,,,,,,,,,,,,,,,,,,,,,,,,,,,
4,"""쓸모없는 선물"" 움직이는 멕시코 선인장 (+녹음기능, 노래) 춤추는 인형 생일선물 쓸데없는 신박한 선물","19,800원",funny,Dancing Cactus,,,"Yangzhou Power Dream Factory Tools Co., Ltd (에고이즘)",중국,,,,,,,,,,,R-R-Slz-dancing-cactus,010-2552-8957,,,,,,,,,,,,,,,,,,,,,,,,,,,,,,,,
5,"""쓸모없는 선물"" 별의 컵이 비니 생일선물 쓸데없는 신박한 선물","8,900원",funny,상품상세설명 참조,,,상품상세설명 참조,상품상세설명 참조,,,,,,,,,,,상품상세설명 참조,상품상세설명 참조,,,,,,,,,,,,,,,,,,,,,,,,,,,,,,,,
6,"""NEW 소주메이트"" 수고한 당신을 위한 혼술, 로이체 자동 소주 디스펜서+소주잔 (톡별)","25,900원",funny,상품상세설명 참조,,,상품상세설명 참조,상품상세설명 참조,,2020년 12월,,,상품상세설명 참조,관련 법 및 소비자 분쟁해결 규정에 따름,(주)로이체 02-711-0077,,,,,,상품상세설명 참조,상품상세설명 참조,상품상세설명 참조,,,,,,,,,,,,,,,,,,,,,,,,,,,,,
7,[1+1/총2개세트] 방콕 집순이 후드 담요 (집순이담요),"29,900원",funny,방콕 집순이 후드담요,,,바나나빌딩,상품상세설명 참조,,,,,,,,,,,해당사항 없음,070-7649-1717,,,,,,,,,,,,,,,,,,,,,,,,,,,,,,,,
8,"""스트레스 풀리는"" 짱구 라인쿠션 유리토끼","22,500원",funny,짱구 라인쿠션 유리토끼,브라운,폴리에스터,(주)누리플러스,중국,3세이상,2022.03~,입으로 물거나 빨지 마시오. 불에 직접 닿거나 화기에가까이 두지 말 것!,20X48cm / 330g,안전인증,A/S 책임자,,,,,,,,,,,,,,,,,,,,,,,,,,,,,,,,,,,,,,
9,오늘 밤 '핫하게' 코끼리 이벤트 남성 티팬티 속옷 기념일 쓸모없는 선물,"6,900원",funny,,,,상품상세설명 참조,중국,,,,,,상품상세설명 참조,02-6956-6788(월~금 10:00~17:00 점심시간13:00~14:00),,,,,,,,,언더웨어,상품상세설명 참조,상품상세설명 참조,"손세탁권장, 건조기 사용 금지",,,,,,,,,,,,,,,,,,,,,,,,,
10,"""응원/힐링"" 반려 돌 키우기 애완 힐링템 스트레스OUT 감성 생일선물 쓸데없는 신박한 선물","12,800원",funny,상품상세설명 참조,,,상품상세설명 참조,상품상세설명 참조,,,,,,,,,,,상품상세설명 참조,상품상세설명 참조,,,,,,,,,,,,,,,,,,,,,,,,,,,,,,,,
11,"""진로 한 잠 어때?"" 진로 소주병 빅 바디필로우 100cm 쿠션 (톡별)","39,900원",funny,,상세페이지 기재,,(주)나라홈데코,중국,,,,,,공정거래위원회 고시 소비자 분쟁 해결기준에 따름,070-4335-5522,,,,,,,,,,,25x100 cm,,겉감 - 폴리에스터100%／충전재 - 폴리에스터100%,필로우 1개,· 미지근한 물에 중성세제를 사용하십시오. · 물에 오래 담궈 놓지 마십시오. · 스팀 건조 하지 하십시오. · 세제는 되도록 적게 사용하십시오. · 섬유유연제 사용 하지 마십시오. · 불에 닿지 않도록 주의하십시오. · 소비자 부주의로 인한 제품 손실은 보상 되지 않으니 주의하십시오.,,,,,,,,,,,,,,,,,,,,,,
12,"""SNS 인싸템"" 따라쟁이 춤추는 선인장(녹음기능,노래) 생일 인형 집들이 특이한 인테리어 소품","15,800원",funny,Dancing cactus,,,Tianchang City Mengqiqi Toys Business Department(수입원:부카즈),중국,,,,,,,,,,,방송통신기자재 적합평가:R-R-Bkz-dancingcactus / [어린이제품]안전확인:CB067R1275-2001,01071182743,,,,,,,,,,,,,,,,,,,,,,,,,,,,,,,,
13,"""쓸모없는 선물"" 사이파이 안경 유니크 스타일 마이콜 선글라스 코스튬 생일선물 쓸데없는 신박한 선물","7,800원",funny,상품상세설명 참조,,,상품상세설명 참조,상품상세설명 참조,,,,,,,,,,,상품상세설명 참조,상품상세설명 참조,,,,,,,,,,,,,,,,,,,,,,,,,,,,,,,,
14,"""쓸모없는 선물"" 엘리자베스 오리 잠옷 홈파티 방콕 코스튬 집순이 생일선물 쓸데없는 선물","38,900원",funny,상품상세설명 참조,,,상품상세설명 참조,상품상세설명 참조,,,,,,,,,,,상품상세설명 참조,상품상세설명 참조,,,,,,,,,,,,,,,,,,,,,,,,,,,,,,,,
15,"""쓸모없는 선물"" 근육 빵빵 몸짱 티셔츠 코스튬 생일선물 쓸데없는 신박한 선물","16,900원",funny,상품상세설명 참조,,,상품상세설명 참조,상품상세설명 참조,,,,,,,,,,,상품상세설명 참조,상품상세설명 참조,,,,,,,,,,,,,,,,,,,,,,,,,,,,,,,,
16,"""소맥치노"" 집에서 말아먹는 크림 소맥 제조기(소주+맥주)+전용 맥주잔 2개(톡별)","29,900원",funny,CR-B-404,,,티피엘테크놀로지,한국,,20210219,,,R-R-CEB-CR-B-404,상품상세설명 참조,상품상세설명 참조,,,,,,3V,상품상세설명 참조,상품상세설명 참조,,,,,,,,,,,,,,,,,,,,,,,,,,,,,
17,"""쓸모없는 선물"" 트롤 라이터 케이스 생일선물 쓸데없는 신박한 선물","8,900원",funny,상품상세설명 참조,,,상품상세설명 참조,상품상세설명 참조,,,,,,,,,,,상품상세설명 참조,상품상세설명 참조,,,,,,,,,,,,,,,,,,,,,,,,,,,,,,,,
18,"""귀여운 선물 "" 식빵 오리 인형 키링 갸우뚱 열쇠고리 자동차 키 인싸템 생일선물 쓸데없는 신박한 선물","9,800원",funny,상품상세설명 참조,,,상품상세설명 참조,상품상세설명 참조,,,,,,,,,,,상품상세설명 참조,상품상세설명 참조,,,,,,,,,,,,,,,,,,,,,,,,,,,,,,,,
19,버블 윙스틱 비누방울 블링블링 요술봉 공주님들의 비눗방울 놀이,"8,900원",funny,버블 윙스틱 비누방울,상세페이지참조,상세페이지참조,상세페이지참조,상품상세설명 참조,상세페이지참조,2019년 4월이후,상세페이지참조,상세페이지참조,상세페이지참조,상세페이지참조,상세페이지참조,,,,,,,,,,,,,,,,,,,,,,,,,,,,,,,,,,,,,
20,"""쓸모없는 선물"" 맥주모자 비어캡 드링킹헬멧 생일선물 쓸데없는 신박한 선물","9,800원",funny,맥주모자,,,에고이즘 협력사,중국,,,,,,,,,,,상품상세설명 참조,010-2552-8957,,,,,,,,,,,,,,,,,,,,,,,,,,,,,,,,
21,"""생일선물"" 시크릿쥬쥬 요술봉하트 투명 손잡이 컵 2종 외 신비아파트 어몽어스 펭수 컵 [8종 택1]","6,900원",funny,상품상세설명 참조,,상품상세설명 참조,상품상세설명 참조,상품상세설명 참조,,상품상세설명 참조,,,,상품상세설명 참조,상품상세설명 참조,상품상세설명 참조,상품상세설명 참조,상품상세설명 참조,,,,,,,,,,,,,,,,,,,,,,,,,,,,,,,,,,
22,"""집들이, 생일선물"" ""무드등과 스피커를 동시에"" 충전식 무선 우주인 블루투스 스피커 오로라 무드등(리모컨포함)","39,800원",funny,상품상세설명 참조,,,상품상세설명 참조,상품상세설명 참조,,,,,,,,,,,상품상세설명 참조,070-4237-7343,,,,,,,,,,,,,,,,,,,,,,,,,,,,,,,,
23,"""쓸모없는 선물"" 아령 물병 텀블러 헬창 헬스 코스튬 생일선물 쓸데없는 신박한 선물","13,800원",funny,상품상세설명 참조,,,상품상세설명 참조,상품상세설명 참조,,,,,,,,,,,상품상세설명 참조,상품상세설명 참조,,,,,,,,,,,,,,,,,,,,,,,,,,,,,,,,
24,[YES24] 사람이 보인다 관상백과,"3,980원",funny,,,,,,,,,,,,,,105 x 150 x 20mm,,,,,,,,,,,,도서,,사람이 보인다 관상백과,편집부 저,움터미디어,192쪽,2012년 09월 15일,상품상세설명 참조,,,,,,,,,,,,,,,,
25,"""쓸모없는 선물"" 사이버 LED 안경 고글 사이버펑크 인싸템 코스튬 생일선물 쓸데없는 신박한 선물","14,900원",funny,상품상세설명 참조,,,상품상세설명 참조,상품상세설명 참조,,,,,,,,,,,상품상세설명 참조,상품상세설명 참조,,,,,,,,,,,,,,,,,,,,,,,,,,,,,,,,
26,"[감성/집들이선물] ""불멍 풀세트"" 수퍼블릭 실내용 애타는램프SET (램프+에탄올+점화기)","33,900원",funny,TT-15,,,"Xingpuwang Lighting CO.,LTD / 수퍼블릭",중국,,,,,,,,,,,해당없음,텐바이텐 고객행복센터 1644-6035,,,,,,,,,,,,,,,,,,,,,,,,,,,,,,,,
27,집순이들을 위한 입는 거북이 등껍질 쿠션,"26,900원",funny,집순이들을 위한 입는 거북이 등 껍질 쿠션,,,(주)바나나코퍼레이션,중국,,,,,,,,,,,해당없음,1644-7299,,,,,,,,,,,,,,,,,,,,,,,,,,,,,,,,
28,"""한 대만 맞자"" 벽돌 베개 쿠션","5,900원",funny,벽돌 베개 쿠션,,,병행수입/220볼트샵,상품상세설명 참조,,,,,,,,,,,해당없음,02-2602-3951,,,,,,,,,,,,,,,,,,,,,,,,,,,,,,,,
29,"""꿀잠 선물"" 공룡 바디필로우 애착 인형 쿠션 80cm/ 생일 선물 친구 수면 이사 집들이 센스있는 선물","19,900원",funny,,"그린,옐로우,핑크",,바시움아뜰리에 협력사,중국,,,,,,"본 제품에 이상이 있을 경우, 공정거래위원회 고시에 의거 보상해드립니다.",바시움아뜰리에,,,,,,,,,,,80cm,,겉면: 폴리에스터 100% 충전재: 폴리에스터 100%,바디필로우 80cm 1개,30도 이하의 미지근한 물에서 분리하여 손세탁/표백제염색제 금지/ 기계건조 금지,,,,,,,,,,,,,,,,,,,,,,
30,"""쓸모없는 선물"" 돈 티슈 집들이 자취 취업 용돈 생일선물 쓸데없는 신박한 선물","7,900원",funny,상품상세설명 참조,,,상품상세설명 참조,상품상세설명 참조,,,,,,,,,,,상품상세설명 참조,상품상세설명 참조,,,,,,,,,,,,,,,,,,,,,,,,,,,,,,,,
31,"""쓸데없는선물"" 왹져 머리띠 출시] SNS 대란템, 외계인 선글라스, 지금이라도 지구를 떠날 수 있도록","6,900원",funny,외계인선글라스(파티용품),,,대원인더스,중국,,,,,,,,,,,해당없음,02-6264-0393,,,,,,,,,,,,,,,,,,,,,,,,,,,,,,,,
32,'5초간 후~ 부세요' 모두의 안전을 위한 음주 측정기,"19,900원",funny,모두의 안전을 위한 음주측정기,,,㈜바나나코퍼레이션,중국,,,,,,,,,,,해당없음,070-7649-1717,,,,,,,,,,,,,,,,,,,,,,,,,,,,,,,,
33,"""한 대 치고 싶을땐"" 스트레스 해소 미니 흡착 펀치볼","13,900원",funny,스트레스 해소 미니 흡착 펀치볼,,,㈜바나나코퍼레이션,중국,,,,,,,,,,,해당없음,070-7649-1717,,,,,,,,,,,,,,,,,,,,,,,,,,,,,,,,
34,이거 신발인데요 대왕 발 슬리퍼,"8,900원",funny,이거 신발인데요 대왕 발 슬리퍼,,,㈜바나나코퍼레이션,중국,,,,,,,,,,,해당없음,070-7649-1717,,,,,,,,,,,,,,,,,,,,,,,,,,,,,,,,
35,"""쓸모없는 선물"" 코코넛 브라 코스튬 분장 생일선물 쓸데없는 신박한 선물","7,900원",funny,상품상세설명 참조,,,상품상세설명 참조,상품상세설명 참조,,,,,,,,,,,상품상세설명 참조,상품상세설명 참조,,,,,,,,,,,,,,,,,,,,,,,,,,,,,,,,
36,"""쓸모없는 선물"" 군침이 싹도는 삼겹살 양말 캐릭터 고기 양말 쓸데없는선물","4,900원",funny,삼겹살양말,,,젊은이마켓,중국,,,,,,,,,,,해당없음,젊은이마켓/032-672-6046,,,,,,,,,,,,,,,,,,,,,,,,,,,,,,,,
37,"""쓸모없는 선물"" 슬픈 개구리 세트 안대+세안밴드 생일선물 쓸데없는 신박한 선물","10,800원",funny,상품상세설명 참조,,,상품상세설명 참조,상품상세설명 참조,,,,,,,,,,,상품상세설명 참조,상품상세설명 참조,,,,,,,,,,,,,,,,,,,,,,,,,,,,,,,,
38,"""쓸모없는 선물"" 슬픈 개구리 휴지 케이스 생일선물 쓸데없는 신박한 선물","14,800원",funny,상품상세설명 참조,,,상품상세설명 참조,상품상세설명 참조,,,,,,,,,,,상품상세설명 참조,상품상세설명 참조,,,,,,,,,,,,,,,,,,,,,,,,,,,,,,,,
39,[교보문고]눈치 없는 돌쇠,"13,500원",funny,,,,,,,,,,,,,,137 * 210 * 20 mm /382g,,,,,,,,,,,,단품,,눈치 없는 돌쇠,매직망나니XXL 지음,위즈덤하우스,256쪽,2020년 09월 10일 출간,.,,,,,,,,,,,,,,,,
40,"""생일 선물 수저세트"" 쥬쥬 수저세트 [루미-SJ2733] (쥬쥬-J0889)","8,600원",funny,쥬쥬-J0889,,"ABS,스테인레스스틸",(주)피앤디,상품상세설명 참조,,2016 07,,,,관련법 및 소비자분쟁해결기준에 따름,오키즈 / 1800-7232,스푼 젓가락,"수저-17, 포크-18 (cm) 중량 70(g)",해당없음,,,,,,,,,,,,,,,,,,,,,,,,,,,,,,,,,,
41,내 바지 속에 짐승 한마리 짐승팬티,"9,900원",funny,내 바지 속에 짐승 한마리 짐승팬티,,,바나나빌딩,상품상세설명 참조,,,,,,,,,,,해당사항없음,070-7649-1717,,,,,,,,,,,,,,,,,,,,,,,,,,,,,,,,
42,"""주인님 펜을 대령했습니다"" 기사 펜홀더 펜꽂이","17,900원",funny,상품상세설명 참조,,,제조자:220VSHOP협력사/수입자:이이공브이샵,중국,,,,,,,,,,,해당없음,032-661-2203,,,,,,,,,,,,,,,,,,,,,,,,,,,,,,,,
43,레토 짱구 마우스패드 손목보호받침대 젤패드 CYS-WP02,"12,900원",funny,짱구 마우스패드 손목보호받침대 젤패드 CYS-WP02,,,(주)레토지엠에스,상품상세설명 참조,,,,,,,,,,,해당없음,"(주)레토지엠에스, 1544-3867",,,,,,,,,,,,,,,,,,,,,,,,,,,,,,,,
44,집순이 빅후드담요 곰도리ver. (빅후드담요+양말+슬리퍼set) (톡별),"34,900원",funny,상품상세설명 참조,,,상품상세설명 참조,상품상세설명 참조,,,,,,,,,,,상품상세설명 참조,상품상세설명 참조,,,,,,,,,,,,,,,,,,,,,,,,,,,,,,,,
45,귀멸의칼날 바디필로우 네즈코,"26,900원",funny,,겉감－면 100% ／충전재－폴리에스터 100%,,35ｘ80 cm,한국,,,,,,상세페이지 기재,공정거래위원회 고시 소비자 분쟁 해결기준에 따름,,,,,,,,,,,상세페이지 기재,,귀멸의칼날 바디필로우 네즈코,07042421810 (070-4242-1810),상세페이지 기재,,,,,,,,,,,,,,,,,,,,,,
46,"""쓸모없는 선물"" 빡빡이 폭탄 펭귄 인형 애착 생일선물 쓸데없는 신박한 선물","15,800원",funny,상품상세설명 참조,,,상품상세설명 참조,상품상세설명 참조,,,,,,,,,,,상품상세설명 참조,상품상세설명 참조,,,,,,,,,,,,,,,,,,,,,,,,,,,,,,,,
47,곰돌이 모자 목도리 후드머플러 2color [양털 뽀글이 모자 털 겨울 귀여운 후드곰],"12,900원",funny,곰돌이 후드 목도리,,,Shenzhen Products Company,중국,,,,,,,,,,,해당사항 없음,070-8831-4371,,,,,,,,,,,,,,,,,,,,,,,,,,,,,,,,
48,헬리콥터 프로펠러 모자,"9,900원",funny,헬리콥터 프로펠러 모자,,,바나나빌딩,상품상세설명 참조,,,,,,,,,,,해당사항 없음,070-7649-1717,,,,,,,,,,,,,,,,,,,,,,,,,,,,,,,,
49,"""쓸모없는 선물"" 노래하며 춤추는 꽃 인형 ( 3color ) 녹음+말따라하기+ 60곡연주 / 친구 & 애인","15,800원",funny,대형 바퀴벌레 쿠션 75cm 바디필로우 베개,,,스투피드,상품상세설명 참조,,,,,,,,,,,해당사항 없음,02-2069-0672,,,,,,,,,,,,,,,,,,,,,,,,,,,,,,,,
50,선택된 자들만의 우산 왕좌의 우산,"19,900원",funny,선택된 자들만의 우산 왕좌의 우산,,,㈜바나나코퍼레이션,중국,,,,,,,,,,,해당없음,070-7649-1717,,,,,,,,,,,,,,,,,,,,,,,,,,,,,,,,
51,"[단독판매] ""언제 어디서나 기대"" 욜로 라이프 에어체어 삼각쿠션","19,900원",funny,,상세페이지 참조,,상세페이지 참조,상품상세설명 참조,,,,,,상세페이지 참조,"A/S 불가, 고객센터: 070-7808-1112",,,,,,,,,,,상세페이지 참조,,상세페이지 참조,상세페이지 참조,상세페이지 참조,,,,,,,,,,,,,,,,,,,,,,
52,"입는 담요, 날 다람쥐 담요","19,000원",funny,"입는 담요, 날 다람쥐 담요",,,(주)아트웍스코리아,상품상세설명 참조,,,,,,,,,,,관련법 및 소비자분쟁해결기준에 따름,(주)아트웍스코리아 1544-6205,,,,,,,,,,,,,,,,,,,,,,,,,,,,,,,,
53,스트레스 해소 enter 쿠션,"11,900원",funny,스트레스 해소 enter 쿠션,,,바나나빌딩,상품상세설명 참조,,,,,,,,,,,해당사항 없음,070-7649-1717,,,,,,,,,,,,,,,,,,,,,,,,,,,,,,,,
54,"""명품은 비싸더라.."" [너를 위한 명품 머그] 웃긴 집들이 선물 (머그+스푼+접시)","18,900원",funny,엣지 머그컵 세트,,도자기,COOKCHA,중국,,2022년 8월,,,,관련법 및 소비자분쟁해결기준에 따름,대표번호 031-322-8878,컵1P + 트레이1P + 스푼1P,"컵(넓이75mm), 트레이(가로203*세로122mm), 스푼(147mm)",수입식품안전 관리 특별법에 따른 수입신고를 필함,,,,,,,,,,,,,,,,,,,,,,,,,,,,,,,,,,
55,도심 속 스나이퍼 우산,"18,800원",funny,도심 속 스나이퍼 우산,,,상품상세설명 참조,상품상세설명 참조,,,,,,,,,,,상품상세설명 참조,070-7649-1717,,,,,,,,,,,,,,,,,,,,,,,,,,,,,,,,
56,"""인테리어 소품"" 곰돌이 캐릭터 아크릴 무드등 3종 (USB 충전식) 수면등 집들이 자취 신혼 선물","9,800원",funny,상품상세설명 참조,,,상품상세설명 참조,상품상세설명 참조,,,,,,,,,,,상품상세설명 참조,상품상세설명 참조,,,,,,,,,,,,,,,,,,,,,,,,,,,,,,,,
57,"""슬기로운 집콕생활"" 콩나물 키트","9,900원",funny,상품상세설명 참조,,,상품상세설명 참조,상품상세설명 참조,,,,,,,,,,,해당없음,031-754-7701,,,,,,,,,,,,,,,,,,,,,,,,,,,,,,,,
58,"""쓸모없는 선물"" 금연 인형 (50cm) 바디필로우 생일선물 쓸데없는 신박한 선물","11,900원",funny,상품상세설명 참조,,,상품상세설명 참조,상품상세설명 참조,,,,,,,,,,,상품상세설명 참조,상품상세설명 참조,,,,,,,,,,,,,,,,,,,,,,,,,,,,,,,,
59,"""쓸모없는 선물"" 눈 있는 똥 말랑이 생일선물 쓸데없는 신박한 선물","7,900원",funny,상품상세설명 참조,,,상품상세설명 참조,상품상세설명 참조,,,,,,,,,,,상품상세설명 참조,상품상세설명 참조,,,,,,,,,,,,,,,,,,,,,,,,,,,,,,,,
60,"""쓸모없는선물"" [홈/생일파티]공주님 소품 요술봉 왕관 코스튬 6종세트 생일선물 홈파티 파티소품","9,900원",funny,상품상세설명 참조,,,상품상세설명 참조,상품상세설명 참조,,,,,,,,,,,상품상세설명 참조,상품상세설명 참조,,,,,,,,,,,,,,,,,,,,,,,,,,,,,,,,
61,"""쓸모없는 선물 "" 데스노트 (+깃털 펜 포함) 생일선물 쓸데없는 신박한 선물","9,800원",funny,상품상세설명 참조,,,상품상세설명 참조,상품상세설명 참조,,,,,,,,,,,상품상세설명 참조,상품상세설명 참조,,,,,,,,,,,,,,,,,,,,,,,,,,,,,,,,
62,"""헬스장에서 꿀템"" [쓸모없는선물] 출출한데 닭다리 스타킹 닭발니삭스","7,900원",funny,상품상세설명 참조,,,상품상세설명 참조,상품상세설명 참조,,,,,,,,,,,상품상세설명 참조,상품상세설명 참조,,,,,,,,,,,,,,,,,,,,,,,,,,,,,,,,
63,"""토끼인가 사람인가"" 디자인 세안밴드 7종택1","4,900원",funny,세안밴드,,,젊은이마켓,상품상세설명 참조,,,,,,,,,,,해당사항없음,032 - 672 - 6046,,,,,,,,,,,,,,,,,,,,,,,,,,,,,,,,
64,"""쓸데없는 선물"" 쓸데없는 선물 특이한 옷 아구찜 티셔츠 반팔/긴팔","22,500원",funny,상품상세설명 참조,,,상품상세설명 참조,상품상세설명 참조,,,,,,,,,,,상품상세설명 참조,상품상세설명 참조,,,,,,,,,,,,,,,,,,,,,,,,,,,,,,,,
65,"""낮잠자도 팔안저려"" 모찌식빵 낮잠쿠션 15cm 식빵인형","9,900원",funny,,상세페이지 참조,,(주)에스엔피토이월드,상품상세설명 참조,,,,,,KC자율안전확인,02 2603 6580,,,,,,,,,,,상세페이지 참조,,상세페이지 참조,상세페이지 참조,상세페이지 참조,,,,,,,,,,,,,,,,,,,,,,
66,"""너에게 간다, 행운"" 행운의 네잎클로버 (클로버1+봉투1) 위로 응원선물","5,900원",funny,행운의 네잎클로버 (클로버1+봉투1),,,네잎클로버,대한민국,,,,,,,,,,,해당사항없음,알럽안심센터 / 010-2262-8588,,,,,,,,,,,,,,,,,,,,,,,,,,,,,,,,
67,"[친구선물] 너에게 정말 잘어울려 ""마이콜선글라스""","5,900원",funny,,,,상품상세설명 참조,상품상세설명 참조,,,,,,상품상세설명 참조,상품상세설명 참조,,,,,,,,,상품상세설명 참조,상품상세설명 참조,상품상세설명 참조,상품상세설명 참조,,,,,,,,,,,,,,,,,,,,,,,,,
68,"""재미있는선물"" 선물하는 마음만은 만수르야 금괴 은괴 데스크 쿠션","7,900원",funny,상품상세설명 참조,,,상품상세설명 참조,상품상세설명 참조,,,,,,,,,,,상품상세설명 참조,상품상세설명 참조,,,,,,,,,,,,,,,,,,,,,,,,,,,,,,,,
69,"""귀여운 선물"" 오리 날다 키링 열쇠고리 자동차 키 인싸템 생일선물 쓸데없는 신박한 선물","7,800원",funny,상품상세설명 참조,,,상품상세설명 참조,상품상세설명 참조,,,,,,,,,,,상품상세설명 참조,상품상세설명 참조,,,,,,,,,,,,,,,,,,,,,,,,,,,,,,,,
70,"""쓸모없는 선물"" 곰돌이 가방 생일선물 쓸데없는 신박한 선물","12,900원",funny,상품상세설명 참조,,,상품상세설명 참조,상품상세설명 참조,,,,,,,,,,,상품상세설명 참조,상품상세설명 참조,,,,,,,,,,,,,,,,,,,,,,,,,,,,,,,,
71,"""쓸모없는 선물"" 타투 쿨토시 팔토시 시원한 코스튬 분장 생일선물 쓸데없는 신박한 선물","7,800원",funny,상품상세설명 참조,,,상품상세설명 참조,상품상세설명 참조,,,,,,,,,,,상품상세설명 참조,01025528957,,,,,,,,,,,,,,,,,,,,,,,,,,,,,,,,
72,"""쓸모없는선물"" '밥 잘먹는 너' 곰동석 소두곰 필로우 47cm 곰인형 소두곰인형","19,900원",funny,상품상세설명 참조,,,상품상세설명 참조,상품상세설명 참조,,,,,,,,,,,상품상세설명 참조,상품상세설명 참조,,,,,,,,,,,,,,,,,,,,,,,,,,,,,,,,
73,"""크리스마스 선물"" 춤추는 댄싱 트리 인형 크리스마스 선물 쓸모없는 재미있는친구 집들이 수능 응원 선물","23,900원",funny,춤추는 댄싱 트리,,,바시움플라워 협력사,중국,,,,,,,,,,,해당없음,070-4121-6313,,,,,,,,,,,,,,,,,,,,,,,,,,,,,,,,
74,"""귀여운 선물"" 만세 오리 인형 (40cm) 애착 인형 인테리어 소품 생일선물 쓸데없는 신박한 선물","16,800원",funny,상품상세설명 참조,,,상품상세설명 참조,상품상세설명 참조,,,,,,,,,,,상품상세설명 참조,상품상세설명 참조,,,,,,,,,,,,,,,,,,,,,,,,,,,,,,,,
75,'따뜻한 귀요미' 모찌모찌 냠냠 푸드 핫팩인형,"7,900원",funny,모찌모찌 핫팩인형,,,제조자 : 메세 / 수입자 : 메세,상품상세설명 참조,,,,,,,,,,,상품상세설명 참조,메세CS 070-7122-6004,,,,,,,,,,,,,,,,,,,,,,,,,,,,,,,,
76,피곤이 싸악- 보약 양말,"9,900원",funny,피곤이 싸악- 보약 양말,,,㈜바나나코퍼레이션,중국,,,,,,,,,,,해당없음,070-7649-1717,,,,,,,,,,,,,,,,,,,,,,,,,,,,,,,,
77,"""쓸데없는 인형쿠션"" 대형 치킨 닭다리 쿠션 55cm 베개 인형 유퀴즈 BTS 선물","12,000원",funny,대형 바퀴벌레 쿠션 95cm 바디필로우 베개,,,스투피드,상품상세설명 참조,,,,,,,,,,,해당사항 없음,02-2069-0672,,,,,,,,,,,,,,,,,,,,,,,,,,,,,,,,
78,"""쓸모없는 선물"" 스펀지밥 우정 커플 목걸이 생일선물 쓸데없는 신박한 선물","8,900원",funny,상품상세설명 참조,,,상품상세설명 참조,상품상세설명 참조,,,,,,,,,,,상품상세설명 참조,상품상세설명 참조,,,,,,,,,,,,,,,,,,,,,,,,,,,,,,,,
79,"""금파 대란! 실속 있는 파테크"" 대파 뿌리 키우기 화분 세트","9,800원",funny,상품상세설명 참조,,,상품상세설명 참조,상품상세설명 참조,,,,,,,,,,,해당 사항 없음,02-502-1004,,,,,,,,,,,,,,,,,,,,,,,,,,,,,,,,
80,눈빛이 귀여운 캐릭터 여성 팬티,"9,900원",funny,,,,상품상세설명 참조,상품상세설명 참조,,,,,,상품상세설명 참조,상품상세설명 참조,,,,,,,,,상품상세설명 참조,상품상세설명 참조,상품상세설명 참조,상품상세설명 참조,,,,,,,,,,,,,,,,,,,,,,,,,
81,"""홈술도 장비빨"" 카카오프렌즈 라이언 화이트골드 전통주병 세트 (톡별)","24,900원",funny,"""업그레이드 매진템"" 라이언 화이트골드 전통주병세트 (톡별)",,상품상세설명 참조,에이치앤프렌즈,상품상세설명 참조,,2020년12월,,,,구매일로부터 1년,전보라 / 031-754-7701,상품상세설명 참조,상품상세설명 참조,식품위생법에 따른 수입신고를 필함,,,,,,,,,,,,,,,,,,,,,,,,,,,,,,,,,,
82,트럼프 머리카락 양말,"7,900원",funny,트럼프 머리카락 양말,,,바나나빌딩,상품상세설명 참조,,,,,,,,,,,해당사항없음,070-7649-1717,,,,,,,,,,,,,,,,,,,,,,,,,,,,,,,,
83,"""귀여운 선물"" 헬멧 오리 가방 동물 애착 백팩 생일선물 쓸데없는 신박한 선물","13,900원",funny,상품상세설명 참조,,,상품상세설명 참조,상품상세설명 참조,,,,,,,,,,,상품상세설명 참조,상품상세설명 참조,,,,,,,,,,,,,,,,,,,,,,,,,,,,,,,,
84,"""쓸모없는 선물 "" 반전문어 양면인형 (30cm) 생일선물 쓸데없는 신박한 선물","8,900원",funny,상품상세설명 참조,,,상품상세설명 참조,상품상세설명 참조,,,,,,,,,,,상품상세설명 참조,상품상세설명 참조,,,,,,,,,,,,,,,,,,,,,,,,,,,,,,,,
85,"""쓸모없는선물"" 나의 친구 너의 친구, 평화의 상징, 반려 비둘기 구뤠잇구구와 화잇구구(feat. 태엽)","9,900원",funny,반려비둘기 구구,,,(주)엑토스인더스트리,중국,,,,,,,,,,,해당없음,02-6264-0393,,,,,,,,,,,,,,,,,,,,,,,,,,,,,,,,
86,"""뤂덕들 모여라"" 잔망루피 랜덤피규어 인형 Ver.2 조금더 잔망스러워진 루피 새로운시작 뤂뤂","6,900원",funny,상품상세설명 참조,,,상품상세설명 참조,상품상세설명 참조,,,,,,,,,,,상품상세설명 참조,상품상세설명 참조,,,,,,,,,,,,,,,,,,,,,,,,,,,,,,,,
87,"""쓸모없는선물"" 핸드폰 미러볼 (원형구) + 아이폰, C타입, USB젠더 모두증정 = 방구석 노래방 조명","9,800원",funny,대형 바퀴벌레 쿠션 75cm 바디필로우 베개,,,스투피드,상품상세설명 참조,,,,,,,,,,,해당사항 없음,02-2069-0672,,,,,,,,,,,,,,,,,,,,,,,,,,,,,,,,
88,유유자적 DUCK 오리 애착인형 바디필로우 100cm,"24,800원",funny,[토이웍스] KC정품 유유자적 DUCK 오리 애착인형 100cm,,,상품상세설명 참조,한국,,,,,,,,,,,상품상세설명 참조,'카카오챗봇 문의: https://www.whitecotton.kr/ (화이트코튼 홈페이지 카톡상담 버튼 클릭)',,,,,,,,,,,,,,,,,,,,,,,,,,,,,,,,
89,"""쓸모없는 선물"" 의기소침 강아지 인형 (48cm) 쿠션 베개 애착 바디필로우 생일선물 쓸데없는 신박한 선물","13,900원",funny,상품상세설명 참조,,,상품상세설명 참조,상품상세설명 참조,,,,,,,,,,,상품상세설명 참조,상품상세설명 참조,,,,,,,,,,,,,,,,,,,,,,,,,,,,,,,,
90,우주 비행사 냥 LED 무드등,"15,900원",funny,우주 비행사 냥 LED 무드등,,,병행수입,중국,,,,,,,,,,,해당없음,032 555 9639,,,,,,,,,,,,,,,,,,,,,,,,,,,,,,,,
91,"""휴식과 힐링"" 바닷속을 헤엄치는 고래조명 미니 우드램프 LED큐브 돌고래 무드등","18,500원",funny,상품상세설명 참조,,,상품상세설명 참조,상품상세설명 참조,,,,,,,,,,,상품상세설명 참조,상품상세설명 참조,,,,,,,,,,,,,,,,,,,,,,,,,,,,,,,,
92,"피로가 싸악- 제2의 심장, 발건강 지압 슬리퍼 (+보약양말증정)","16,900원",funny,피로가 싸악- 지압슬리퍼+보약양말,,,(주)바나나코퍼레이션,중국,,,,,,,,,,,해당없음,1644-7299,,,,,,,,,,,,,,,,,,,,,,,,,,,,,,,,
93,"""남친선물"" [쓸모없는선물] 득근하세요 머슬남 보충제소분 키링&근육머그컵SET","11,900원",funny,상품상세설명 참조,,상품상세설명 참조,상품상세설명 참조,상품상세설명 참조,,상품상세설명 참조,,,,상품상세설명 참조,상품상세설명 참조,상품상세설명 참조,상품상세설명 참조,수입식품안전관리특별법에 따른 수입신고를 필함.,,,,,,,,,,,,,,,,,,,,,,,,,,,,,,,,,,
94,"""선물로 죠습니다"" 죠스 모찌 바디필로우 100cm(톡별)","33,900원",funny,,블루계열,,주식회사 한빛아이티씨,중국,,,,,,공정거래위원회 고시(소비자분쟁해결기준)에 의거하여 보상해 드립니다.,(주)한빛아이티씨 031-8028-8800,,,,,,,,,,,100cm,,겉면: 폴리에스터 100% 충전재: 폴리에스터 100%,본품1개,30도 이하의 미지근한 물에서 분리하여 손세탁/세탁기 이용시 울코스로 단독 표백제염색제 금지/ 기계건조 금지,,,,,,,,,,,,,,,,,,,,,,
95,"""따뜻한 선물"" 인어공주 니트담요 L size","19,800원",funny,상품상세설명 참조,,,상품상세설명 참조,상품상세설명 참조,,,,,,,,,,,상품상세설명 참조,상품상세설명 참조,,,,,,,,,,,,,,,,,,,,,,,,,,,,,,,,
96,New 냥냥이 삼총사 트리오 미니러그 3종택1 (톡별),"9,900원",funny,,아이보리,,한빛아이티씨,중국,,,,,,상품상세설명 참조,031-8028-8800 한빛아이티씨,,,,,,,,,,,50*80cm,,폴리에스터100%,본품1개,"울코스 단독 세탁, 기계건조 금지",,,,,,,,,,,,,,,,,,,,,,
97,"""쓸모없는 선물"" AGUCCIM 티셔츠 티 [웃긴 아구찜옷 특이한 재밌는 옷 쓸데없는 선물]","17,900원",funny,상품상세설명 참조,,,상품상세설명 참조,상품상세설명 참조,,,,,,,,,,,상품상세설명 참조,상품상세설명 참조,,,,,,,,,,,,,,,,,,,,,,,,,,,,,,,,
98,"[얼굴문구각인/주문제작] ""쓸모없는 블링블링선물"" 스팽글 쿠션 40cm (7색)","32,000원",funny,,상품상세설명 참조,,상품상세설명 참조,상품상세설명 참조,,,,,,상품상세설명 참조,상품상세설명 참조,,,,,,,,,,,상품상세설명 참조,,상품상세설명 참조,상품상세설명 참조,상품상세설명 참조,,,,,,,,,,,,,,,,,,,,,,
99,"""친구선물"" [귀여운선물] 패션피플 그로밋인형 20cm 귀여운 강아지인형 애착인형","11,900원",funny,상품상세설명 참조,,,상품상세설명 참조,상품상세설명 참조,,,,,,,,,,,상품상세설명 참조,상품상세설명 참조,,,,,,,,,,,,,,,,,,,,,,,,,,,,,,,,
100,"""쓸모없는 선물"" 인싸템 쓸데없는 슬픈 개구리 수면안대","9,900원",funny,상품상세설명 참조,,,상품상세설명 참조,상품상세설명 참조,,,,,,,,,,,상품상세설명 참조,상품상세설명 참조,,,,,,,,,,,,,,,,,,,,,,,,,,,,,,,,
101,"""쓸모없는 선물"" 우산 모자 자외선 차단 낚시 인싸템 생일선물 쓸데없는 신박한 선물","7,800원",funny,상품상세설명 참조,,,상품상세설명 참조,상품상세설명 참조,,,,,,,,,,,상품상세설명 참조,상품상세설명 참조,,,,,,,,,,,,,,,,,,,,,,,,,,,,,,,,
102,대형 바퀴벌레 쿠션 55cm 바디필로우 베개,"13,000원",funny,대형 바퀴벌레 쿠션 55cm 바디필로우 베개,,,스투피드,상품상세설명 참조,,,,,,,,,,,해당사항 없음,02-2069-0672,,,,,,,,,,,,,,,,,,,,,,,,,,,,,,,,
103,빅엔터 USB / 초대형 엔터키/ 낮잠쿠션/ 스트레스해소 (ID-K100),"12,900원",funny,아이디스킨 빅엔터 USB 쿠션 / ID-K100,,,제조사: YIUW LIMIT / 수입사: (주)리미트,상품상세설명 참조,,2018년 1월,,,MSIP-REI-lmt-ID-K100,소비자보호법을 따릅니다.,리미트 고객센터 042-253-3352 / 무상AS기간: 구매일로부터 3개월,,,,,,DC5V,140*200*100(mm) / 80(g),USB를 연결하여 사용하는 엔터키와 쿠션입니다.,,,,,,,,,,,,,,,,,,,,,,,,,,,,,
104,"""행운이 붙는다"" 찹쌀떡 쿠션 모찌모찌 필로우 멀티베개","29,900원",funny,,상품상세설명 참조,,상품상세설명 참조,상품상세설명 참조,,,,,,상품상세설명 참조,AS 불가,,,,,,,,,,,"측정 위치, 재는 도구에 따라 1~3cm 오차범위",,상품상세설명 참조,상품상세설명 참조,상품상세설명 참조,,,,,,,,,,,,,,,,,,,,,,
105,"""귀여운선물"" '짱구는 못말려' 피규어 벚꽃 보틀 텀블러 '짱구와 흰둥이의 봄나들이'","19,900원",funny,레토 짱구 피규어 텀블러 보틀,,,(주)레토지엠에스,중국,,,,,,,,,,,해당없음,"(주)레토지엠에스, 1544-3867",,,,,,,,,,,,,,,,,,,,,,,,,,,,,,,,
106,다마고치 오리지널 25주년 한정판,"29,800원",funny,상품상세설명 참조,,,상품상세설명 참조,상품상세설명 참조,,,,,,,,,,,상품상세설명 참조,상품상세설명 참조,,,,,,,,,,,,,,,,,,,,,,,,,,,,,,,,
107,"""쓸모없는선물"" [단독할인] SNS 인기템! 원조 관짝 고양이 에어팟 거치대 펜홀더 스탠드 5종세트","14,900원",funny,팬시 고양이 스탠드,,,(주)엑토스인더스트리,중국,,,,,,,,,,,해당없음,02-6264-0393,,,,,,,,,,,,,,,,,,,,,,,,,,,,,,,,
108,미니 카메라 분홍 랜덤색상 3834 후레쉬 플래시 효과음 생일선물 마니또 (또래장난감),"6,900원",funny,완구,상세페이지참조,플라스틱 외 기타,유니리젠트/(주)오즈토이,상품상세설명 참조,3세이상,2019.03,파손에 주의하고 불 또는 물에 가까이 하지 말 것 파손시 안전을 위하여 아이의 손이 닿지 않게 폐기 할 것 사람이나 동물을 향해 던지지 않도록 주의할 것 건전지의 교환 등 취급은 반드시 보호자가 할 것,상세페이지참조,필/상세페이지참조,"미사용 제품에 한하여 7일이내 초기불량시 동일제품으로 교환 또는 환불, 사용한 제품의 경우 품질보증기간 없음.(유상 A/S, 제품에 따라 A/S가 불가 할 수 있음) 또래장난감 / 031-984-8621",031-984-8621 / 또래장난감,,,,,,,,,,,,,,,,,,,,,,,,,,,,,,,,,,,,,
109,귀여운 동전먹는 도둑고양이 저금통 (어랏 동전이 어디갔지),"9,900원",funny,귀여운 도둑고양이 저금통,,,디자인에버,상품상세설명 참조,,,,,,,,,,,해당사항없음,디자인에버 02-2065-1358,,,,,,,,,,,,,,,,,,,,,,,,,,,,,,,,
110,"""쓸모없는 선물"" 공주님 보석 반지 세트 코스튬 분장 생일선물 쓸데없는 신박한 선물","9,800원",funny,상품상세설명 참조,,,상품상세설명 참조,상품상세설명 참조,,,,,,,,,,,상품상세설명 참조,상품상세설명 참조,,,,,,,,,,,,,,,,,,,,,,,,,,,,,,,,
111,"""비싼시계 사시계?"" 릴렉스 니트 시계 명품 럭셔리 플렉스 액세서리 생일선물 쓸데없는 신박한 선물","14,900원",funny,상품상세설명 참조,,,상품상세설명 참조,상품상세설명 참조,,,,,,,,,,,상품상세설명 참조,상품상세설명 참조,,,,,,,,,,,,,,,,,,,,,,,,,,,,,,,,
112,크와앙! 악어 슬리퍼,"19,900원",funny,크와앙! 악어 슬피러,,,㈜바나나코퍼레이션,중국,,,,,,,,,,,해당없음,070-7649-1717,,,,,,,,,,,,,,,,,,,,,,,,,,,,,,,,
113,"""세상에서 가장 행복한 동물"" 쿼카 미니러그 발매트 2종택1","15,900원",funny,상품상세설명 참조,,,수입자 : 메세,상품상세설명 참조,,,,,,,,,,,해당없음,메세고객센터 070-7122-6004,,,,,,,,,,,,,,,,,,,,,,,,,,,,,,,,
114,(당일발송/1+1) 절대 평범하지 않은 작은 눈 선글라스,"7,500원",funny,상품상세설명 참조,,,상품상세설명 참조,상품상세설명 참조,,,,,,,,,,,상품상세설명 참조,상품상세설명 참조,,,,,,,,,,,,,,,,,,,,,,,,,,,,,,,,
115,(1+1) LED 선글라스 이벤트 축제 클럽 인싸템 빛나는 안경,"5,900원",funny,,상품상세설명 참조,,상품상세설명 참조,상품상세설명 참조,,,,,,상품상세설명 참조,상품상세설명 참조,,상품상세설명 참조,,,,,,,상품상세설명 참조,상품상세설명 참조,,상품상세설명 참조,,,,,,,,,,,,,,,,,,,,,,,,,
116,"""인테리어 소품"" 만달라키 무드등 선셋 레인보우 오아시스 감성 조명 집들이 자취 신혼","13,900원",funny,상품상세설명 참조,,,상품상세설명 참조,상품상세설명 참조,,,,,,,,,,,상품상세설명 참조,상품상세설명 참조,,,,,,,,,,,,,,,,,,,,,,,,,,,,,,,,
117,[쿠션+방석 set] 귀여운 햄찌방석 햄스터쿠션 의자방석,"13,900원",funny,방석,,,젊은이마켓,상품상세설명 참조,,,,,,,,,,,해당사항없음,032-672-6046,,,,,,,,,,,,,,,,,,,,,,,,,,,,,,,,
118,"""쓸모없는선물"" 소두곰인형 (47cm) 동물 캐릭터 곰돌이인형 쓸데없는선물","18,900원",funny,소두곰인형 시리즈,,,젊은이마켓,중국,,,,,,,,,,,해당없음,젊은이마켓/032-672-6046,,,,,,,,,,,,,,,,,,,,,,,,,,,,,,,,
119,"""버터맥주 한 잔?"" 드럼통 맥주잔 나무 머그컵 코스튬 분장 생일선물 쓸데없는 신박한 선물","24,900원",funny,상품상세설명 참조,,,상품상세설명 참조,상품상세설명 참조,,,,,,,,,,,상품상세설명 참조,상품상세설명 참조,,,,,,,,,,,,,,,,,,,,,,,,,,,,,,,,
120,생일축하 이모티콘 스칸디아모스화분_4종 택1 (공기정화식물),"7,900원",funny,생일축하 이모티콘 스칸디아모스화분_4종 택1,,,(주)리빙앤유,상품상세설명 참조,,,,,,,,,,,해당없음,(주)리빙앤유 / 070-4618-5112,,,,,,,,,,,,,,,,,,,,,,,,,,,,,,,,
121,"""요거 어때"" 미니 마법의 고민 해결책 [mini 인생 해답 소라고동 고민 정답 책 재밌는 신박한 선물]","7,900원",funny,미니 마법의 고민 해결책,,,핑크폿,한국,,,,,,,,,,,해당사항 없음,크리에이티브크루/070-8831-4371,,,,,,,,,,,,,,,,,,,,,,,,,,,,,,,,
122,"""생일선물"" [생일선물] 생일축하해 미니빔프로젝터+파티선글라스SET 해피버스데이 생일 포토존 홈파티소품","5,900원",funny,상품상세설명 참조,,,상품상세설명 참조,상품상세설명 참조,,,,,,,,,,,상품상세설명 참조,상품상세설명 참조,,,,,,,,,,,,,,,,,,,,,,,,,,,,,,,,
123,"""쓸모없는 선물"" 근육 시바 에어팟 케이스 키링 1/2세대 에어팟프로 이어폰 생일선물 쓸데없는 신박한 선물","11,800원",funny,상품상세설명 참조,,,상품상세설명 참조,상품상세설명 참조,,,,,,,,,,,상품상세설명 참조,상품상세설명 참조,,,,,,,,,,,,,,,,,,,,,,,,,,,,,,,,
124,"""쓸모없는 선물"" 공주님 세트 코스튬 홈파티 생일선물 쓸데없는 신박한 선물","12,800원",funny,상품상세설명 참조,,,상품상세설명 참조,상품상세설명 참조,,,,,,,,,,,상품상세설명 참조,상품상세설명 참조,,,,,,,,,,,,,,,,,,,,,,,,,,,,,,,,
125,호신용 반지,"4,900원",funny,호신용 반지,,,㈜바나나코퍼레이션,중국,,,,,,,,,,,해당없음,070-7649-1717,,,,,,,,,,,,,,,,,,,,,,,,,,,,,,,,
126,귀차니즘을 위한 누워서 보는 안경,"10,500원",funny,귀차니즘을 위한 누워서 보는 안경,,,바나나빌딩,상품상세설명 참조,,,,,,,,,,,해당사항 없음,070-7649-1717,,,,,,,,,,,,,,,,,,,,,,,,,,,,,,,,
127,LED 볼캡 시선집중 쓸데없이 웃긴 빛나는 볼캡모자,"9,900원",funny,,상품상세설명 참조,,상품상세설명 참조,상품상세설명 참조,,,,,,상품상세설명 참조,상품상세설명 참조,,상품상세설명 참조,,,,,,,상품상세설명 참조,상품상세설명 참조,,상품상세설명 참조,,,,,,,,,,,,,,,,,,,,,,,,,
128,"""쓸모없는 선물"" 동전 먹는 움직이는 얼굴 저금통 생일선물 쓸데없는 신박한 선물","19,800원",funny,상품상세설명 참조,,,상품상세설명 참조,상품상세설명 참조,,,,,,,,,,,상품상세설명 참조,상품상세설명 참조,,,,,,,,,,,,,,,,,,,,,,,,,,,,,,,,
129,뽑아 쓰는 티슈 모자,"9,900원",funny,뽑아 쓰는 티슈 모자,,,㈜바나나코퍼레이션,중국,,,,,,,,,,,해당없음,070-7649-1717,,,,,,,,,,,,,,,,,,,,,,,,,,,,,,,,
130,"""너에게 무드를"" 플렌느 LED 인테리어 무드등 디퓨저 블랙체리","19,800원",funny,,,,,,,,,,,,,,,,,,,,,,,,,,,,,,,,,,상품상세설명 참조,상품상세설명 참조,상품상세설명 참조,상품상세설명 참조,상품상세설명 참조,상품상세설명 참조,상품상세설명 참조,상품상세설명 참조,상품상세설명 참조,상품상세설명 참조,상품상세설명 참조,,,,,
131,[정품] 스타워즈 완벽 컬리티 제다이 광선검 LED 발광 60 장우산,"69,000원",funny,,,,상품상세설명 참조,상품상세설명 참조,,,,,,상품상세설명 참조,상품상세설명 참조,,,,,,,,,상품상세설명 참조,상품상세설명 참조,상품상세설명 참조,상품상세설명 참조,,,,,,,,,,,,,,,,,,,,,,,,,
132,"""찾았다 금쪽이"" 홈랩 금쪽이 기절베개 / 쿠션","29,800원",funny,,상품상세설명 참조,,상품상세설명 참조,상품상세설명 참조,,,,,,공급자적합성 확인 인증 / KC인증 완료 (KATRI 한국의류 시험연구원),상품상세설명 참조,,,,,,,,,,,상품상세설명 참조,,상품상세설명 참조,상품상세설명 참조,상품상세설명 참조,,,,,,,,,,,,,,,,,,,,,,
133,"""쓸모없는 선물"" 엉덩이 팬티 코스튬 생일선물 쓸데없는 신박한 선물","7,800원",funny,상품상세설명 참조,,,상품상세설명 참조,상품상세설명 참조,,,,,,,,,,,상품상세설명 참조,상품상세설명 참조,,,,,,,,,,,,,,,,,,,,,,,,,,,,,,,,
134,레토 짱구는 못말려 텀블러 보틀 스테인리스 텀블러,"21,900원",funny,레토 짱구는 못말려 스테인리스 텀블러 보틀,,,(주)한일디아이,중국,,,,,,,,,,,해당없음,"(주)레토지엠에스, 1544-3867",,,,,,,,,,,,,,,,,,,,,,,,,,,,,,,,
135,"""특이한 키덜트 선물"" 개틀링 비눗방울 버블건 비누 총 (4종) - 게틀링 기관총 모양 장난감","6,900원",funny,대형 바퀴벌레 쿠션 115cm 바디필로우 베개,,,스투피드,상품상세설명 참조,,,,,,,,,,,해당사항 없음,02-2069-0672,,,,,,,,,,,,,,,,,,,,,,,,,,,,,,,,
136,"""옛다 용돈"" 오만원 팬티 취업 개업 합격 용돈 대박 생일선물 쓸데없는 신박한 선물","12,900원",funny,상품상세설명 참조,,,상품상세설명 참조,상품상세설명 참조,,,,,,,,,,,상품상세설명 참조,상품상세설명 참조,,,,,,,,,,,,,,,,,,,,,,,,,,,,,,,,
137,"""쓸모없는 선물"" 외계인 가면 왹져 코스튬 분장 생일선물 쓸데없는 신박한 선물","12,800원",funny,상품상세설명 참조,,,상품상세설명 참조,상품상세설명 참조,,,,,,,,,,,상품상세설명 참조,상품상세설명 참조,,,,,,,,,,,,,,,,,,,,,,,,,,,,,,,,
138,복불복게임 거짓말 탐지기,"17,900원",funny,거짓말 탐지기,,,젊은이마켓,상품상세설명 참조,,,,,,,,,,,해당사항없음,032 - 672 - 6046,,,,,,,,,,,,,,,,,,,,,,,,,,,,,,,,
139,"""생일선물"" ""낙서거울"" 네추럴 우드 감성 탁상거울 (유리마카 증정)","6,900원",funny,상품상세설명 참조,,,상품상세설명 참조,상품상세설명 참조,,,,,,,,,,,상품상세설명 참조,상품상세설명 참조,,,,,,,,,,,,,,,,,,,,,,,,,,,,,,,,
140,"""슬기로운 소확행"" 카카오프렌즈 담금주 키트 세트","19,800원",funny,상품상세설명 참조,,상품상세설명 참조,상품상세설명 참조,상품상세설명 참조,,상품상세설명 참조,,,,상품상세설명 참조,상품상세설명 참조,상품상세설명 참조,상품상세설명 참조,상품상세설명 참조,,,,,,,,,,,,,,,,,,,,,,,,,,,,,,,,,,
141,초밥인형 쵸바 26cm 18종 (CHOBA),"9,900원",funny,쵸바시리즈(Ver.1~ 3) 초밥인형/쿠션 26cm,상세페이지 참조,상세페이지 참조,(주)에스엔피토이월드,상품상세설명 참조,3세 이상,2016년 10월,상세페이지 참조,상세페이지 참조,CB064R2330-1001,KC자율안전확인,1544-2431,,,,,,,,,,,,,,,,,,,,,,,,,,,,,,,,,,,,,
142,"""골라먹는 재미"" 춘식이 랜덤 도자기 소주잔 4P세트-일반/흑기사/원샷 잔(톡별)","14,800원",funny,상품상세설명 참조,,상품상세설명 참조,상품상세설명 참조,상품상세설명 참조,,상품상세설명 참조,,,,구매일로부터 1년,(주)에이치앤프렌즈 031-754-7701 (업무시간 10:00~17:00),상품상세설명 참조,상품상세설명 참조,식품위생법에 따른 수입신고를 필함,,,,,,,,,,,,,,,,,,,,,,,,,,,,,,,,,,
143,"""귀여운 선물"" 붕어빵 냥이 키링 고양이 인형 열쇠고리 자동차 키 생일선물 쓸데없는 신박한 선물","9,800원",funny,상품상세설명 참조,,,상품상세설명 참조,상품상세설명 참조,,,,,,,,,,,상품상세설명 참조,상품상세설명 참조,,,,,,,,,,,,,,,,,,,,,,,,,,,,,,,,
144,"""퇴사/이직 선물"" ""도비는 자유예요!"" 재밌는 수건 3P 세트 (선물포장)","16,500원",funny,상품상세설명 참조,,,상품상세설명 참조,상품상세설명 참조,,,,,,,,,,,상품상세설명 참조,상품상세설명 참조,,,,,,,,,,,,,,,,,,,,,,,,,,,,,,,,
145,"""쓸모없는 선물"" 닭발 새다리 닭다리 양말 [킹받는 선물 웃긴 헬스장 타조 닭 치킨 재밌는 쓸데없는 인싸선물","7,500원",funny,,,,Shenzhen Products Company,중국,,,,,,관련법 및 소비자 분쟁해결 규정에 따름,070-8831-4371,,,,,,,,,양말,면 (Cotton),길이: 무릎 약 45-50cm  사이즈 free,상품상세설명 참조,,,,,,,,,,,,,,,,,,,,,,,,,
146,"""킹받쥬?"" 졸라맨 목걸이 친구 절친 우정 패션 악세사리 생일선물 쓸데없는 신박한 선물","9,800원",funny,상품상세설명 참조,,,상품상세설명 참조,상품상세설명 참조,,,,,,,,,,,상품상세설명 참조,상품상세설명 참조,,,,,,,,,,,,,,,,,,,,,,,,,,,,,,,,
147,[4개set]붕어빵파우치겸팔찌+브로치3개 4개set,"7,900원",funny,,,,더 문/박 솔,상품상세설명 참조,,,,,,미개봉 2주,1661-4086,,,,,,,,,지갑,폴리에스테르,상세페이지 기재,세탁에 주의하세요.,,,,,,,,,,,,,,,,,,,,,,,,,
148,"""귀여운 선물"" 힙 애벌레 키링 열쇠고리 자동차 키 인싸 생일선물 쓸데없는 신박한 선물","9,800원",funny,상품상세설명 참조,,,상품상세설명 참조,상품상세설명 참조,,,,,,,,,,,상품상세설명 참조,상품상세설명 참조,,,,,,,,,,,,,,,,,,,,,,,,,,,,,,,,
149,바잇미x최고심 행운 다람쥐 노즈워크 장난감,"15,900원",funny,상품상세설명 참조,,,바잇미,중국,,,,,,,,,,,해당사항없음,070-4188-1824,,,,,,,,,,,,,,,,,,,,,,,,,,,,,,,,
150,76902 - 맥라렌 엘바 / 레고 스피드챔피언,"30,600원",funny,76902,컨텐츠 참조,ABS수지,(주)레고코리아,기타국가,7+,2021.06,부품을 삼키지 않도록 주의하세요.,26.2cm x 14.1cm x 7.2cm,KC인증 CB061R2195-0020,제품 이상 시 공정거래위원회 고시 소비자분쟁해결기준에 의거 보상합니다.,레고코리아㈜ 080-022-3780,,,,,,,,,,,,,,,,,,,,,,,,,,,,,,,,,,,,,
151,New 쫀득모찌 빼빼롱 바디필로우 쿠션 100cm (톡별),"22,900원",funny,,상품상세설명 참조,,한빛아이티씨,중국,,,,,,공정거래위원회 고시(소비자분쟁해결기준)에 의거하여 보상해 드립니다.,031-8028-8800,,,,,,,,,,,100cm,,겉면 : 폴리에스터 94% 폴리우레탄 6% 충전재: 폴리에스터 100%,본품1개,"단독세탁, 건조기 울코스",,,,,,,,,,,,,,,,,,,,,,
152,집순이 빅후드담요 곰도리ver.(빅후드담요 +양말set)(톡별)_2,"29,900원",funny,상품상세설명 참조,,,상품상세설명 참조,상품상세설명 참조,,,,,,,,,,,상품상세설명 참조,상품상세설명 참조,,,,,,,,,,,,,,,,,,,,,,,,,,,,,,,,
153,말하는선인장 말따라하는선인장 인형 춤추는 움직이는 선인장,"17,900원",funny,다다랜드 춤추는 선인장 인형,"기본(초록),노란머리",섬유,다다랜드 협력사,중국,모두 가능,2021.01,배터리는 AA 3개가 들어갑니다.,15cm / 350g,KC인증 있음,없음,다다랜드 / 070-8691-3454,,,,,,,,,,,,,,,,,,,,,,,,,,,,,,,,,,,,,
154,포켓몬스터 메타몽 인형 30cm(퍼플),"17,900원",funny,포켓몬스터 메타몽 인형 M(퍼플),퍼플,폴리에스터,(주)누리플러스,중국,만 3세이상,2021.01,입으로 물거나 빨지 마시오. 불에 직접 닿거나 화기에가까이 두지 말 것!,225g /30cm,KC인증,A/S 책임자,,,,,,,,,,,,,,,,,,,,,,,,,,,,,,,,,,,,,,
155,"""쓸모없는 선물"" 에헴에헴 특별한 고서적 노트 3권세트","5,900원",funny,공책,,,젊은이마켓,상품상세설명 참조,,,,,,,,,,,해당사항 없음,070-4799-6044,,,,,,,,,,,,,,,,,,,,,,,,,,,,,,,,
156,"""생선맛집"" ""마감세일중"" 쓸모없는선물 리얼한 생선볼펜 5마리 한팩SET","7,900원",funny,상품상세설명 참조,,,상품상세설명 참조,상품상세설명 참조,,,,,,,,,,,상품상세설명 참조,상품상세설명 참조,,,,,,,,,,,,,,,,,,,,,,,,,,,,,,,,
157,"""쓸모없는 선물"" 페퍼로니 피자 담요 낮잠 이불 집순이 사무실 학교 무릎 생일선물 쓸데없는 신박한 선물","16,900원",funny,상품상세설명 참조,,,상품상세설명 참조,상품상세설명 참조,,,,,,,,,,,상품상세설명 참조,상품상세설명 참조,,,,,,,,,,,,,,,,,,,,,,,,,,,,,,,,
158,"[얼굴형/주문제작] ""하나뿐인 나만의 쿠션"" 예쁜 인테리어 병맛쿠션 30cm","28,000원",funny,,상품상세설명 참조,,상품상세설명 참조,상품상세설명 참조,,,,,,상품상세설명 참조,상품상세설명 참조,,,,,,,,,,,상품상세설명 참조,,상품상세설명 참조,상품상세설명 참조,상품상세설명 참조,,,,,,,,,,,,,,,,,,,,,,
159,잔망루피 마우스 패드 (매운 맛),"6,900원",funny,상품상세설명 참조,,,상품상세설명 참조,상품상세설명 참조,,,,,,,,,,,상품상세설명 참조,상품상세설명 참조,,,,,,,,,,,,,,,,,,,,,,,,,,,,,,,,
160,"""귀여운 선물"" 양 슬리퍼 겨울 털 집순이 실내화 생일선물 쓸데없는 신박한 선물","11,800원",funny,상품상세설명 참조,,,상품상세설명 참조,상품상세설명 참조,,,,,,,,,,,상품상세설명 참조,상품상세설명 참조,,,,,,,,,,,,,,,,,,,,,,,,,,,,,,,,
161,"""쓸모없는 선물"" 거북이 등껍질 쿠션 등쿠션 애착 바디필로우 집순이 힐링 생일선물 쓸데없는 신박한 선물","27,500원",funny,상품상세설명 참조,,,상품상세설명 참조,상품상세설명 참조,,,,,,,,,,,상품상세설명 참조,상품상세설명 참조,,,,,,,,,,,,,,,,,,,,,,,,,,,,,,,,
162,"""쓸모없는 선물"" 외계인 선글라스 안경 왹져 셀카 코스튬 생일선물 쓸데없는 신박한 선물","6,800원",funny,상품상세설명 참조,,,상품상세설명 참조,상품상세설명 참조,,,,,,,,,,,상품상세설명 참조,상품상세설명 참조,,,,,,,,,,,,,,,,,,,,,,,,,,,,,,,,
163,"""집순이 남친"" 시즌2 소두곰 곰동석 쿠션필로우 3종택1 (톡별)","19,900원",funny,,"브라운,그레이",,(주)한빛아이티씨/(주)한빛아이티씨,중국,,,,,,"구입후 7일이내 반품가능, 상품의 하자의경우 1개월이내 교환반품가능/ 세탁한 경우 교환반품 어려울수 있음/",031-8028-8800 한빛아이티씨,,,,,,,,,,,47cm,,겉면: 폴리에스터 100% 충전재: 폴리에스터 100%,쿠션바디필로우 1개,30도 이하의 미지근한 물에서 분리하여 손세탁/표백제염색제 금지/ 기계건조 금지,,,,,,,,,,,,,,,,,,,,,,
164,[헤카테] 지갑이 두껍두껍 두꺼비 차량용방향제,"15,900원",funny,,,,,,,,,,,,,,,,,,,,,,,,,,,,,,,,,,[헤카테]지갑이 두껍두껍 두꺼비 차량용방향제,"자동차용-실내용,일반용-실내공간용",상품상세설명 참조,상품상세설명 참조,상품상세설명 참조,"한국,손끝",상품상세설명 참조,상품상세설명 참조,상품상세설명 참조,상품상세설명 참조,032-678-7773,,,,,
165,"""홈파티"" 원샷 6킬 NEW 소주디스펜서 + 술잔6P 세트 술게임 캠핑소품 쓸모없는선물 웃긴선물","9,800원",funny,상품상세설명 참조,,상품상세설명 참조,상품상세설명 참조,상품상세설명 참조,,상품상세설명 참조,,,,상품상세설명 참조,상품상세설명 참조,상품상세설명 참조,상품상세설명 참조,수입식품안전관리특별법에 따른 수입신고를 필함.,,,,,,,,,,,,,,,,,,,,,,,,,,,,,,,,,,
166,"""쓸모없는 선물"" 나비요정 세트 코스튬 홈파티 분장 생일선물 쓸데없는 신박한 선물","7,800원",funny,상품상세설명 참조,,,상품상세설명 참조,상품상세설명 참조,,,,,,,,,,,상품상세설명 참조,상품상세설명 참조,,,,,,,,,,,,,,,,,,,,,,,,,,,,,,,,
167,"""이벤트 파티용품"" 할로윈 파티 공주 티아라 왕관 요술봉 세트 [공주놀이 큐빅 보석 신박한 쓸데없는 선물]","6,500원",funny,하트 큐빅 티아라 매직완드,,,Shenzhen Products Company,중국,,,,,,,,,,,해당사항 없음,크리에이티브크루/070-8831-4371,,,,,,,,,,,,,,,,,,,,,,,,,,,,,,,,
168,"""쓸모없는 선물 추천"" 문신 타투 팔토시 선물 BEST 8종 2 SET 기획 (2X2=4개입)","5,800원",funny,상품상세설명 참조,,,상품상세설명 참조,상품상세설명 참조,,,,,,,,,,,상품상세설명 참조,상품상세설명 참조,,,,,,,,,,,,,,,,,,,,,,,,,,,,,,,,
169,거짓말탐지기 전기 진동 파티용품,"15,900원",funny,상품상세설명 참조,,,상품상세설명 참조,상품상세설명 참조,,,,,,,,,,,상품상세설명 참조,상품상세설명 참조,,,,,,,,,,,,,,,,,,,,,,,,,,,,,,,,
170,콩순이화장대,"9,900원",funny,Toy Dresser (콩순이 공주 거울 화장대),혼합색상(이미지참조),ABS,RONGTONG TOYS,상품상세설명 참조,37개월이상,2017년04월,-보호자께서는 어린이가 사용하기 전에 취급 방법을 충분히 설명한 후에 사용하게 해주세요.-예상치 못한 사고의 위험이 있으므로 보호자와 함께 놀이 해주십시오.-화기에 가까이 두면 제품의 제품에 손상이 갈 수 있으므로 화기에 직접 가까이 하지 말 것.,"패키지사이즈 : 450 x 210 x 325 (mm), 중량 약 2kg",CB063R577-7003,관련 법 및 소비자 분쟁해결 규정에 따름.,제품 본사 소비자 고객센터 : 031-985-2305,,,,,,,,,,,,,,,,,,,,,,,,,,,,,,,,,,,,,
171,'공주들의 시크릿 파티' 공주 3종 세트 (머리띠+요술봉+장갑),"9,900원",funny,'공주들의 시크릿 파티' 공주 3종 세트,,,(주)바나나코퍼레이션,중국,,,,,,,,,,,해당없음,070-7649-1717,,,,,,,,,,,,,,,,,,,,,,,,,,,,,,,,
172,[조카선물] 드림카 무선조종 RC카,"9,900원",funny,드림카,"빨강,검정 외",ABS외,(주)비앤씨,상품상세설명 참조,4세이상,2016년 7월이후,장시간 미사용시 건전지를 빼주세요,상세페이지 참조,상세페이지 참조,기준에 따릅니다.,(주)비앤씨 031-764-2916,,,,,,,,,,,,,,,,,,,,,,,,,,,,,,,,,,,,,
173,귀여운 오리 의자 방석 등받이 사무실 쿠션,"22,900원",funny,상품상세설명 참조,,,상품상세설명 참조,상품상세설명 참조,,,,,,,,,,,상품상세설명 참조,상품상세설명 참조,,,,,,,,,,,,,,,,,,,,,,,,,,,,,,,,
174,"""쓸모없는선물"" 반면 문어인형 키링 키홀더 에어팟 가방 키링 10cm","4,900원",funny,반전문어키링(색상랜덤),,,젊은이마켓,중국,,,,,,,,,,,해당없음,젊은이마켓/032-672-6046,,,,,,,,,,,,,,,,,,,,,,,,,,,,,,,,
175,"""쓸모없는 선물"" 메타몽 반지 목걸이 세트 생일선물 쓸데없는 신박한 선물","9,800원",funny,상품상세설명 참조,,,상품상세설명 참조,상품상세설명 참조,,,,,,,,,,,상품상세설명 참조,상품상세설명 참조,,,,,,,,,,,,,,,,,,,,,,,,,,,,,,,,
176,[단독판매] 집순이 5단계 조절 좌식의자 1인소파,"32,900원",funny,,상품상세설명 참조,,상품상세설명 참조,상품상세설명 참조,,,,,상품상세설명 참조,상품상세설명 참조,상품상세설명 참조,상품상세설명 참조,상품상세설명 참조,,,,,,,,,,,,,,,,,,,,,,,,,,,,,,,상품상세설명 참조,상품상세설명 참조,상품상세설명 참조,,
177,겨울 꾸러기 롱 수면양말 1+1 [패션 양털 수족냉증 여성 여자 두꺼운 극세사 따뜻한],"8,000원",funny,꾸러기 패션양말,,,Shenzhen Products Company,중국,,,,,,,,,,,해당사항없음,070-8831-4371,,,,,,,,,,,,,,,,,,,,,,,,,,,,,,,,
178,"""귀여운선물"" [귀여운선물]미니미 레트로 독서등 컬러미니스탠드조명 2개세트","7,900원",funny,상품상세설명 참조,,,상품상세설명 참조,상품상세설명 참조,,,,,,,,,,,상품상세설명 참조,상품상세설명 참조,,,,,,,,,,,,,,,,,,,,,,,,,,,,,,,,
179,"""쓸모없는 선물"" 웃긴 인싸 8비트 픽셀 모자이크 선글라스 안경","4,500원",funny,8비트 선글라스,,,젊은이마켓,중국,,,,,,,,,,,해당없음,젊은이마켓 / 032-672-6046,,,,,,,,,,,,,,,,,,,,,,,,,,,,,,,,
180,"""쓸모없는 선물"" 미노이 선글라스 안경 코스튬 분장 생일선물 쓸데없는 신박한 선물","7,800원",funny,상품상세설명 참조,,,상품상세설명 참조,상품상세설명 참조,,,,,,,,,,,상품상세설명 참조,상품상세설명 참조,,,,,,,,,,,,,,,,,,,,,,,,,,,,,,,,
181,문송합니다 이과생 손목시계,"8,880원",funny,문송합니다 이과생 손목 시계,,,㈜바나나코퍼레이션,중국,,,,,,,,,,,해당없음,070-7649-1717,,,,,,,,,,,,,,,,,,,,,,,,,,,,,,,,
182,"""스트레스 날려"" 시바스키 배치기 모찌 뚱쿠션 바디필로우 80cm 2종택1 (톡별)","29,900원",funny,,"시바(베이지),허스키(그레이)",,(주)한빛아이티씨/(주)한빛아이티씨,중국,,,,,,"구입후 7일이내 반품가능, 상품의 하자의경우 1개월이내 교환반품가능/ 세탁한 경우 교환반품 어려울수 있음/",031-8028-8800 한빛아이티씨,,,,,,,,,,,80cm,,겉면: 폴리에스터 100% 충전재: 폴리에스터 100%,쿠션바디필로우 1개,30도 이하의 미지근한 물에서 분리하여 손세탁/표백제염색제 금지/ 기계건조 금지,,,,,,,,,,,,,,,,,,,,,,
183,"""네 옆에 오징어"" 초대형 오징어 쿠션 바디필로우 90cm (톡별) (코튼푸드)","29,900원",funny,,베이지,,(주)에스엔피토이월드,상품상세설명 참조,,,,,,KC자율안전확인,02-2603-6580,,,,,,,,,,,"폭 20cm, 높이 90cm",,겉감 폴리에스터 100% / 안감 일반솜,코튼푸드 오징어 바디필로우 1개,"세탁기/건조기 사용가능하며, 행굼시 섬유 유연제를 넣으면 더 부드럽습니다. 일반 건조시 그늘에서 하루이상 건조 후 가볍게 치면서 모양을 만져주세요.",,,,,,,,,,,,,,,,,,,,,,
184,"""쓸모없는 선물"" 반려 애완 돌 키우기 생일 선물 / 친구 센스있는 소박한 쓸데없는 선물 꿀잼 힐링","11,900원",funny,반려 애완 돌 키우기,,,바시움아뜰리에,돌-한국/매트-중국,,,,,,,,,,,해당없음,070-4121-6313,,,,,,,,,,,,,,,,,,,,,,,,,,,,,,,,
185,귀여운 붕어빵 그립 스마트 톡 [겨울 핸드폰 스마트폰 핑거그립 휴대폰톡 손잡이 거치대],"9,900원",funny,붕어빵 스마트톡,,,아라망,한국,,,,,,,,,,,해당사항 없음,크리에이티브크루/070-8831-4371,,,,,,,,,,,,,,,,,,,,,,,,,,,,,,,,
186,모찌 익명이 캐릭터 인형 베이비 25cm [애착 봉제 안고자는 폭신한 중형 익명인형],"19,800원",funny,익명이 베이비 인형,상품상세설명 참조,상품상세설명 참조,"DREAM TOYS INTERNATIONAL CO., LTD. / (주)세영코리아",중국,상품상세설명 참조,상품상세설명 참조,상품상세설명 참조,상품상세설명 참조,어린이제품 안전확인 : CB063R265-20017,관련법 및 소비자 분쟁해결 규정에 따름,(주)크리에이티브크루 / 070-8831-4371,,,,,,,,,,,,,,,,,,,,,,,,,,,,,,,,,,,,,
187,"""쓸모없는 선물"" 알파카 인형 (46cm) 애착 바디필로우 생일선물 쓸데없는 신박한 선물","19,800원",funny,상품상세설명 참조,,,상품상세설명 참조,상품상세설명 참조,,,,,,,,,,,상품상세설명 참조,상품상세설명 참조,,,,,,,,,,,,,,,,,,,,,,,,,,,,,,,,
188,"입을 수 있는 담요, 집순이 담요 (따뜻한 잠옷 겸용)","14,800원",funny,"입을 수 있는 담요, 집순이 담요",,,바나나빌딩,상품상세설명 참조,,,,,,,,,,,해당사항 없음,070-7649-1717,,,,,,,,,,,,,,,,,,,,,,,,,,,,,,,,
189,"""귀여운 선물"" 개구리 인형 키링 열쇠고리 자동차 키 인싸템 생일선물 쓸데없는 신박한 선물","9,800원",funny,상품상세설명 참조,,,상품상세설명 참조,상품상세설명 참조,,,,,,,,,,,상품상세설명 참조,상품상세설명 참조,,,,,,,,,,,,,,,,,,,,,,,,,,,,,,,,
190,"""다들 귀엽다고 난리"" 구미베어 캔들 세트","14,500원",funny,,,,,,,,,,,,,,,,,,,,,,,,,,,,,,,,,,상품상세설명 참조,방향용 / 분사형-기타(연소형),상품상세설명 참조,상품상세설명 참조,상품상세설명 참조,대한민국 / 오제티캔들,상품상세설명 참조,상품상세설명 참조,상품상세설명 참조,상품상세설명 참조,상품상세설명 참조,,,,,
191,"""완벽한 휴식"" 집순이 홈캠핑 벌룬빈백 1인소파+공기주입기 증정","28,900원",funny,,"네이비, 레드",,상품상세설명 참조,중국,,,,,-,-,070-7808-1112,빈백,상품상세설명 참조,,,,,,,,,,,,,,,,,,,,,,,,,,,,,,,집순이 벌룬빈백,벨벳 pvc,배송비 무료,,
192,"""귀여운 선물"" 병아리 가방 인형 파우치 크로스백 지퍼백 동물 애착 생일선물 쓸데없는 신박한 선물","10,900원",funny,상품상세설명 참조,,,상품상세설명 참조,상품상세설명 참조,,,,,,,,,,,상품상세설명 참조,상품상세설명 참조,,,,,,,,,,,,,,,,,,,,,,,,,,,,,,,,
193,"""쓸모없는선물"" [주문제작] 얼굴캔들 쓸모없는선물 내친구얼굴 (얼굴 캔들 쓸데없는 선물)","17,900원",funny,,,,,,,,,,,,,,,,,,,,,,,,,,,,,,,,,,얼굴캔들,분사형-기타(연소형),해당사항 없음,약 110g,해당사항 없음,대한민국/ 셉튜플,해당사항없음,상품상세설명 참조,1.불에 타지 않는 초 받침대를 사용하시오 2.용기를 던지거나 떨어뜨리지 마시오 3.피부가 민감하거나 손상된 사람은 제품을 장기간 접촉하지 않도록 주의하시오 4.주의사항을 따르지 않으면 화재나 부상의 원인이 될 수 있습니다.,CB22-26-0480,010-4584-3063,,,,,
194,정품 짱구는 못말려 큐티 낮잠쿠션 3종택1,"17,800원",funny,정품 짱구는 못말려 큐티 낮잠쿠션 3종택1,,,상품상세설명 참조,한국,,,,,,,,,,,상품상세설명 참조,카카오챗봇 문의: https://www.whitecotton.kr/ (화이트코튼 홈페이지 카톡상담 버튼 클릭) (카카오톡 채널 '화이트코튼' 추가 후 채널상담),,,,,,,,,,,,,,,,,,,,,,,,,,,,,,,,
195,"""비눗방울이 팡팡"" 카카오프렌즈 춘식이 버블 머신","25,900원",funny,상세이미지 참조,,,상세이미지 참조,상세이미지 참조,,,,,,,,,,,상세이미지 참조,상세이미지 참조,,,,,,,,,,,,,,,,,,,,,,,,,,,,,,,,
196,슈렉 뜨개질 모자,"12,900원",funny,슈렉 뜨개질 모자,,,바나나빌딩,상품상세설명 참조,,,,,,,,,,,해당사항 없음,070-7649-1717,,,,,,,,,,,,,,,,,,,,,,,,,,,,,,,,
197,"""쓸모없는 선물"" 패딩 컵 홀더 캔 음료 얼죽아 보냉 생일선물 쓸데없는 신박한 선물","12,800원",funny,상품상세설명 참조,,,상품상세설명 참조,상품상세설명 참조,,,,,,,,,,,상품상세설명 참조,상품상세설명 참조,,,,,,,,,,,,,,,,,,,,,,,,,,,,,,,,
198,자동 2단 권총우산,"16,900원",funny,자동 2단 권총 우산,,,㈜바나나코퍼레이션,중국,,,,,,,,,,,해당없음,070-7649-1717,,,,,,,,,,,,,,,,,,,,,,,,,,,,,,,,
199,"""잘자요 꿀룡이"" 꿀룡이 모찌 공룡 바디필로우 (톡별)","29,900원",funny,상품상세설명 참조,상품상세설명 참조,상품상세설명 참조,상품상세설명 참조,상품상세설명 참조,상품상세설명 참조,상품상세설명 참조,상품상세설명 참조,상품상세설명 참조,상품상세설명 참조,상품상세설명 참조,상품상세설명 참조,,,,,,,,,,,,,,,,,,,,,,,,,,,,,,,,,,,,,
200,[집들이선물] 모래멍 샌드아트 원형 오브제 3D 모래시계 4colors,"14,500원",funny,샌드아트 모래시계,,,홈즈,중국OEM,,,,,,,,,,,상세페이지 참조,070-8064-0754,,,,,,,,,,,,,,,,,,,,,,,,,,,,,,,,
201,이케아 DJUNGELSKOG 오랑우탄 인형/원숭이 인형 (IKEA),"25,300원",funny,상품상세설명 참조,,,상품상세설명 참조,상품상세설명 참조,,,,,,,,,,,상품상세설명 참조,상품상세설명 참조,,,,,,,,,,,,,,,,,,,,,,,,,,,,,,,,
202,레토 짱구는 못말려 캐릭터 LED 무드등,"9,900원",funny,레토 짱구는 못말려 피규어 미니 무드등,,,(주)한일디아이,상품상세설명 참조,,,,,,,,,,,CB064R2013-0002,"(주)레토지엠에스, 1544-3867",,,,,,,,,,,,,,,,,,,,,,,,,,,,,,,,
203,"""좀 느려도 괜찮아"" 나무늘보 동물인형 롱베개 바디필로우 쿠션","19,900원",funny,,상품상세설명 참조,,(주)나라홈데코,중국,,,,,,관련 법 및 소비자 분쟁해결 규정에 따름,070-4335-5522,,,,,,,,,,,35 x 67 x 19,,"폴리에스터96%, 폴리우레탄4% / 충전재 : 폴리에스터100%",바디필로우1개,· 미지근한 물에 중성세제를 사용하십시오. · 물에 오래 담궈 놓지 마십시오. · 스팀 건조 하지 하십시오. · 세제는 되도록 적게 사용하십시오. · 섬유유연제 사용 하지 마십시오. · 불에 닿지 않도록 주의하십시오. · 소비자 부주의로 인한 제품 손실은 보상 되지 않으니 주의하십시오.,,,,,,,,,,,,,,,,,,,,,,
204,안전벨트 커버_헬로리틀라이언/헬로리틀어피치,"12,000원",funny,안전벨트 커버_헬로리틀라이언 8809814928775 / 안전벨트 커버_헬로리틀어피치 8809814928782,,,"제조자 : QINGDAO YOYO BELL INDUSTRY AND TRADE CO.,LTD 수입자 : A&amp;Z코퍼레이션",중국,,,,,,,,,,,해당사항 없음,카카오프렌즈 고객센터 1577-6263,,,,,,,,,,,,,,,,,,,,,,,,,,,,,,,,
205,짱구는 못말려 무릎담요 140x100 2colors,"12,000원",funny,,상품상세설명 참조,,상품상세설명 참조,상품상세설명 참조,,,,,,상품상세설명 참조,상품상세설명 참조,,,,,,,,,,,상품상세설명 참조,,상품상세설명 참조,상품상세설명 참조,상품상세설명 참조,,,,,,,,,,,,,,,,,,,,,,
206,"""사랑한다면 곰처럼"" [귀여운선물] 내친구 곰돌이 브라우니 베어 곰인형 애착인형 35cm","21,900원",funny,상품상세설명 참조,,,상품상세설명 참조,상품상세설명 참조,,,,,,,,,,,상품상세설명 참조,상품상세설명 참조,,,,,,,,,,,,,,,,,,,,,,,,,,,,,,,,
207,[화들짝 나무씨] 모찌 바디필로우 대형쿠션 (2종 택1),"29,800원",funny,,상품상세설명 참조,,제조원(Y.M Arts &amp; Crafts) 수입원(이투컬렉션),상품상세설명 참조,,,,,,소비자 분쟁 해결 기준에 의거,상품상세설명 참조,,,,,,,,,,,상품상세설명 참조,,상품상세설명 참조,상품상세설명 참조,상품상세설명 참조,,,,,,,,,,,,,,,,,,,,,,
208,"""소품에 찰떡 포인트"" 춘식이 인형 키링 파자마&장난감 2종택1","15,800원",funny,상세이미지 참조,,,상세이미지 참조,상세이미지 참조,,,,,,,,,,,상세이미지 참조,상세이미지 참조,,,,,,,,,,,,,,,,,,,,,,,,,,,,,,,,
209,"""작아도 왕 귀여운"" 춘식이 피규어 키링 고구마&팝콘 2종택1","12,900원",funny,상세이미지 참조,,,상세이미지 참조,상세이미지 참조,,,,,,,,,,,상세이미지 참조,상세이미지 참조,,,,,,,,,,,,,,,,,,,,,,,,,,,,,,,,
210,모션감지 센서등(건전지타입)_라이언/춘식이,"32,000원",funny,모션감지 센서등(건전지타입)_라이언 8809814927112 / 모션감지 센서등(건전지타입)_춘식이 8809814927129,,,아르덴,중국,,2022. 07,,,전자파적합등록번호 R-R-EvS-TEC-0019,본 제품은 공정거래위원회 고시 소비자 분쟁해결기준에 의거 교환 및 보상을 받으실 수 있습니다.,카카오프렌즈 고객센터 1577-6263,,,,,,3A 0.45W / AAA건전지x3개 사용,약 11*11*3.6cm,-모션 센서 움직임 감지 -밝기 조절 -내장 자석으로 탈부착 가능 -30M-1H-2H 타이머 설정,,,,,,,,,,,,,,,,,,,,,,,,,,,,,
211,볼통통 짱구 얼굴 접이식 테이블 / 짱구 굿즈 테이블,"31,900원",funny,,상세페이지 참조,,아이캔컴퍼니,대한민국,,,,,상세페이지 참조,소비자분쟁해결기준(공정거래위원회 고시) 및 관계법령에 따릅니다.,고객센터 031-541-5446,짱구 접이식 테이블 4종 중 1ea,"짱구얼굴-(w)595 x (d)428 x (h)270mm / 흰둥이, 해바라기반 짱구, 짱구는 못말려-(w)595 x (d)475 x (h)270mm (+/-1cm)",,,,,,,,,,,,,,,,,,,,,,,,,,,,,,,짱구 접이식 테이블 4종 (짱구얼굴 / 흰둥이 / 해바라기반 짱구 / 짱구는 못말려),상판 - E1등급 MDF 12T / 다리 - 분체도장 철제다리,전국무료배송,,
212,"[에센셜오일+문구토퍼 증정] ""향기 가득한"" 공기정화식물 스칸디아모스 책(톡별)","24,900원",funny,스칸디아모스 책,,,힐링스토리,대한민국,,,,,,,,,,,해당사항없음,힐링스토리 / 02-6013-7571,,,,,,,,,,,,,,,,,,,,,,,,,,,,,,,,
213,"""숙면 메이트"" 짱구와 친구들 수면안대 7종택1","12,800원",funny,"""꿀잠선물 추천템"" 짱구와 친구들 수면안대 7종택1",,,제이앤컴퍼니,중국,,,,,,,,,,,해당없음,070-8671-0436,,,,,,,,,,,,,,,,,,,,,,,,,,,,,,,,
214,크리스마스 댄싱 트리 춤추는 인형,"28,900원",funny,춤추는 댄싱 트리,,,바시움플라워 협력사,중국,,,,,,,,,,,해당없음,070-4121-6313,,,,,,,,,,,,,,,,,,,,,,,,,,,,,,,,
215,"""포근한 잠자리 정석"" ""자꾸만 손이 가는 촉감!"" 모찌 바디쿠션 바디필로우 3종택1 (톡별)","12,900원",funny,,상품상세설명 참조,,상품상세설명 참조,상품상세설명 참조,,,,,,상품상세설명 참조,상품상세설명 참조,,,,,,,,,,,상품상세설명 참조,,상품상세설명 참조,상품상세설명 참조,상품상세설명 참조,,,,,,,,,,,,,,,,,,,,,,
216,"""여친선물"" 90's 하이틴감성 레인보우 토끼 곰돌이 인형키링 보들보들 가방키링 귀여운선물","11,900원",funny,상품상세설명 참조,,,상품상세설명 참조,상품상세설명 참조,,,,,,,,,,,상품상세설명 참조,상품상세설명 참조,,,,,,,,,,,,,,,,,,,,,,,,,,,,,,,,
217,소파 리모컨 거치대_라이언&춘식이,"29,000원",funny,,,,"DONGGUAN XINPU KEJI CO.,LTD [수입자명] ㈜클로스업",중국,,,,,,본 제품은 공정거래위원회 고시 소비자 분쟁해결기준에 의거 교환 및 보상을 받으실 수 있습니다.,카카오프렌즈 고객센터 1577-6263,,,,,,,,,리모컨거치대,"ABS, PVC",약 11*10*8.7cm,"1. 제품 용도 이외에는 사용하지 마십시오. 2. 작은 부품이 있으니 절대 입에 넣고 물거나 빨지 않도록 주의 하십시오. 3. 불에 직접 닿거나 가까이 하지 마십시오. 화기나 열에 가까이 할 경우 제품의 변형이 발생할 수 있습니다. 4. 만14세 미만의 어린이가 사용하기에는 부적절하나, 만약 사용하게 된다면 보호자의 눈에 띄는곳에서 사용하게 하십시오. 5. 강한 충격에 의한 파손에 주의하세요. 6. 사용자의 부주의로 인한 파손 및 변질은 책임지지 않습니다. 7. 표면의 작은 기포와 점, 금형라인 등은 제작공정상 발생하는 자연스러운 현상으로 불량이 아닙니다.",,,,,,,,,,,,,,,,,,,,,,,,,
218,최고심 춘식이 미니 키체인 인형,"12,000원",funny,,,,토이스토리,중국,,,,,,본 제품은 공정거래위원회 고시 소비자 분쟁해결기준에 의거 교환 및 보상을 받으실 수 있습니다.,카카오프렌즈 고객센터 1577-6263,,,,,,,,,미니 키체인 인형,폴리에스터 100%,약 8*5*13cm,1. 포장은 반드시 부모님(보호자)께서 개봉해 주시고 분리수거해 주십시오. 2. 제품 용도 이외에는 사용하지 마십시오. 3. 입에 넣고 물거나 빨지 않도록 주의하십시오. 4. 불에 직접 닿거나 가까이하지 마십시오. 5. 세탁기 사용을 금하고 손으로 세탁하여 주십시오. 6. 물에 젖을 경우 그늘에서 말려 주십시오. ※ 경고: 경고! 3세 미만의 어린이는 사용할 수 없음. 작은 부품을 포함하고 있음,,,,,,,,,,,,,,,,,,,,,,,,,
219,"""세상에서 가장 행복한 동물"" 쿼카 소프트 규조토 발매트 2종택1 (톡별)","11,900원",funny,상품상세설명 참조,,,수입자 : 메세,상품상세설명 참조,,,,,,,,,,,해당없음,메세고객센터 070-7122-6004,,,,,,,,,,,,,,,,,,,,,,,,,,,,,,,,
220,"""생일선물"" 90's하이틴감성 보들보들 촉감 레인보우인형-중형 레인보우토끼 무지개인형 토끼인형 애착인형","15,900원",funny,상품상세설명 참조,,,상품상세설명 참조,상품상세설명 참조,,,,,,,,,,,상품상세설명 참조,상품상세설명 참조,,,,,,,,,,,,,,,,,,,,,,,,,,,,,,,,
221,"""귀여워 빡쳐랑"" 호랑이 얼굴 쿠션","16,900원",funny,"""귀여워 빡쳐랑"" 호랑이 얼굴쿠션",,,상품상세설명 참조,상품상세설명 참조,,,,,,,,,,,상품상세설명 참조,"카카오 챗 봇 문의: 카카오 채널에서 ""화이트코튼"" 추가 후 문의 바랍니다.",,,,,,,,,,,,,,,,,,,,,,,,,,,,,,,,
222,"""꿀잠이 필요할때"" 짱구 이모션 수면안대 4종택1 (톡별)","12,800원",funny,"""꿀잠이 필요할때"" 짱구 이모션 수면안대 4종",,,제이앤컴퍼니,중국,,,,,,,,,,,해당없음,070-8671-0436,,,,,,,,,,,,,,,,,,,,,,,,,,,,,,,,
223,뚱냥이 고양이 모찌 애착 인형 쿠션,"17,400원",funny,[토이웍스] KC정품 뚱냥이 고양이 모찌 애착 인형 쿠션,,,상품상세설명 참조,한국,,,,,,,,,,,상품상세설명 참조,'카카오챗봇 문의: https://www.whitecotton.kr/ (화이트코튼 홈페이지 카톡상담 버튼 클릭)',,,,,,,,,,,,,,,,,,,,,,,,,,,,,,,,
224,라이언 크리미 맥주 거품기,34%,funny,라이언 크리미 맥주 거품기 8809814925460,,,아르덴,중국,,2022.05,,,R-R-EvS-TEC-0011,본 제품은 공정거래위원회 고시 소비자 분쟁해결기준에 의거 교환 및 보상을 받으실 수 있습니다.,카카오프렌즈 고객센터 1577-6263,,,,,,3V/450mA / AAA배터리 2개 (배터리 미포함),"약 78*95.5*57.9mm, 55.3g 내외",-부드러운 맥주 거품 -편리한 휴대성 -세척이 필요 없는 간편한 사용,,,,,,,,,,,,,,,,,,,,,,,,,,,,,
225,"""뒷태보라냥"" 고양이 뒷태냥 미끄럼방지 발매트 2종택1","14,900원",funny,상품상세설명 참조,,,수입자 : 메세,상품상세설명 참조,,,,,,,,,,,해당없음,메세고객센터 070-7122-6004,,,,,,,,,,,,,,,,,,,,,,,,,,,,,,,,
226,도어스토퍼_식빵 춘식이,"20,000원",funny,도어스토퍼_식빵 춘식이 8809814921424,,,주식회사 토이스토리,중국,,,,,,,,,,,해당사항 없음,카카오프렌즈 고객센터 1577-6263,,,,,,,,,,,,,,,,,,,,,,,,,,,,,,,,
227,"""빛나게 한 잔"" New 춘식이 글라스 라이트 무드등 (톡별)","19,800원",funny,상품상세설명 참조,,,상품상세설명 참조,상품상세설명 참조,,,,,,,,,,,상품상세설명 참조,상품상세설명 참조,,,,,,,,,,,,,,,,,,,,,,,,,,,,,,,,
228,[디자인선물] 다비드 조각상 머그컵 5colors,"15,000원",funny,다비드 조각상 머그컵 5colors,,,220VSHOP,상품상세설명 참조,,,,,,,,,,,해당없음,032-661-2203,,,,,,,,,,,,,,,,,,,,,,,,,,,,,,,,
229,다용도걸이 2P SET_라이언&춘식이,"13,000원",funny,다용도걸이 2P SET_라이언&amp;춘식이 8809814924777,,,필코,중국,,,,,,,,,,,해당사항 없음,카카오프렌즈 고객센터 1577-6263,,,,,,,,,,,,,,,,,,,,,,,,,,,,,,,,
230,춘식이 페이스 계산기,"18,000원",funny,춘식이 페이스 계산기 8809814924333,,,㈜필코인터내셔날,중국,,,,,,,,,,,해당사항 없음,카카오프렌즈 고객센터 1577-6263,,,,,,,,,,,,,,,,,,,,,,,,,,,,,,,,
231,혀땳은앙꼬 마우스패드,"8,000원",funny,혀땳은앙꼬 마우스패드&nbsp;8809814920755,,,애플민트,한국,,,,,,,,,,,해당없음,카카오프렌즈 고객센터 1577-6263,,,,,,,,,,,,,,,,,,,,,,,,,,,,,,,,
232,혀땳은앙꼬 실리콘 폰그립,"13,000원",funny,혀땳은앙꼬 실리콘 폰그립 8809814923763,,,(주)아스카코리아,중국,,,,,,,,,,,해당사항 없음,카카오프렌즈 고객센터 1577-6263,,,,,,,,,,,,,,,,,,,,,,,,,,,,,,,,
233,편리한 분리수거함,"22,000원",funny,편리한 분리수거함 8809814920946,,,hy물산,중국,,,,,,,,,,,해당없음,카카오프렌즈 고객센터 1577-6263,,,,,,,,,,,,,,,,,,,,,,,,,,,,,,,,
234,"""빵순이"" 원숭이 얼굴 쿠션","16,900원",funny,"""빵순이"" 원숭이 얼굴쿠션",,,상품상세설명 참조,대한민국,,,,,,,,,,,상품상세설명 참조,"카카오 챗 봇 문의: 카카오 채널에서 ""화이트코튼"" 추가 후 문의 바랍니다.",,,,,,,,,,,,,,,,,,,,,,,,,,,,,,,,
235,"""쓸모있는선물"" [집들이선물] 빨아쓰는 체커보드 미니러그 욕실 발매트 3종","9,900원",funny,상품상세설명 참조,,,상품상세설명 참조,상품상세설명 참조,,,,,,,,,,,상품상세설명 참조,상품상세설명 참조,,,,,,,,,,,,,,,,,,,,,,,,,,,,,,,,
236,KC정품 후드티 돼지 초대형 애착 인형 90cm,"34,900원",funny,KC정품 후드티 돼지 초대형 애착 인형 90cm,,,상품상세설명 참조,상품상세설명 참조,,,,,,,,,,,상품상세설명 참조,"카카오 챗 봇 문의: 카카오 채널에서 ""화이트코튼"" 추가 후 문의 바랍니다.",,,,,,,,,,,,,,,,,,,,,,,,,,,,,,,,
237,마음을 전해줄고양 춘식이 인형,"32,000원",funny,마음을 전해줄고양 춘식이 인형 8809814922780,오렌지 외,[표면] 폴리에스터 100% [솜] 폴리에스터 100%,토이스토리,중국,3세 이상,2021.11,1. 포장은 반드시 부모님(보호자)께서 개봉해 주시고 분리수거해 주십시오. 2. 제품 용도 이외에는 사용하지 마십시오. 3. 입에 넣고 물거나 빨지 않도록 주의하십시오. 4. 불에 직접 닿거나 가까이하지 마십시오. 5. 세탁기 사용을 금하고 손으로 세탁하여 주십시오. 6. 물에 젖을 경우 그늘에서 말려 주십시오.,"약 160*290*160mm, 265g 내외",CB063R1575-1031,본 제품은 공정거래위원회 고시 소비자 분쟁해결기준에 의거 교환 및 보상을 받으실 수 있습니다.,카카오프렌즈 고객센터 1577-6263,,,,,,,,,,,,,,,,,,,,,,,,,,,,,,,,,,,,,
238,부들부들 흰둥이 접이식 테이블 / 짱구 굿즈 테이블,"31,900원",funny,,상세페이지 참조,,아이캔컴퍼니,대한민국,,,,,상세페이지 참조,소비자분쟁해결기준(공정거래위원회 고시) 및 관계법령에 따릅니다.,고객센터 031-541-5446,짱구 접이식 테이블 4종 중 1ea,"짱구얼굴-(w)595 x (d)428 x (h)270mm / 흰둥이, 해바라기, 짱구는 못말려-(w)595 x (d)475 x (h)270mm (+/-1cm)",,,,,,,,,,,,,,,,,,,,,,,,,,,,,,,짱구 접이식 테이블 4종 (짱구얼굴 / 흰둥이 / 해바라기반 짱구 / 짱구는 못말려),상판 - E1등급 MDF 12T / 다리 - 분체도장 철제다리,전국무료배송,,
239,"""호랑이띠선물"" [썸머선물증정]""다 비켜. 범석이 내려온다."" 소두인형 호랑이 인형 범띠선물 선글라스세트","19,900원",funny,상품상세설명 참조,,,상품상세설명 참조,상품상세설명 참조,,,,,,,,,,,상품상세설명 참조,상품상세설명 참조,,,,,,,,,,,,,,,,,,,,,,,,,,,,,,,,
240,최고심 춘식이 나는짱 폰케이스,"12,000원",funny,,,,아스카코리아,중국,,,,,,본 제품은 공정거래위원회 고시 소비자 분쟁해결기준에 의거 교환 및 보상을 받으실 수 있습니다.,카카오프렌즈 고객센터 1577-6263,,,,,,,,,폰케이스,TPU,약 7.5x14.9x1cm 내외,"1. 고온에 장시간 노출될 경우 재질의 특성상 제품의 변형이 일어날 수 있습니다. 2. 직사광선 또는 제품의 재질에 손상을 줄 수 있는 환경 또는 물질에 의한 변색이 일어날 수 있습니다. 3. 제품 착탈 시 과도한 힘은 제품 또는 기기에 손상을 줄 수 있습니다. 4. 본 제품은 휴대폰 사용에 편리함을 더하는 보조제품으로, 스마트폰의 낙하로 인한 파손 자체를 방지하거나 충격을 흡수하는 제품이 아닙니다. 낙하로 인한 스마트폰 및 제품의 파손은 소비자의 과실로 인한 파손이므로 보상이 어려움을 유의하여 사용하십시오. 5. 강한 충격에 의한 파손에 주의하십시오.",,,,,,,,,,,,,,,,,,,,,,,,,
241,피치파이브 미니키체인_퍼피치/슈비룹빠,"13,000원",funny,,,,굿데이즈,중국,,,,,,본 제품은 공정거래위원회 고시 소비자 분쟁해결기준에 의거 교환 및 보상을 받으실 수 있습니다.,카카오프렌즈 고객센터 1577-6263,,,,,,,,,키체인,[표면] 폴리에스터 100% [솜] 폴리에스터 100%,"피치파이브 미니키체인_퍼 8.5*11.5*5.5cm, 32g / 피치파이브 미니키체인_피 8.5*8.5*8cm, 31g / 피치파이브 미니키체인_치 9.5*9*5.5cm, 31g / 피치파이브 미니키체인_슈비룹빠 4.5*9*6cm, 32g","1. 포장은 반드시 부모님(보호자)께서 개봉해 주시고 분리수거해 주십시오. 2. 제품 용도 이외에는 사용하지 마십시오. 3. 입에 넣고 물거나 빨지 않도록 주의하십시오. 4. 불에 직접 닿거나 가까이하지 마십시오. 5. 세탁기 사용을 금하고 손으로 세탁하여 주십시오. 6. 물에 젖을 경우 그늘에서 말려 주십시오.  1. Make sure that the packaging is opened and removed by the guardian's watch. 2. Do not use other than purpose. 3. Do not put into mouth. 4. Keep away from fire.  5. Do not machine wash, hand wash please. 6. Dry in cool place if it’s wet.",,,,,,,,,,,,,,,,,,,,,,,,,
242,혀땳은앙꼬 세안밴드,"13,000원",funny,혀땳은앙꼬 세안밴드 8809814923817,,,굿데이즈,중국,,,,,,,,,,,해당사항 없음,카카오프렌즈 고객센터 1577-6263,,,,,,,,,,,,,,,,,,,,,,,,,,,,,,,,
243,죠르디&앙몬드 자석 다용도걸이,"17,000원",funny,EveryYay 자석 다용도 걸이세트_라&amp;춘 8809814927525,,,필코,중국,,,,,,,,,,,해당사항 없음,카카오프렌즈 고객센터 1577-6263,,,,,,,,,,,,,,,,,,,,,,,,,,,,,,,,
244,줄타는 산타인형,"11,900원",funny,줄타는산타,,,젊은이마켓,상품상세설명 참조,,,,,,,,,,,상품페이지 참조,032 - 672 - 6046,,,,,,,,,,,,,,,,,,,,,,,,,,,,,,,,
245,"""시크릿쥬쥬 화장놀이"" 시크릿쥬쥬 별의여신 립스틱 컴팩트 공주 역할놀이","9,900원",funny,상품상세설명 참조,상품상세설명 참조,상품상세설명 참조,상품상세설명 참조,상품상세설명 참조,상품상세설명 참조,상품상세설명 참조,상품상세설명 참조,상품상세설명 참조,상품상세설명 참조,상품상세설명 참조,상품상세설명 참조,,,,,,,,,,,,,,,,,,,,,,,,,,,,,,,,,,,,,
246,춘식이 칫솔꽂이,"13,000원",funny,춘식이 칫솔꽂이 8809814923251,,,㈜필코인터내셔날,중국,,,,,,,,,,,해당사항 없음,카카오프렌즈 고객센터 1577-6263,,,,,,,,,,,,,,,,,,,,,,,,,,,,,,,,
247,세안 밴드_젤리라이언&춘식이,"12,000원",funny,세안 밴드_젤리라이언&amp;춘식이 8809814923985,,,굿앤디자인,중국,,,,,,,,,,,해당사항 없음,1577-6263,,,,,,,,,,,,,,,,,,,,,,,,,,,,,,,,
248,춘식이 비치볼,"13,000원",funny,춘식이 비치볼 8809814926467,혼합,PVC,"[제조자] BOLOU COUNTY LONGHUA CHANG FA PLASTIC CO., LTD.  [수입자] 위니코니㈜",중국,,2022.06,,,,본 제품은 공정거래위원회 고시 소비자 분쟁해결기준에 의거 교환 및 보상을 받으실 수 있습니다.,카카오프렌즈 고객센터 1577-6263,,,,,,,,,,,,,,비치볼 1개,,,,,,,,,,,,,,,,,,,,,,"지름 40cm, 110g",인증번호 CB064R1733-8001
249,춘식이 형압 패드 파우치,"32,000원",funny,,,,주식회사 굿앤디자인,중국,,,,,,본 제품은 공정거래위원회 고시 소비자 분쟁해결기준에 의거 교환 및 보상을 받으실 수 있습니다.,카카오프렌즈 고객센터 1577-6263,,,,,,,,,패드 파우치,"[외부] PU, EVA [내부] 폴리에스터,지퍼슬라이더 : PVC","[외부] 약 23.5*28.5*3.5cm (+-3%) [내부] 가로:약 18.5cm, 세로:약 24.5cm","1. 용도 이외에는 사용하지 마십시오. 2. 충격, 화기, 직사광선, 고온에 주의하십시오. 3. 날카로운 물건을 가까이하지 마십시오. 제품이 손상될 수 있습니다. 4. 어두운 색 상품(옷, 가방 등)과의 마찰은 피해 주시기 바랍니다. 5. 제품이 이염 되었을 경우 부드러운 천으로 가볍게 닦아 주시기 바랍니다. 6. 생산 과정상 미세한 흠집이나 인쇄 오차가 발생할 수 있으나 이는 불량이 아닙니다. 7. 재질의 특성상 다른 제품과 마찰 시 오염이나 인쇄가 벗겨질 수 있으니 주의하시기 바랍니다. 8. 재질의 특성상 약간의 이취가 발생할 수 있으나 시간이 지나면 자연스럽게 사라집니다. 9. 소비자 부주의로 인한 제품 손상은 보상되지 않으므로 위 사항을 준수하십시오.",,,,,,,,,,,,,,,,,,,,,,,,,
250,"""쓸모없는선물"" 허기워기 인형 파피플레이타임 장난감 허기허기 키시미시 애착 마미롱레그 대디롱레그","15,800원",funny,다다랜드 파피플레이타임 허기워기 키시미시 인형,상세페이지 참조,섬유,다다랜드 협력사,중국,8세 이상,2021년,"불 가까이에 두지마세요. 세탁할 경우, 단독 세탁해주세요.",약 40cm,kc인증 완료,자체 KC인증 완료,다다랜드 / 07086913454,,,,,,,,,,,,,,,,,,,,,,,,,,,,,,,,,,,,,
251,죠르디 양치타이머,"18,000원",funny,죠르디 양치타이머 8809814920786,,,(주)아스카코리아,상품상세설명 참조,,,,,,,,,,,해당없음,카카오프렌즈 고객센터 1577-6263,,,,,,,,,,,,,,,,,,,,,,,,,,,,,,,,
252,실리콘 얼음틀_춘식이,"13,000원",funny,실리콘 얼음틀_춘식이 8809814923534,,Silicone,㈜필코인터내셔날,중국,,2021.11,,,,본 제품은 공정거래위원회 고시 소비자 분쟁해결기준에 의거 교환 및 보상을 받으실 수 있습니다.,카카오프렌즈 고객센터 1577-6263,얼음틀 1개,"45* 59*47mm, 34g",수입식품등의 수입신고확인증 2CA2021100664578,,,,,,,,,,,,,,,,,,,,,,,,,,,,,,,,,,
253,러쉬앤파이트 펀치볼 복싱다이어트,"6,900원",funny,상품상세설명 참조,,,상품상세설명 참조,상품상세설명 참조,,,,,,,,,,,상품상세설명 참조,상품상세설명 참조,,,,,,,,,,,,,,,,,,,,,,,,,,,,,,,,
254,"""쥬쥬매직피아노 기타"" [여아선물] 시크릿쥬쥬 매직피아노 기타 LED 키보드 멜로디 완구","15,800원",funny,상품상세설명 참조,상품상세설명 참조,상품상세설명 참조,상품상세설명 참조,중국,상품상세설명 참조,상품상세설명 참조,상품상세설명 참조,상품상세설명 참조,상품상세설명 참조,제품 이상시 공정거래위원회 고시 소비자분쟁해결기준에 의거 보상합니다.,080-031-1919,,,,,,,,,,,,,,,,,,,,,,,,,,,,,,,,,,,,,
255,렛츠서프 춘식이 왕얼음틀,"18,000원",funny,렛츠서프 춘식이 왕얼음틀 8809814926016,,Silicone,㈜필코인터내셔날,중국,,2022.07,,,,본 제품은 공정거래위원회 고시 소비자 분쟁해결기준에 의거 교환 및 보상을 받으실 수 있습니다.,카카오프렌즈 고객센터 1577-6263,얼음틀 1개,"약 15*15*2.9cm, 146g 내외",수입식품등의 수입신고확인증 2CA2022700352486,,,,,,,,,,,,,,,,,,,,,,,,,,,,,,,,,,
256,백팩커스 벌레퇴치모기향홀더_라이언&춘식이,"18,000원",funny,백팩커스 벌레퇴치모기향 홀더_춘식이 8809814923299,,,더디바인,중국,,,,,,,,,,,해당사항 없음,카카오프렌즈 고객센터 1577-6263,,,,,,,,,,,,,,,,,,,,,,,,,,,,,,,,
257,무직타이거x카카오프렌즈 꿀주잔 세트 80ml,"17,000원",funny,무직타이거x카카오프렌즈 꿀주잔 세트 80ml 8809814927938,,유리,파울러스,중국,,2022.10,,,,본 제품은 공정거래위원회 고시 소비자 분쟁해결기준에 의거 교환 및 보상을 받으실 수 있습니다.,카카오프렌즈 고객센터 1577-6263,소주잔 세트,5*5*6.2cm / 80ml,해당사항 없음,,,,,,,,,,,,,,,,,,,,,,,,,,,,,,,,,,
258,쿨앳홈 감성 무드등 별 가랜드 조명,"6,500원",funny,상품상세설명 참조,,,상품상세설명 참조,상품상세설명 참조,,,,,,,,,,,상품상세설명 참조,상품상세설명 참조,,,,,,,,,,,,,,,,,,,,,,,,,,,,,,,,
259,"""자취선물"" [집들이선물] 이런식빵 각티슈케이스 휴지커버 쓸모없는선물","11,900원",funny,상품상세설명 참조,,,상품상세설명 참조,상품상세설명 참조,,,,,,,,,,,상품상세설명 참조,상품상세설명 참조,,,,,,,,,,,,,,,,,,,,,,,,,,,,,,,,
260,"""티니핑 해피데이세트"" 캐치티니핑 해피데이세트 워터스티커 열쇠고리 키링 랜덤발송","9,900원",funny,상품상세설명 참조,상품상세설명 참조,상품상세설명 참조,상품상세설명 참조,한국,상품상세설명 참조,상품상세설명 참조,상품상세설명 참조,상품상세설명 참조,상품상세설명 참조,제품 이상시 공정거래위원회 고시 소비자분쟁해결기준에 의거 보상합니다.,02-3159-7156,,,,,,,,,,,,,,,,,,,,,,,,,,,,,,,,,,,,,
261,수납포켓_라이언,"18,000원",funny,수납포켓_라이언 8809814924111,,,㈜공감미투,중국,,,,,,,,,,,KC (공급자 적합성으로 KC만 표기),카카오프렌즈 고객센터 1577-6263,,,,,,,,,,,,,,,,,,,,,,,,,,,,,,,,
262,스마트한 수납이 가능한 테크 파우치,"18,000원",funny,,,,(주)로운컴퍼니,중국,,,,,,본 제품은 공정거래위원회 고시 소비자 분쟁해결기준에 의거 교환 및 보상을 받으실 수 있습니다.,카카오프렌즈 고객센터 1577-6263,,,,,,,,,파우치,PU,"약 12.5*16.5*4.5cm, 109g 내외",1. 강한 충격에 의한 파손에 주의하십시오. 2. 화기에 주의하십시오. 3. 용도 이외에는 사용하지 마십시오. 4. 어린이가 사용하지 않도록 안전한 곳에 보관하세요. 5. 날카로운 것에 손상될 수 있으니 주의하십시오.,,,,,,,,,,,,,,,,,,,,,,,,,
263,시크릿쥬쥬 블링블링 공주 놀이 왕관 세트,"16,900원",funny,시크릿쥬쥬 블링블링 공주 놀이 왕관 세트,다양한 색상,플라스틱,다다랜드 협력사,대한민국,상세페이지 참조,2019.06,부서질 가능성이 있으나 강한 재질이므로 크게 문제없음,상세페이지 참조,상세페이지 참조,없음,다다랜드 / 07086913454,,,,,,,,,,,,,,,,,,,,,,,,,,,,,,,,,,,,,
264,최고심 춘식이 세컷 스티커,"4,500원",funny,최고심 춘식이 세컷 스티커 8809814927792,,,배원인쇄사,한국,,,,,,,,,,,해당사항 없음,카카오프렌즈 고객센터 1577-6263,,,,,,,,,,,,,,,,,,,,,,,,,,,,,,,,
265,시원한아이스머그_라이언/어피치,46%,funny,시원한아이스머그_라이언 8809814926221 / 시원한아이스머그_어피치 8809814926238,,폴리스티렌(PS) 외,TAIZHOU HUANGYAN SHANGHAI PLASTIC FACTORY [수입자명] (주) 더디바인,중국,,2022.06,,,,본 제품은 공정거래위원회 고시 소비자 분쟁해결기준에 의거 교환 및 보상을 받으실 수 있습니다.,카카오프렌즈 고객센터 1577-6263,아이스머그 1개,"약 9*9*15cm, 370g 내외 /355ml",식검 완료,,,,,,,,,,,,,,,,,,,,,,,,,,,,,,,,,,
266,심플아이콘 멀티보틀 1000ml 1+1,"8,900원",funny,심플아이콘 멀티보틀,,"PETG,PP",파라트레이딩,대한민국,,202101,,,,해당관련법규에 따름,에스엘컴퍼니 031-963-7284,본품 1+1,19.5x10.5cm/1000ml,해당사항없음,,,,,,,,,,,,,,,,,,,,,,,,,,,,,,,,,,
267,캐치티니핑 캔디 냉장고,"8,900원",funny,티니핑 왕 데코 스티커 캐치티니핑 띠부띠부씰,,,다다랜드 협력사,대한민국,,,,,,,,,,,상세페이지 참조,다다랜드 / 07086913454,,,,,,,,,,,,,,,,,,,,,,,,,,,,,,,,
268,최고심 춘식이 다재다능 박스테이프,"8,000원",funny,최고심 춘식이 다재다능 박스테이프 8809814927600,,,주식회사 담음,한국,,,,,,,,,,,해당사항 없음,카카오프렌즈 고객센터 1577-6263,,,,,,,,,,,,,,,,,,,,,,,,,,,,,,,,
269,나난x니니즈 롱롱타임 분재 팝업카드,"12,000원",funny,나난x니니즈 롱롱타임 분재 팝업카드 8809814925828,,,드림인쇄,한국,,,,,,,,,,,해당사항 없음,카카오프렌즈 고객센터 1577-6263,,,,,,,,,,,,,,,,,,,,,,,,,,,,,,,,
270,"""포켓몬 스타일워치"" [조카선물] 포켓몬 몬스터볼 스타일워치 1P 개별포장 랜덤발송","9,900원",funny,상품상세설명 참조,상품상세설명 참조,상품상세설명 참조,상품상세설명 참조,중국,상품상세설명 참조,상품상세설명 참조,상품상세설명 참조,상품상세설명 참조,공급자적합성,제품 이상시 공정거래위원회 고시 소비자분쟁해결기준에 의거 보상합니다.,031-922-6669,,,,,,,,,,,,,,,,,,,,,,,,,,,,,,,,,,,,,
271,"""가벼운선물"" [응원선물]폭신 식빵 귀여운 차량용목쿠션 2P세트 사무실목쿠션 목베개 실용적인선물","19,900원",funny,상품상세설명 참조,,,상품상세설명 참조,상품상세설명 참조,,,,,,,,,,,상품상세설명 참조,상품상세설명 참조,,,,,,,,,,,,,,,,,,,,,,,,,,,,,,,,
272,"""디저트 쌓기놀이"" 씽크 디저트 쌓기놀이 31P 보드게임 감각발달 완구","11,900원",funny,상품상세설명 참조,상품상세설명 참조,상품상세설명 참조,상품상세설명 참조,상품상세설명 참조,상품상세설명 참조,상품상세설명 참조,상품상세설명 참조,상품상세설명 참조,상품상세설명 참조,상품상세설명 참조,상품상세설명 참조,,,,,,,,,,,,,,,,,,,,,,,,,,,,,,,,,,,,,
273,푸쉬팝 키링_라이언/춘식이,"12,000원",funny,,,,(주)아스카코리아,중국,,,,,,본 제품은 공정거래위원회 고시 소비자 분쟁해결기준에 의거 교환 및 보상을 받으실 수 있습니다.,카카오프렌즈 고객센터 1577-6263,,,,,,,,,푸쉬팝 키링,실리콘,"푸쉬팝 키링_초코렛 라이언 5.8*10.2*1.5cm, 41g / 푸쉬팝 키링_말랑젤리 춘식이 6.8*9.5*1.9cm, 43g","1. 제품 용도 이외에는 사용하지 마십시오. 2. 입에 넣고 물거나 빨지 않도록 주의 하십시오. 3. 작은 부품이 있으니 절대 입에 넣지 마세요. 4. 불에 직접 닿거나 가까이 하지 마십시오. 5. 8세 미만의 어린이가 사용하기에 부적절하나, 만약 사용하게 된다면 보호자의 눈에 띄는 곳에서 사용하게 하십시오. 6. 강한 충격에 의한 파손에 주의 하십시오.",,,,,,,,,,,,,,,,,,,,,,,,,
274,라이언x오뚜기 폰케이스,"12,000원",funny,,,,(주)아스카코리아,중국,,,,,,본 상품은 공정거래위원회 고시 소비자분쟁해결 기준에 의거 교환 및 보상 받을 수 있습니다.,카카오프렌즈 고객센터 1577-6263,,,,,,,,,폰케이스,TPU,"(I12,pro)&nbsp;약 7.4*14.8*0.9cm, 19g / I11pro)&nbsp;약 7.3*14.5*1cm, 19g / (I11)&nbsp;약 7.9*15.2*1cm, 22g","1)&nbsp;본 제품은 스마트폰 사용에 편리함을 더하는 보조제품으로, 스마트폰의 낙하로 인한 파손 자체를 방지하거나 충격을 흡수하는 제품이 아닙니다. 2) 낙하로 인한 스마트폰 및 제품의 파손은 소비자의 과실로 인한 파손이므로 보상이 어렵습니다. 3) 고온에 장시간 노출될 경우 재질의 특성상 제품의 변형이 일어날 수 있습니다. 4) 제품 착탈 시 과도한 힘은 제품 또는 기기에 손상을 줄 수 있습니다.&nbsp; 5) 사용자의 부주의로 인한 파손 및 변질은 책임지지 않습니다.",,,,,,,,,,,,,,,,,,,,,,,,,
275,[집들이선물] 웰컴러그 4종 일러스트발매트,"7,900원",funny,상품상세설명 참조,,,상품상세설명 참조,상품상세설명 참조,,,,,,,,,,,상품상세설명 참조,상품상세설명 참조,,,,,,,,,,,,,,,,,,,,,,,,,,,,,,,,
276,"""X-MAS"" 춤추는 크리스마스 트리 소품 장식 산타모음 4종","19,800원",funny,상품상세설명 참조,,,홈즈,중국OEM,,,,,,,,,,,상품상세설명 참조,070-8064-0754,,,,,,,,,,,,,,,,,,,,,,,,,,,,,,,,
277,말하는 허기워기 선인장 인형 말따라하는 장난감 허기위기 허기허기,"16,900원",funny,말하는 허기워기 선인장 인형 말따라하는 장난감 허기위기 허기허기,,,다다랜드 협력사,중국,,,,,,,,,,,어린이 안전확인 kc 인증,다다랜드 / 07086913454,,,,,,,,,,,,,,,,,,,,,,,,,,,,,,,,
